[
  {
    "playlistTitle": "Hidden Italian Villages",
    "placeName": "Italy",
    "subtype": "poi",
    "source_urls": [
      "https://traveltriangle.com/blog/villages-in-italy/"
    ],
    "description": "Soundtrack for winding stone lanes, sunlit courtyards and secret piazzas in Italy's quiet villages.",
    "items": [
      {
        "name": "Anghiari, Tuscany",
        "section_title": "Anghiari, Tuscany",
        "section_excerpt": "",
        "description": "",
        "travel_time": "",
        "price": "",
        "location_hint": "Italy",
        "category_hint": null,
        "scope": "poi",
        "query_hints": [
          "Anghiari, Tuscany",
          "Anghiari, Tuscany Italy"
        ],
        "anchor_city": "Italy",
        "source_title": "Hidden Italian Villages",
        "source_url": "https://traveltriangle.com/blog/villages-in-italy/",
        "votes": 1,
        "opening_hours_text": "",
        "entry_fee_text": ""
      },
      {
        "name": "Cortina d’Ampezzo, Veneto",
        "section_title": "Cortina d’Ampezzo, Veneto",
        "section_excerpt": "",
        "description": "",
        "travel_time": "",
        "price": "",
        "location_hint": "Italy",
        "category_hint": null,
        "scope": "poi",
        "query_hints": [
          "Cortina d’Ampezzo, Veneto",
          "Cortina d’Ampezzo, Veneto Italy"
        ],
        "anchor_city": "Italy",
        "source_title": "Hidden Italian Villages",
        "source_url": "https://traveltriangle.com/blog/villages-in-italy/",
        "votes": 1,
        "opening_hours_text": "",
        "entry_fee_text": ""
      },
      {
        "name": "Tropea, Calabria",
        "section_title": "Tropea, Calabria",
        "section_excerpt": "",
        "description": "",
        "travel_time": "",
        "price": "",
        "location_hint": "Italy",
        "category_hint": null,
        "scope": "poi",
        "query_hints": [
          "Tropea, Calabria",
          "Tropea, Calabria Italy"
        ],
        "anchor_city": "Italy",
        "source_title": "Hidden Italian Villages",
        "source_url": "https://traveltriangle.com/blog/villages-in-italy/",
        "votes": 1,
        "opening_hours_text": "",
        "entry_fee_text": ""
      },
      {
        "name": "Norcia, Umbria",
        "section_title": "Norcia, Umbria",
        "section_excerpt": "",
        "description": "",
        "travel_time": "",
        "price": "",
        "location_hint": "Italy",
        "category_hint": null,
        "scope": "poi",
        "query_hints": [
          "Norcia, Umbria",
          "Norcia, Umbria Italy"
        ],
        "anchor_city": "Italy",
        "source_title": "Hidden Italian Villages",
        "source_url": "https://traveltriangle.com/blog/villages-in-italy/",
        "votes": 1,
        "opening_hours_text": "",
        "entry_fee_text": ""
      },
      {
        "name": "Belluno, Veneto",
        "section_title": "Belluno, Veneto",
        "section_excerpt": "",
        "description": "",
        "travel_time": "",
        "price": "",
        "location_hint": "Italy",
        "category_hint": null,
        "scope": "poi",
        "query_hints": [
          "Belluno, Veneto",
          "Belluno, Veneto Italy"
        ],
        "anchor_city": "Italy",
        "source_title": "Hidden Italian Villages",
        "source_url": "https://traveltriangle.com/blog/villages-in-italy/",
        "votes": 1,
        "opening_hours_text": "",
        "entry_fee_text": ""
      },
      {
        "name": "Monte Isola, Lombardy",
        "section_title": "Monte Isola, Lombardy",
        "section_excerpt": "",
        "description": "",
        "travel_time": "",
        "price": "",
        "location_hint": "Italy",
        "category_hint": null,
        "scope": "poi",
        "query_hints": [
          "Monte Isola, Lombardy",
          "Monte Isola, Lombardy Italy"
        ],
        "anchor_city": "Italy",
        "source_title": "Hidden Italian Villages",
        "source_url": "https://traveltriangle.com/blog/villages-in-italy/",
        "votes": 1,
        "opening_hours_text": "",
        "entry_fee_text": ""
      },
      {
        "name": "Collodi, Tuscany",
        "section_title": "Collodi, Tuscany",
        "section_excerpt": "",
        "description": "",
        "travel_time": "",
        "price": "",
        "location_hint": "Italy",
        "category_hint": null,
        "scope": "poi",
        "query_hints": [
          "Collodi, Tuscany",
          "Collodi, Tuscany Italy"
        ],
        "anchor_city": "Italy",
        "source_title": "Hidden Italian Villages",
        "source_url": "https://traveltriangle.com/blog/villages-in-italy/",
        "votes": 1,
        "opening_hours_text": "",
        "entry_fee_text": ""
      },
      {
        "name": "Pacentro, Abruzzo",
        "section_title": "Pacentro, Abruzzo",
        "section_excerpt": "",
        "description": "",
        "travel_time": "",
        "price": "",
        "location_hint": "Italy",
        "category_hint": null,
        "scope": "poi",
        "query_hints": [
          "Pacentro, Abruzzo",
          "Pacentro, Abruzzo Italy"
        ],
        "anchor_city": "Italy",
        "source_title": "Hidden Italian Villages",
        "source_url": "https://traveltriangle.com/blog/villages-in-italy/",
        "votes": 1,
        "opening_hours_text": "",
        "entry_fee_text": ""
      },
      {
        "name": "Bosa, Sardinia",
        "section_title": "Bosa, Sardinia",
        "section_excerpt": "",
        "description": "",
        "travel_time": "",
        "price": "",
        "location_hint": "Italy",
        "category_hint": null,
        "scope": "poi",
        "query_hints": [
          "Bosa, Sardinia",
          "Bosa, Sardinia Italy"
        ],
        "anchor_city": "Italy",
        "source_title": "Hidden Italian Villages",
        "source_url": "https://traveltriangle.com/blog/villages-in-italy/",
        "votes": 1,
        "opening_hours_text": "",
        "entry_fee_text": ""
      },
      {
        "name": "San Vito Lo Capo, Sicily",
        "section_title": "San Vito Lo Capo, Sicily",
        "section_excerpt": "",
        "description": "",
        "travel_time": "",
        "price": "",
        "location_hint": "Italy",
        "category_hint": null,
        "scope": "poi",
        "query_hints": [
          "San Vito Lo Capo, Sicily",
          "San Vito Lo Capo, Sicily Italy"
        ],
        "anchor_city": "Italy",
        "source_title": "Hidden Italian Villages",
        "source_url": "https://traveltriangle.com/blog/villages-in-italy/",
        "votes": 1,
        "opening_hours_text": "",
        "entry_fee_text": ""
      }
    ]
  }
]