[
  {
    "playlistTitle": "Offbeat Finnish Villages",
    "placeName": "Finland",
    "subtype": "poi",
    "source_urls": [
      "https://traveltriangle.com/blog/villages-in-finland/"
    ],
    "description": "Wandering through Finland's hidden villages: mossy lanes, sauna smoke, quiet lakeside mornings.",
    "items": [
      {
        "name": "Hanko",
        "section_title": "Hanko",
        "section_excerpt": "",
        "description": "",
        "travel_time": "",
        "price": "",
        "location_hint": "Western part of the Uusimaa region, Finland",
        "category_hint": null,
        "scope": "poi",
        "query_hints": [
          "Hanko",
          "Hanko Finland",
          "Hanko Western part of the Uusimaa region, Finland"
        ],
        "anchor_city": "Finland",
        "source_title": "Offbeat Finnish Villages",
        "source_url": "https://traveltriangle.com/blog/villages-in-finland/",
        "votes": 1,
        "opening_hours_text": "",
        "entry_fee_text": ""
      },
      {
        "name": "Hossa",
        "section_title": "Hossa",
        "section_excerpt": "",
        "description": "",
        "travel_time": "",
        "price": "",
        "location_hint": "Oulu Province, Finland",
        "category_hint": null,
        "scope": "poi",
        "query_hints": [
          "Hossa",
          "Hossa Finland",
          "Hossa Oulu Province, Finland"
        ],
        "anchor_city": "Finland",
        "source_title": "Offbeat Finnish Villages",
        "source_url": "https://traveltriangle.com/blog/villages-in-finland/",
        "votes": 1,
        "opening_hours_text": "",
        "entry_fee_text": ""
      },
      {
        "name": "Saariselkä",
        "section_title": "Saariselkä",
        "section_excerpt": "",
        "description": "",
        "travel_time": "",
        "price": "",
        "location_hint": "Finnish Lapland, Northern Finland",
        "category_hint": null,
        "scope": "poi",
        "query_hints": [
          "Saariselkä",
          "Saariselkä Finland",
          "Saariselkä Finnish Lapland, Northern Finland"
        ],
        "anchor_city": "Finland",
        "source_title": "Offbeat Finnish Villages",
        "source_url": "https://traveltriangle.com/blog/villages-in-finland/",
        "votes": 1,
        "opening_hours_text": "",
        "entry_fee_text": ""
      },
      {
        "name": "Naantali",
        "section_title": "Naantali",
        "section_excerpt": "",
        "description": "",
        "travel_time": "",
        "price": "",
        "location_hint": "Southwest Coast, Finland",
        "category_hint": null,
        "scope": "poi",
        "query_hints": [
          "Naantali",
          "Naantali Finland",
          "Naantali Southwest Coast, Finland"
        ],
        "anchor_city": "Finland",
        "source_title": "Offbeat Finnish Villages",
        "source_url": "https://traveltriangle.com/blog/villages-in-finland/",
        "votes": 1,
        "opening_hours_text": "",
        "entry_fee_text": ""
      },
      {
        "name": "Savonlinna",
        "section_title": "Savonlinna",
        "section_excerpt": "",
        "description": "",
        "travel_time": "",
        "price": "",
        "location_hint": "Finnish Lakeland, Finland",
        "category_hint": null,
        "scope": "poi",
        "query_hints": [
          "Savonlinna",
          "Savonlinna Finland",
          "Savonlinna Finnish Lakeland, Finland"
        ],
        "anchor_city": "Finland",
        "source_title": "Offbeat Finnish Villages",
        "source_url": "https://traveltriangle.com/blog/villages-in-finland/",
        "votes": 1,
        "opening_hours_text": "",
        "entry_fee_text": ""
      },
      {
        "name": "Lohja",
        "section_title": "Lohja",
        "section_excerpt": "",
        "description": "",
        "travel_time": "",
        "price": "",
        "location_hint": "Southern Finland",
        "category_hint": null,
        "scope": "poi",
        "query_hints": [
          "Lohja",
          "Lohja Finland",
          "Lohja Southern Finland"
        ],
        "anchor_city": "Finland",
        "source_title": "Offbeat Finnish Villages",
        "source_url": "https://traveltriangle.com/blog/villages-in-finland/",
        "votes": 1,
        "opening_hours_text": "",
        "entry_fee_text": ""
      },
      {
        "name": "Salla",
        "section_title": "Salla",
        "section_excerpt": "",
        "description": "",
        "travel_time": "",
        "price": "",
        "location_hint": "Finnish Lapland, Northern Finland",
        "category_hint": null,
        "scope": "poi",
        "query_hints": [
          "Salla",
          "Salla Finland",
          "Salla Finnish Lapland, Northern Finland"
        ],
        "anchor_city": "Finland",
        "source_title": "Offbeat Finnish Villages",
        "source_url": "https://traveltriangle.com/blog/villages-in-finland/",
        "votes": 1,
        "opening_hours_text": "",
        "entry_fee_text": ""
      },
      {
        "name": "Rauma",
        "section_title": "Rauma",
        "section_excerpt": "",
        "description": "",
        "travel_time": "",
        "price": "",
        "location_hint": "Western coast, Finland",
        "category_hint": null,
        "scope": "poi",
        "query_hints": [
          "Rauma",
          "Rauma Finland",
          "Rauma Western coast, Finland"
        ],
        "anchor_city": "Finland",
        "source_title": "Offbeat Finnish Villages",
        "source_url": "https://traveltriangle.com/blog/villages-in-finland/",
        "votes": 1,
        "opening_hours_text": "",
        "entry_fee_text": ""
      },
      {
        "name": "Inari",
        "section_title": "Inari",
        "section_excerpt": "",
        "description": "",
        "travel_time": "",
        "price": "",
        "location_hint": "Lapland, Finland",
        "category_hint": null,
        "scope": "poi",
        "query_hints": [
          "Inari",
          "Inari Finland",
          "Inari Lapland, Finland"
        ],
        "anchor_city": "Finland",
        "source_title": "Offbeat Finnish Villages",
        "source_url": "https://traveltriangle.com/blog/villages-in-finland/",
        "votes": 1,
        "opening_hours_text": "",
        "entry_fee_text": ""
      },
      {
        "name": "Ruka",
        "section_title": "Ruka",
        "section_excerpt": "",
        "description": "",
        "travel_time": "",
        "price": "",
        "location_hint": "Kuusamo, Northern Finland",
        "category_hint": null,
        "scope": "poi",
        "query_hints": [
          "Ruka",
          "Ruka Finland",
          "Ruka Kuusamo, Northern Finland"
        ],
        "anchor_city": "Finland",
        "source_title": "Offbeat Finnish Villages",
        "source_url": "https://traveltriangle.com/blog/villages-in-finland/",
        "votes": 1,
        "opening_hours_text": "",
        "entry_fee_text": ""
      },
      {
        "name": "Hamina",
        "section_title": "Hamina",
        "section_excerpt": "",
        "description": "",
        "travel_time": "",
        "price": "",
        "location_hint": "Southern coast, Finland",
        "category_hint": null,
        "scope": "poi",
        "query_hints": [
          "Hamina",
          "Hamina Finland",
          "Hamina Southern coast, Finland"
        ],
        "anchor_city": "Finland",
        "source_title": "Offbeat Finnish Villages",
        "source_url": "https://traveltriangle.com/blog/villages-in-finland/",
        "votes": 1,
        "opening_hours_text": "",
        "entry_fee_text": ""
      }
    ]
  }
]