[
  {
    "playlistTitle": "French Village Escapade",
    "placeName": "France",
    "subtype": "destination",
    "source_urls": [
      "https://traveltriangle.com/blog/villages-in-france/"
    ],
    "description": "Wander cobbled lanes and sip café au lait—soundtrack for sunlit plazas and secret Provençal corners.",
    "items": [
      {
        "name": "Chamonix",
        "section_title": "Chamonix",
        "section_excerpt": "",
        "description": "",
        "travel_time": "",
        "price": "",
        "location_hint": "Haute-Savoie department, Auvergne-Rhone Alpes region, Southeastern France",
        "category_hint": null,
        "scope": "destination",
        "query_hints": [
          "Chamonix",
          "Chamonix France",
          "Chamonix Haute-Savoie department, Auvergne-Rhone Alpes region, Southeastern France"
        ],
        "anchor_city": "France",
        "source_title": "French Village Escapade",
        "source_url": "https://traveltriangle.com/blog/villages-in-france/",
        "votes": 1,
        "opening_hours_text": "",
        "entry_fee_text": ""
      },
      {
        "name": "Annecy",
        "section_title": "Annecy",
        "section_excerpt": "",
        "description": "",
        "travel_time": "",
        "price": "",
        "location_hint": "Haute-Savoie department, Auvergne-Rhone Alpes region, Southeastern France",
        "category_hint": null,
        "scope": "destination",
        "query_hints": [
          "Annecy",
          "Annecy France",
          "Annecy Haute-Savoie department, Auvergne-Rhone Alpes region, Southeastern France"
        ],
        "anchor_city": "France",
        "source_title": "French Village Escapade",
        "source_url": "https://traveltriangle.com/blog/villages-in-france/",
        "votes": 1,
        "opening_hours_text": "",
        "entry_fee_text": ""
      },
      {
        "name": "La Grave",
        "section_title": "La Grave",
        "section_excerpt": "",
        "description": "",
        "travel_time": "",
        "price": "",
        "location_hint": "Hautes-Alpes department, Southeastern France",
        "category_hint": null,
        "scope": "destination",
        "query_hints": [
          "La Grave",
          "La Grave France",
          "La Grave Hautes-Alpes department, Southeastern France"
        ],
        "anchor_city": "France",
        "source_title": "French Village Escapade",
        "source_url": "https://traveltriangle.com/blog/villages-in-france/",
        "votes": 1,
        "opening_hours_text": "",
        "entry_fee_text": ""
      },
      {
        "name": "Les Gets",
        "section_title": "Les Gets",
        "section_excerpt": "",
        "description": "",
        "travel_time": "",
        "price": "",
        "location_hint": "In the Haute-Savoie department, Auvergne-Rhone-Alpes Region, France",
        "category_hint": null,
        "scope": "destination",
        "query_hints": [
          "Les Gets",
          "Les Gets France",
          "Les Gets In the Haute-Savoie department, Auvergne-Rhone-Alpes Region, France"
        ],
        "anchor_city": "France",
        "source_title": "French Village Escapade",
        "source_url": "https://traveltriangle.com/blog/villages-in-france/",
        "votes": 1,
        "opening_hours_text": "",
        "entry_fee_text": ""
      },
      {
        "name": "Eguisheim",
        "section_title": "Eguisheim",
        "section_excerpt": "",
        "description": "",
        "travel_time": "",
        "price": "",
        "location_hint": "Haut-Rhin department, Grand Est Region, Northeastern France",
        "category_hint": null,
        "scope": "destination",
        "query_hints": [
          "Eguisheim",
          "Eguisheim France",
          "Eguisheim Haut-Rhin department, Grand Est Region, Northeastern France"
        ],
        "anchor_city": "France",
        "source_title": "French Village Escapade",
        "source_url": "https://traveltriangle.com/blog/villages-in-france/",
        "votes": 1,
        "opening_hours_text": "",
        "entry_fee_text": ""
      },
      {
        "name": "Rocamadour",
        "section_title": "Rocamadour",
        "section_excerpt": "",
        "description": "",
        "travel_time": "",
        "price": "",
        "location_hint": "Lot department, Occitanie region, Southwestern France",
        "category_hint": null,
        "scope": "destination",
        "query_hints": [
          "Rocamadour",
          "Rocamadour France",
          "Rocamadour Lot department, Occitanie region, Southwestern France"
        ],
        "anchor_city": "France",
        "source_title": "French Village Escapade",
        "source_url": "https://traveltriangle.com/blog/villages-in-france/",
        "votes": 1,
        "opening_hours_text": "",
        "entry_fee_text": ""
      },
      {
        "name": "Gordes",
        "section_title": "Gordes",
        "section_excerpt": "",
        "description": "",
        "travel_time": "",
        "price": "",
        "location_hint": "Vaucluse department, Provence-Alpes-Cote d'Azur region, Southeastern France",
        "category_hint": null,
        "scope": "destination",
        "query_hints": [
          "Gordes",
          "Gordes France",
          "Gordes Vaucluse department, Provence-Alpes-Cote d'Azur region, Southeastern France"
        ],
        "anchor_city": "France",
        "source_title": "French Village Escapade",
        "source_url": "https://traveltriangle.com/blog/villages-in-france/",
        "votes": 1,
        "opening_hours_text": "",
        "entry_fee_text": ""
      },
      {
        "name": "Saint-Paul-de-Vence",
        "section_title": "Saint-Paul-de-Vence",
        "section_excerpt": "",
        "description": "",
        "travel_time": "",
        "price": "",
        "location_hint": "Alpes-Maritimes department, Provence-Alpes-Cote d'Azur region, Southeastern France",
        "category_hint": null,
        "scope": "destination",
        "query_hints": [
          "Saint-Paul-de-Vence",
          "Saint-Paul-de-Vence Alpes-Maritimes department, Provence-Alpes-Cote d'Azur region, Southeastern France",
          "Saint-Paul-de-Vence France"
        ],
        "anchor_city": "France",
        "source_title": "French Village Escapade",
        "source_url": "https://traveltriangle.com/blog/villages-in-france/",
        "votes": 1,
        "opening_hours_text": "",
        "entry_fee_text": ""
      },
      {
        "name": "Beynac-et-Cazenac",
        "section_title": "Beynac-et-Cazenac",
        "section_excerpt": "",
        "description": "",
        "travel_time": "",
        "price": "",
        "location_hint": "Dordogne department, Nouvelle-Aquitaine region, Southwestern France",
        "category_hint": null,
        "scope": "destination",
        "query_hints": [
          "Beynac-et-Cazenac",
          "Beynac-et-Cazenac Dordogne department, Nouvelle-Aquitaine region, Southwestern France",
          "Beynac-et-Cazenac France"
        ],
        "anchor_city": "France",
        "source_title": "French Village Escapade",
        "source_url": "https://traveltriangle.com/blog/villages-in-france/",
        "votes": 1,
        "opening_hours_text": "",
        "entry_fee_text": ""
      },
      {
        "name": "Saint Emilion",
        "section_title": "Saint Emilion",
        "section_excerpt": "",
        "description": "",
        "travel_time": "",
        "price": "",
        "location_hint": "Gironde department, Nouvelle Aquitaine region, Southwestern France",
        "category_hint": null,
        "scope": "destination",
        "query_hints": [
          "Saint Emilion",
          "Saint Emilion France",
          "Saint Emilion Gironde department, Nouvelle Aquitaine region, Southwestern France"
        ],
        "anchor_city": "France",
        "source_title": "French Village Escapade",
        "source_url": "https://traveltriangle.com/blog/villages-in-france/",
        "votes": 1,
        "opening_hours_text": "",
        "entry_fee_text": ""
      },
      {
        "name": "Veules les Roses",
        "section_title": "Veules les Roses",
        "section_excerpt": "",
        "description": "",
        "travel_time": "",
        "price": "",
        "location_hint": "Seine-Maritime department, Normandy region, Northern France",
        "category_hint": null,
        "scope": "destination",
        "query_hints": [
          "Veules les Roses",
          "Veules les Roses France",
          "Veules les Roses Seine-Maritime department, Normandy region, Northern France"
        ],
        "anchor_city": "France",
        "source_title": "French Village Escapade",
        "source_url": "https://traveltriangle.com/blog/villages-in-france/",
        "votes": 1,
        "opening_hours_text": "",
        "entry_fee_text": ""
      }
    ]
  }
]