[
    {
        "place_id": "10014",
        "city_name": "Liege",
        "city_name_page": "liege"
    },
    {
        "place_id": "10018",
        "city_name": "Positano",
        "city_name_page": "positano"
    },
    {
        "place_id": "10028",
        "city_name": "Ulyanovsk",
        "city_name_page": "ulyanovsk"
    },
    {
        "place_id": "10044",
        "city_name": "Besancon",
        "city_name_page": "besancon"
    },
    {
        "place_id": "10073",
        "city_name": "Pavia",
        "city_name_page": "pavia"
    },
    {
        "place_id": "10158",
        "city_name": "Biarritz",
        "city_name_page": "biarritz"
    },
    {
        "place_id": "10158",
        "city_name": "Biarritz",
        "city_name_page": "biarritz"
    },
    {
        "place_id": "10164",
        "city_name": "Novokuznetsk",
        "city_name_page": "novokuznetsk"
    },
    {
        "place_id": "10176",
        "city_name": "Salou",
        "city_name_page": "salou"
    },
    {
        "place_id": "10208",
        "city_name": "Belgorod",
        "city_name_page": "belgorod"
    }
]