[
  {
    "place_id": "12205",
    "city_name": "Busseto",
    "city_name_page": "busseto"
  },
  {
    "place_id": "146634",
    "city_name": "Cabanas",
    "city_name_page": "cabanas"
  },
  {
    "place_id": "146940",
    "city_name": "Cap-Ferret",
    "city_name_page": "cap-ferret"
  },
  {
    "place_id": "11702",
    "city_name": "Carovigno",
    "city_name_page": "carovigno"
  },
  {
    "place_id": "15381",
    "city_name": "Casamicciola Terme",
    "city_name_page": "casamicciola-terme"
  },
  {
    "place_id": "15969",
    "city_name": "Cieszyn",
    "city_name_page": "cieszyn"
  },
  {
    "place_id": "11817",
    "city_name": "Cittadella",
    "city_name_page": "cittadella"
  },
  {
    "place_id": "14247",
    "city_name": "Dalkey",
    "city_name_page": "dalkey"
  },
  {
    "place_id": "14173",
    "city_name": "Erquy",
    "city_name_page": "erquy"
  },
  {
    "place_id": "11120",
    "city_name": "Fareham",
    "city_name_page": "fareham"
  },
  {
    "place_id": "14045",
    "city_name": "Fleet",
    "city_name_page": "fleet"
  },
  {
    "place_id": "78810",
    "city_name": "Flores",
    "city_name_page": "flores"
  },
  {
    "place_id": "11664",
    "city_name": "Galatina",
    "city_name_page": "galatina"
  },
  {
    "place_id": "13862",
    "city_name": "Gardone Riviera",
    "city_name_page": "the-gardone-riviera"
  },
  {
    "place_id": "61452",
    "city_name": "Haines City",
    "city_name_page": "haines-city"
  },
  {
    "place_id": "61011",
    "city_name": "Hobe Sound",
    "city_name_page": "hobe-sound"
  },
  {
    "place_id": "12217",
    "city_name": "Jaca",
    "city_name_page": "jaca"
  },
  {
    "place_id": "61159",
    "city_name": "Kohler",
    "city_name_page": "kohler"
  },
  {
    "place_id": "60833",
    "city_name": "Lawrenceburg",
    "city_name_page": "lawrenceburg"
  },
  {
    "place_id": "62073",
    "city_name": "Lawrenceburg",
    "city_name_page": "lawrenceburg"
  },
  {
    "place_id": "12603",
    "city_name": "New Ross",
    "city_name_page": "new-ross"
  },
  {
    "place_id": "60107",
    "city_name": "North Creek",
    "city_name_page": "north-creek"
  },
  {
    "place_id": "11808",
    "city_name": "Ortisei",
    "city_name_page": "ortisei"
  },
  {
    "place_id": "1673",
    "city_name": "Palampur",
    "city_name_page": "palampur"
  },
  {
    "place_id": "78768",
    "city_name": "Placencia",
    "city_name_page": "placencia"
  },
  {
    "place_id": "59446",
    "city_name": "Sierra Vista",
    "city_name_page": "sierra-vista"
  },
  {
    "place_id": "62129",
    "city_name": "Taylors Falls",
    "city_name_page": "taylors-falls"
  },
  {
    "place_id": "10937",
    "city_name": "Val d'Isere",
    "city_name_page": "val-disere"
  }
]