[
{"manual_id": "9612", "place_id": "9612", "city_name": "Sicily", "geoCategoryUrl": "https://wanderlog.com/list/geoCategory/198752/where-to-eat-best-restaurants-in-sicily"},
{"manual_id": "58149", "place_id": "58149", "city_name": "Oahu", "geoCategoryUrl": "https://wanderlog.com/list/geoCategory/203251/where-to-eat-best-restaurants-in-oahu"},
{"manual_id": "9632", "place_id": "9632", "city_name": "Tenerife", "geoCategoryUrl": "https://wanderlog.com/list/geoCategory/198756/where-to-eat-best-restaurants-in-tenerife"},
{"manual_id": "9628", "place_id": "9628", "city_name": "Crete", "geoCategoryUrl": "https://wanderlog.com/list/geoCategory/198755/where-to-eat-best-restaurants-in-crete"},
{"manual_id": "9619", "place_id": "9619", "city_name": "Sardinia", "geoCategoryUrl": "https://wanderlog.com/list/geoCategory/198753/where-to-eat-best-restaurants-in-sardinia"},
{"manual_id": "9627", "place_id": "9627", "city_name": "Majorca", "geoCategoryUrl": "https://wanderlog.com/list/geoCategory/198754/where-to-eat-best-restaurants-in-majorca"},
{"manual_id": "12", "place_id": "12", "city_name": "Phuket", "geoCategoryUrl": "https://wanderlog.com/list/geoCategory/197631/where-to-eat-best-restaurants-in-phuket"},
{"manual_id": "9648", "place_id": "9648", "city_name": "Island of Malta", "geoCategoryUrl": "https://wanderlog.com/list/geoCategory/198759/where-to-eat-best-restaurants-in-island-of-malta"},
{"manual_id": "58165", "place_id": "58165", "city_name": "Key West", "geoCategoryUrl": "https://wanderlog.com/list/geoCategory/203254/where-to-eat-best-restaurants-in-key-west"},
{"manual_id": "9671", "place_id": "9671", "city_name": "Lanzarote", "geoCategoryUrl": "https://wanderlog.com/list/geoCategory/198762/where-to-eat-best-restaurants-in-lanzarote"},
{"manual_id": "81177", "place_id": "81177", "city_name": "Puerto Rico", "geoCategoryUrl": "https://wanderlog.com/list/geoCategory/205678/where-to-eat-best-restaurants-in-puerto-rico"},
{"manual_id": "58044", "place_id": "58044", "city_name": "Vancouver Island", "geoCategoryUrl": "https://wanderlog.com/list/geoCategory/203175/where-to-eat-best-restaurants-in-vancouver-island"},
{"manual_id": "58151", "place_id": "58151", "city_name": "Maui", "geoCategoryUrl": "https://wanderlog.com/list/geoCategory/203252/where-to-eat-best-restaurants-in-maui"},
{"manual_id": "9661", "place_id": "9661", "city_name": "Rhodes", "geoCategoryUrl": "https://wanderlog.com/list/geoCategory/198760/where-to-eat-best-restaurants-in-rhodes"},
{"manual_id": "9639", "place_id": "9639", "city_name": "Gran Canaria", "geoCategoryUrl": "https://wanderlog.com/list/geoCategory/198757/where-to-eat-best-restaurants-in-gran-canaria"},
{"manual_id": "58155", "place_id": "58155", "city_name": "Island of Hawaii", "geoCategoryUrl": "https://wanderlog.com/list/geoCategory/203253/where-to-eat-best-restaurants-in-island-of-hawaii"},
{"manual_id": "5", "place_id": "5", "city_name": "Luzon", "geoCategoryUrl": "https://wanderlog.com/list/geoCategory/197630/where-to-eat-best-restaurants-in-luzon"},
{"manual_id": "9678", "place_id": "9678", "city_name": "Madeira", "geoCategoryUrl": "https://wanderlog.com/list/geoCategory/198763/where-to-eat-best-restaurants-in-madeira"},
{"manual_id": "9697", "place_id": "9697", "city_name": "Santorini", "geoCategoryUrl": "https://wanderlog.com/list/geoCategory/198766/where-to-eat-best-restaurants-in-santorini"},
{"manual_id": "58167", "place_id": "58167", "city_name": "Kauai", "geoCategoryUrl": "https://wanderlog.com/list/geoCategory/203255/where-to-eat-best-restaurants-in-kauai"},
{"manual_id": "9644", "place_id": "9644", "city_name": "Corsica", "geoCategoryUrl": "https://wanderlog.com/list/geoCategory/198758/where-to-eat-best-restaurants-in-corsica"},
{"manual_id": "9749", "place_id": "9749", "city_name": "Isle of Wight", "geoCategoryUrl": "https://wanderlog.com/list/geoCategory/198770/where-to-eat-best-restaurants-in-isle-of-wight"},
{"manual_id": "9686", "place_id": "9686", "city_name": "Corfu", "geoCategoryUrl": "https://wanderlog.com/list/geoCategory/198765/where-to-eat-best-restaurants-in-corfu"},
{"manual_id": "650", "place_id": "650", "city_name": "Sentosa Island", "geoCategoryUrl": "https://wanderlog.com/list/geoCategory/198003/where-to-eat-best-restaurants-in-sentosa-island"},
{"manual_id": "9718", "place_id": "9718", "city_name": "Menorca", "geoCategoryUrl": "https://wanderlog.com/list/geoCategory/198768/where-to-eat-best-restaurants-in-menorca"},
{"manual_id": "9699", "place_id": "9699", "city_name": "Islands of Sicily", "geoCategoryUrl": "https://wanderlog.com/list/geoCategory/198767/where-to-eat-best-restaurants-in-islands-of-sicily"},
{"manual_id": "9685", "place_id": "9685", "city_name": "Fuerteventura", "geoCategoryUrl": "https://wanderlog.com/list/geoCategory/198764/where-to-eat-best-restaurants-in-fuerteventura"},
{"manual_id": "146", "place_id": "146", "city_name": "Langkawi", "geoCategoryUrl": "https://wanderlog.com/list/geoCategory/197659/where-to-eat-best-restaurants-in-langkawi"},
{"manual_id": "81908", "place_id": "81908", "city_name": "Cozumel", "geoCategoryUrl": "https://wanderlog.com/list/geoCategory/205901/where-to-eat-best-restaurants-in-cozumel"},
{"manual_id": "131172", "place_id": "131172", "city_name": "Fernando de Noronha", "geoCategoryUrl": "https://wanderlog.com/list/geoCategory/208841/where-to-eat-best-restaurants-in-fernando-de-noronha"},
{"manual_id": "81190", "place_id": "81190", "city_name": "New Providence Island", "geoCategoryUrl": "https://wanderlog.com/list/geoCategory/205688/where-to-eat-best-restaurants-in-new-providence-island"},
{"manual_id": "81187", "place_id": "81187", "city_name": "Grand Cayman", "geoCategoryUrl": "https://wanderlog.com/list/geoCategory/205686/where-to-eat-best-restaurants-in-grand-cayman"},
{"manual_id": "9732", "place_id": "9732", "city_name": "Zakynthos", "geoCategoryUrl": "https://wanderlog.com/list/geoCategory/198769/where-to-eat-best-restaurants-in-zakynthos"},
{"manual_id": "131174", "place_id": "131174", "city_name": "San Andres Island", "geoCategoryUrl": "https://wanderlog.com/list/geoCategory/208842/where-to-eat-best-restaurants-in-san-andres-island"},
{"manual_id": "9664", "place_id": "9664", "city_name": "Ibiza", "geoCategoryUrl": "https://wanderlog.com/list/geoCategory/198761/where-to-eat-best-restaurants-in-ibiza"},
{"manual_id": "9844", "place_id": "9844", "city_name": "Jersey", "geoCategoryUrl": "https://wanderlog.com/list/geoCategory/198792/where-to-eat-best-restaurants-in-jersey"},
{"manual_id": "81186", "place_id": "81186", "city_name": "St Martin / St Maarten", "geoCategoryUrl": "https://wanderlog.com/list/geoCategory/205685/where-to-eat-best-restaurants-in-st-martin--st-maarten"},
{"manual_id": "9788", "place_id": "9788", "city_name": "Cephalonia", "geoCategoryUrl": "https://wanderlog.com/list/geoCategory/198781/where-to-eat-best-restaurants-in-cephalonia"},
{"manual_id": "9786", "place_id": "9786", "city_name": "Mykonos", "geoCategoryUrl": "https://wanderlog.com/list/geoCategory/198780/where-to-eat-best-restaurants-in-mykonos"},
{"manual_id": "101", "place_id": "101", "city_name": "Palawan Island", "geoCategoryUrl": "https://wanderlog.com/list/geoCategory/197644/where-to-eat-best-restaurants-in-palawan-island"},
{"manual_id": "9755", "place_id": "9755", "city_name": "Sao Miguel", "geoCategoryUrl": "https://wanderlog.com/list/geoCategory/198772/where-to-eat-best-restaurants-in-sao-miguel"},
{"manual_id": "9828", "place_id": "9828", "city_name": "Kos", "geoCategoryUrl": "https://wanderlog.com/list/geoCategory/198788/where-to-eat-best-restaurants-in-kos"},
{"manual_id": "9906", "place_id": "9906", "city_name": "Isle of Skye", "geoCategoryUrl": "https://wanderlog.com/list/geoCategory/198807/where-to-eat-best-restaurants-in-isle-of-skye"},
{"manual_id": "473", "place_id": "473", "city_name": "Ko Phi Phi Don", "geoCategoryUrl": "https://wanderlog.com/list/geoCategory/197880/where-to-eat-best-restaurants-in-ko-phi-phi-don"},
{"manual_id": "9874", "place_id": "9874", "city_name": "Anglesey", "geoCategoryUrl": "https://wanderlog.com/list/geoCategory/198800/where-to-eat-best-restaurants-in-anglesey"},
{"manual_id": "36", "place_id": "36", "city_name": "Lombok", "geoCategoryUrl": "https://wanderlog.com/list/geoCategory/197633/where-to-eat-best-restaurants-in-lombok"},
{"manual_id": "211", "place_id": "211", "city_name": "Ko Lanta", "geoCategoryUrl": "https://wanderlog.com/list/geoCategory/197696/where-to-eat-best-restaurants-in-ko-lanta"},
{"manual_id": "9933", "place_id": "9933", "city_name": "Isle of Man", "geoCategoryUrl": "https://wanderlog.com/list/geoCategory/198813/where-to-eat-best-restaurants-in-isle-of-man"},
{"manual_id": "10187", "place_id": "10187", "city_name": "Mainland", "geoCategoryUrl": "https://wanderlog.com/list/geoCategory/198924/where-to-eat-best-restaurants-in-mainland"},
{"manual_id": "10131", "place_id": "10131", "city_name": "Guernsey", "geoCategoryUrl": "https://wanderlog.com/list/geoCategory/198895/where-to-eat-best-restaurants-in-guernsey"},
{"manual_id": "293", "place_id": "293", "city_name": "Ko Chang", "geoCategoryUrl": "https://wanderlog.com/list/geoCategory/197751/where-to-eat-best-restaurants-in-ko-chang"},
{"manual_id": "10163", "place_id": "10163", "city_name": "Lewis and Harris", "geoCategoryUrl": "https://wanderlog.com/list/geoCategory/198913/where-to-eat-best-restaurants-in-lewis-and-harris"},
{"manual_id": "150", "place_id": "150", "city_name": "Ko Pha Ngan", "geoCategoryUrl": "https://wanderlog.com/list/geoCategory/197662/where-to-eat-best-restaurants-in-ko-pha-ngan"},
{"manual_id": "189", "place_id": "189", "city_name": "Koh Tao", "geoCategoryUrl": "https://wanderlog.com/list/geoCategory/197681/where-to-eat-best-restaurants-in-koh-tao"},
{"manual_id": "96", "place_id": "96", "city_name": "Flores", "geoCategoryUrl": "https://wanderlog.com/list/geoCategory/197643/where-to-eat-best-restaurants-in-flores"},
{"manual_id": "10473", "place_id": "10473", "city_name": "Isle of Lewis", "geoCategoryUrl": "https://wanderlog.com/list/geoCategory/199108/where-to-eat-best-restaurants-in-isle-of-lewis"},
{"manual_id": "10900", "place_id": "10900", "city_name": "Islay", "geoCategoryUrl": "https://wanderlog.com/list/geoCategory/199410/where-to-eat-best-restaurants-in-islay"},
{"manual_id": "202", "place_id": "202", "city_name": "Phu Quoc Island", "geoCategoryUrl": "https://wanderlog.com/list/geoCategory/197689/where-to-eat-best-restaurants-in-phu-quoc-island"},
{"manual_id": "169", "place_id": "169", "city_name": "Awaji-shima", "geoCategoryUrl": "https://wanderlog.com/list/geoCategory/197673/where-to-eat-best-restaurants-in-awaji-shima"},
{"manual_id": "360", "place_id": "360", "city_name": "Shodo-shima", "geoCategoryUrl": "https://wanderlog.com/list/geoCategory/197795/where-to-eat-best-restaurants-in-shodo-shima"},
{"manual_id": "560", "place_id": "560", "city_name": "South Andaman Island", "geoCategoryUrl": "https://wanderlog.com/list/geoCategory/197942/where-to-eat-best-restaurants-in-south-andaman-island"},
{"manual_id": "1483", "place_id": "1483", "city_name": "Havelock Island", "geoCategoryUrl": "https://wanderlog.com/list/geoCategory/198332/where-to-eat-best-restaurants-in-havelock-island"},
{"manual_id": "3065", "place_id": "3065", "city_name": "Neil Island", "geoCategoryUrl": "https://wanderlog.com/list/geoCategory/198573/where-to-eat-best-restaurants-in-neil-island"},
{"manual_id": "87925", "place_id": "87925", "city_name": "Vypin Island", "geoCategoryUrl": "https://wanderlog.com/list/geoCategory/207064/where-to-eat-best-restaurants-in-vypin-island"},
{"manual_id": "3427", "place_id": "3427", "city_name": "North Andaman Island", "geoCategoryUrl": null},
{"manual_id": "5756", "place_id": "5756", "city_name": "Sagar Island", "geoCategoryUrl": null},
{"manual_id": "7708", "place_id": "7708", "city_name": "Bangaram", "geoCategoryUrl": null},
{"manual_id": "6514", "place_id": "6514", "city_name": "Kavaratti Island", "geoCategoryUrl": null},
{"manual_id": "7076", "place_id": "7076", "city_name": "Agatti", "geoCategoryUrl": null},
{"manual_id": "8812", "place_id": "8812", "city_name": "Kadmat", "geoCategoryUrl": null},
{"manual_id": "5816", "place_id": "5816", "city_name": "Great Nicobar Island", "geoCategoryUrl": null},
{"manual_id": "6790", "place_id": "6790", "city_name": "Long Island", "geoCategoryUrl": null},
{"manual_id": "8096", "place_id": "8096", "city_name": "Divar Island", "geoCategoryUrl": null}
]