[
    {
        "place_id": "59262",
        "national_park": "Bryce Canyon National Park",
        "city_name_page": "bryce-canyon-national-park-trip-planner"
    },
    {
        "place_id": "58857",
        "national_park": "Zion National Park",
        "city_name_page": "zion-national-park-trip-planner"
    },
    {
        "place_id": "59155",
        "national_park": "Mount Rainier National Park",
        "city_name_page": "mount-rainier-national-park-trip-planner"
    },
    {
        "place_id": "58428",
        "national_park": "Rocky Mountain National Park",
        "city_name_page": "rocky-mountain-national-park-trip-planner"
    },
    {
        "place_id": "58358",
        "national_park": "Yosemite National Park",
        "city_name_page": "yosemite-national-park-trip-planner"
    },
    {
        "place_id": "58773",
        "national_park": "Glacier National Park",
        "city_name_page": "glacier-national-park-trip-planner"
    },
    {
        "place_id": "59473",
        "national_park": "Arches National Park",
        "city_name_page": "arches-national-park-trip-planner"
    },
    {
        "place_id": "59025",
        "national_park": "Olympic National Park",
        "city_name_page": "olympic-national-park-trip-planner"
    },
    {
        "place_id": "59100",
        "national_park": "Acadia National Park",
        "city_name_page": "acadia-national-park-trip-planner"
    },
    {
        "place_id": "58512",
        "national_park": "Great Smoky Mountains National Park",
        "city_name_page": "the-great-smoky-mountains-national-park-trip-planner"
    },
    {
        "place_id": "59599",
        "national_park": "Shenandoah National Park",
        "city_name_page": "shenandoah-national-park-trip-planner"
    },
    {
        "place_id": "58417",
        "national_park": "Grand Canyon National Park",
        "city_name_page": "grand-canyon-national-park-trip-planner"
    },
    {
        "place_id": "58652",
        "national_park": "Grand Teton National Park",
        "city_name_page": "grand-teton-national-park-trip-planner"
    },
    {
        "place_id": "60566",
        "national_park": "Guadalupe Mountains National Park",
        "city_name_page": "the-guadalupe-mountains-national-park-trip-planner"
    },
    {
        "place_id": "59101",
        "national_park": "Joshua Tree National Park",
        "city_name_page": "joshua-tree-national-park-trip-planner"
    },
    {
        "place_id": "59263",
        "national_park": "Capitol Reef National Park",
        "city_name_page": "capitol-reef-national-park-trip-planner"
    },
    {
        "place_id": "58989",
        "national_park": "Canyonlands National Park",
        "city_name_page": "canyonlands-national-park-trip-planner"
    },
    {
        "place_id": "58815",
        "national_park": "Big Bend National Park",
        "city_name_page": "big-bend-national-park-trip-planner"
    },
    {
        "place_id": "58612",
        "national_park": "Denali National Park",
        "city_name_page": "denali-national-park-and-preserve-trip-planner"
    },
    {
        "place_id": "58303",
        "national_park": "Yellowstone National Park",
        "city_name_page": "yellowstone-national-park-trip-planner"
    },
    {
        "place_id": "63985",
        "national_park": "Redwood National Park",
        "city_name_page": "redwood-national-park-trip-planner"
    },
    {
        "place_id": "59641",
        "national_park": "Crater Lake National Park",
        "city_name_page": "crater-lake-national-park-trip-planner"
    },
    {
        "place_id": "58663",
        "national_park": "Death Valley National Park",
        "city_name_page": "the-death-valley-national-park-trip-planner"
    },
    {
        "place_id": "59785",
        "national_park": "Lassen Volcanic National Park",
        "city_name_page": "lassen-volcanic-national-park-trip-planner"
    },
    {
        "place_id": "62497",
        "national_park": "Kenai Fjords National Park",
        "city_name_page": "kenai-fjords-national-park-trip-planner"
    },
    {
        "place_id": "59700",
        "national_park": "North Cascades National Park",
        "city_name_page": "north-cascades-national-park-trip-planner"
    },
    {
        "place_id": "58653",
        "national_park": "Kings Canyon National Park",
        "city_name_page": "sequoia-and-kings-canyon-national-park-trip-planner"
    },
    {
        "place_id": "60365",
        "national_park": "Petrified Forest National Park",
        "city_name_page": "petrified-forest-national-park-trip-planner"
    },
    {
        "place_id": "61526",
        "national_park": "Mammoth Cave National Park",
        "city_name_page": "mammoth-cave-national-park-trip-planner"
    },
    {
        "place_id": "59893",
        "national_park": "Mesa Verde National Park",
        "city_name_page": "mesa-verde-national-park-trip-planner"
    },
    {
        "place_id": "59699",
        "national_park": "Badlands National Park",
        "city_name_page": "badlands-national-park-trip-planner"
    },
    {
        "place_id": "62495",
        "national_park": "Channel Islands National Park",
        "city_name_page": "the-channel-islands-national-park-trip-planner"
    },
    {
        "place_id": "61273",
        "national_park": "Black Canyon of the Gunnison National Park",
        "city_name_page": "black-canyon-of-the-gunnison-national-park-trip-planner"
    },
    {
        "place_id": "59474",
        "national_park": "Everglades National Park",
        "city_name_page": "everglades-national-park-trip-planner"
    },
    {
        "place_id": "61072",
        "national_park": "Great Basin National Park",
        "city_name_page": "great-basin-national-park-trip-planner"
    },
    {
        "place_id": "61527",
        "national_park": "Theodore Roosevelt National Park",
        "city_name_page": "theodore-roosevelt-national-park-trip-planner"
    },
    {
        "place_id": "64353",
        "national_park": "Wind Cave National Park",
        "city_name_page": "wind-cave-national-park-trip-planner"
    },
    {
        "place_id": "60871",
        "national_park": "Carlsbad Caverns National Park",
        "city_name_page": "carlsbad-caverns-national-park-trip-planner"
    },
    {
        "place_id": "83268",
        "national_park": "Abel Tasman National Park",
        "city_name_page": "abel-tasman-national-park-trip-planner"
    },
    {
        "place_id": "80208",
        "national_park": "Aberdare National Park",
        "city_name_page": "aberdare-national-park-trip-planner"
    },
    {
        "place_id": "59100",
        "national_park": "Acadia National Park",
        "city_name_page": "acadia-national-park-trip-planner"
    },
    {
        "place_id": "79747",
        "national_park": "Addo Elephant National Park",
        "city_name_page": "addo-elephant-national-park-trip-planner"
    },
    {
        "place_id": "51577",
        "national_park": "Agioi Theodoroi",
        "city_name_page": "agioi-theodoroi-trip-planner"
    },
    {
        "place_id": "197324",
        "national_park": "Alexandra Bridge Provincial Park",
        "city_name_page": "alexandra-bridge-provincial-park-trip-planner"
    },
    {
        "place_id": "76018",
        "national_park": "Algonquin Provincial Park",
        "city_name_page": "algonquin-provincial-park-trip-planner"
    },
    {
        "place_id": "197323",
        "national_park": "Alice Lake Provincial Park",
        "city_name_page": "alice-lake-provincial-park-trip-planner"
    },
    {
        "place_id": "65998",
        "national_park": "Allen Park",
        "city_name_page": "allen-park-trip-planner"
    },
    {
        "place_id": "65998",
        "national_park": "Allen Park",
        "city_name_page": "allen-park-trip-planner"
    },
    {
        "place_id": "62499",
        "national_park": "Alley Park",
        "city_name_page": "the-valley-park-trip-planner"
    },
    {
        "place_id": "62499",
        "national_park": "Alley Park",
        "city_name_page": "the-valley-park-trip-planner"
    },
    {
        "place_id": "148116",
        "national_park": "Allison Park",
        "city_name_page": "allison-park-trip-planner"
    },
    {
        "place_id": "83357",
        "national_park": "Alpine National Park",
        "city_name_page": "alpine-national-park-trip-planner"
    },
    {
        "place_id": "59473",
        "national_park": "Arches National Park",
        "city_name_page": "arches-national-park-trip-planner"
    },
    {
        "place_id": "81463",
        "national_park": "Arikok National Park",
        "city_name_page": "arikok-national-park-trip-planner"
    },
    {
        "place_id": "83130",
        "national_park": "Arthur's Pass National Park",
        "city_name_page": "arthurs-pass-national-park-trip-planner"
    },
    {
        "place_id": "79470",
        "national_park": "Arusha National Park",
        "city_name_page": "arusha-national-park-trip-planner"
    },
    {
        "place_id": "59699",
        "national_park": "Badlands National Park",
        "city_name_page": "badlands-national-park-trip-planner"
    },
    {
        "place_id": "75910",
        "national_park": "Baldwin Park",
        "city_name_page": "baldwin-park-trip-planner"
    },
    {
        "place_id": "8932",
        "national_park": "Bandipur National Park",
        "city_name_page": "bandipur-national-park-trip-planner"
    },
    {
        "place_id": "58060",
        "national_park": "Banff National Park",
        "city_name_page": "banff-national-park-trip-planner"
    },
    {
        "place_id": "160875",
        "national_park": "Battery Park",
        "city_name_page": "battery-park-trip-planner"
    },
    {
        "place_id": "160875",
        "national_park": "Battery Park",
        "city_name_page": "battery-park-trip-planner"
    },
    {
        "place_id": "160875",
        "national_park": "Battery Park",
        "city_name_page": "battery-park-trip-planner"
    },
    {
        "place_id": "156343",
        "national_park": "Bay Park",
        "city_name_page": "hewlett-bay-park-trip-planner"
    },
    {
        "place_id": "150509",
        "national_park": "Beach Park",
        "city_name_page": "beach-park-trip-planner"
    },
    {
        "place_id": "150512",
        "national_park": "Bedford Park",
        "city_name_page": "bedford-park-trip-planner"
    },
    {
        "place_id": "64494",
        "national_park": "Beech Mountain",
        "city_name_page": "beech-mountain-trip-planner"
    },
    {
        "place_id": "84420",
        "national_park": "Ben Lomond National Park",
        "city_name_page": "ben-lomond-national-park-trip-planner"
    },
    {
        "place_id": "63132",
        "national_park": "Bethel Park",
        "city_name_page": "bethel-park-trip-planner"
    },
    {
        "place_id": "63132",
        "national_park": "Bethel Park",
        "city_name_page": "bethel-park-trip-planner"
    },
    {
        "place_id": "58815",
        "national_park": "Big Bend National Park",
        "city_name_page": "big-bend-national-park-trip-planner"
    },
    {
        "place_id": "66715",
        "national_park": "Biscayne National Park",
        "city_name_page": "biscayne-national-park-trip-planner"
    },
    {
        "place_id": "61273",
        "national_park": "Black Canyon of the Gunnison National Park",
        "city_name_page": "black-canyon-of-the-gunnison-national-park-trip-planner"
    },
    {
        "place_id": "197325",
        "national_park": "Blackcomb Glacier Provincial Park",
        "city_name_page": "blackcomb-glacier-provincial-park-trip-planner"
    },
    {
        "place_id": "42356",
        "national_park": "Blidinje Nature Park",
        "city_name_page": "blidinje-nature-park-trip-planner"
    },
    {
        "place_id": "81703",
        "national_park": "Blue Mountains National Park",
        "city_name_page": "the-blue-mountains-national-park-trip-planner"
    },
    {
        "place_id": "148286",
        "national_park": "Bluff Park",
        "city_name_page": "bluff-park-trip-planner"
    },
    {
        "place_id": "197327",
        "national_park": "Brandywine Falls Provincial Park",
        "city_name_page": "brandywine-falls-provincial-park-trip-planner"
    },
    {
        "place_id": "84477",
        "national_park": "Bray Park",
        "city_name_page": "bray-park-trip-planner"
    },
    {
        "place_id": "197328",
        "national_park": "Bridal Veil Falls Provincial Park",
        "city_name_page": "bridal-veil-falls-provincial-park-trip-planner"
    },
    {
        "place_id": "5390",
        "national_park": "Bromo Tengger Semeru National Park",
        "city_name_page": "bromo-tengger-semeru-national-park-trip-planner"
    },
    {
        "place_id": "174961",
        "national_park": "Bronte Park",
        "city_name_page": "bronte-park-trip-planner"
    },
    {
        "place_id": "59262",
        "national_park": "Bryce Canyon National Park",
        "city_name_page": "bryce-canyon-national-park-trip-planner"
    },
    {
        "place_id": "22120",
        "national_park": "Burren National Park",
        "city_name_page": "burren-national-park-trip-planner"
    },
    {
        "place_id": "81876",
        "national_park": "Cabrits National Park",
        "city_name_page": "cabrits-national-park-trip-planner"
    },
    {
        "place_id": "197329",
        "national_park": "Callaghan Lake Provincial Park",
        "city_name_page": "callaghan-lake-provincial-park-trip-planner"
    },
    {
        "place_id": "67769",
        "national_park": "Cameron Park",
        "city_name_page": "cameron-park-trip-planner"
    },
    {
        "place_id": "67769",
        "national_park": "Cameron Park",
        "city_name_page": "cameron-park-trip-planner"
    },
    {
        "place_id": "85511",
        "national_park": "Cania Gorge National Park",
        "city_name_page": "cania-gorge-national-park-trip-planner"
    },
    {
        "place_id": "58989",
        "national_park": "Canyonlands National Park",
        "city_name_page": "canyonlands-national-park-trip-planner"
    },
    {
        "place_id": "59263",
        "national_park": "Capitol Reef National Park",
        "city_name_page": "capitol-reef-national-park-trip-planner"
    },
    {
        "place_id": "60871",
        "national_park": "Carlsbad Caverns National Park",
        "city_name_page": "carlsbad-caverns-national-park-trip-planner"
    },
    {
        "place_id": "84643",
        "national_park": "Carnarvon National Park",
        "city_name_page": "carnarvon-national-park-trip-planner"
    },
    {
        "place_id": "161300",
        "national_park": "Cascade Park",
        "city_name_page": "cascade-park-trip-planner"
    },
    {
        "place_id": "161300",
        "national_park": "Cascade Park",
        "city_name_page": "cascade-park-trip-planner"
    },
    {
        "place_id": "161300",
        "national_park": "Cascade Park",
        "city_name_page": "cascade-park-trip-planner"
    },
    {
        "place_id": "161300",
        "national_park": "Cascade Park",
        "city_name_page": "cascade-park-trip-planner"
    },
    {
        "place_id": "161300",
        "national_park": "Cascade Park",
        "city_name_page": "cascade-park-trip-planner"
    },
    {
        "place_id": "161300",
        "national_park": "Cascade Park",
        "city_name_page": "cascade-park-trip-planner"
    },
    {
        "place_id": "161300",
        "national_park": "Cascade Park",
        "city_name_page": "cascade-park-trip-planner"
    },
    {
        "place_id": "161300",
        "national_park": "Cascade Park",
        "city_name_page": "cascade-park-trip-planner"
    },
    {
        "place_id": "84398",
        "national_park": "Castle Hill",
        "city_name_page": "castle-hill-trip-planner"
    },
    {
        "place_id": "62495",
        "national_park": "Channel Islands National Park",
        "city_name_page": "the-channel-islands-national-park-trip-planner"
    },
    {
        "place_id": "81699",
        "national_park": "Christoffel National Park",
        "city_name_page": "christoffel-national-park-trip-planner"
    },
    {
        "place_id": "179939",
        "national_park": "Churchill National Park",
        "city_name_page": "churchill-national-park-trip-planner"
    },
    {
        "place_id": "58201",
        "national_park": "Cincinnati",
        "city_name_page": "cincinnati-trip-planner"
    },
    {
        "place_id": "83933",
        "national_park": "City Beach",
        "city_name_page": "city-beach-trip-planner"
    },
    {
        "place_id": "147391",
        "national_park": "City Island",
        "city_name_page": "city-island-trip-planner"
    },
    {
        "place_id": "75244",
        "national_park": "City Park",
        "city_name_page": "garden-city-park-trip-planner"
    },
    {
        "place_id": "75244",
        "national_park": "City Park",
        "city_name_page": "garden-city-park-trip-planner"
    },
    {
        "place_id": "75244",
        "national_park": "City Park",
        "city_name_page": "garden-city-park-trip-planner"
    },
    {
        "place_id": "75244",
        "national_park": "City Park",
        "city_name_page": "garden-city-park-trip-planner"
    },
    {
        "place_id": "75244",
        "national_park": "City Park",
        "city_name_page": "garden-city-park-trip-planner"
    },
    {
        "place_id": "75244",
        "national_park": "City Park",
        "city_name_page": "garden-city-park-trip-planner"
    },
    {
        "place_id": "75244",
        "national_park": "City Park",
        "city_name_page": "garden-city-park-trip-planner"
    },
    {
        "place_id": "75244",
        "national_park": "City Park",
        "city_name_page": "garden-city-park-trip-planner"
    },
    {
        "place_id": "75244",
        "national_park": "City Park",
        "city_name_page": "garden-city-park-trip-planner"
    },
    {
        "place_id": "75244",
        "national_park": "City Park",
        "city_name_page": "garden-city-park-trip-planner"
    },
    {
        "place_id": "75244",
        "national_park": "City Park",
        "city_name_page": "garden-city-park-trip-planner"
    },
    {
        "place_id": "75244",
        "national_park": "City Park",
        "city_name_page": "garden-city-park-trip-planner"
    },
    {
        "place_id": "75244",
        "national_park": "City Park",
        "city_name_page": "garden-city-park-trip-planner"
    },
    {
        "place_id": "75244",
        "national_park": "City Park",
        "city_name_page": "garden-city-park-trip-planner"
    },
    {
        "place_id": "65420",
        "national_park": "Cliffside Park",
        "city_name_page": "cliffside-park-trip-planner"
    },
    {
        "place_id": "65420",
        "national_park": "Cliffside Park",
        "city_name_page": "cliffside-park-trip-planner"
    },
    {
        "place_id": "59864",
        "national_park": "Clifton Park",
        "city_name_page": "clifton-park-trip-planner"
    },
    {
        "place_id": "184417",
        "national_park": "Clumber Park",
        "city_name_page": "clumber-park-trip-planner"
    },
    {
        "place_id": "69072",
        "national_park": "Cochiti Lake",
        "city_name_page": "cochiti-lake-trip-planner"
    },
    {
        "place_id": "60551",
        "national_park": "College Park",
        "city_name_page": "college-park-trip-planner"
    },
    {
        "place_id": "62943",
        "national_park": "Comstock Park",
        "city_name_page": "comstock-park-trip-planner"
    },
    {
        "place_id": "76951",
        "national_park": "Contrecoeur",
        "city_name_page": "contrecoeur-trip-planner"
    },
    {
        "place_id": "192235",
        "national_park": "Dachigam National Park",
        "city_name_page": "dachigam-national-park-trip-planner"
    },
    {
        "place_id": "39896",
        "national_park": "Dahlem",
        "city_name_page": "dahlem-trip-planner"
    },
    {
        "place_id": "65227",
        "national_park": "Dale Park",
        "city_name_page": "riverdale-park-trip-planner"
    },
    {
        "place_id": "9846",
        "national_park": "Dartmoor National Park",
        "city_name_page": "dartmoor-national-park-trip-planner"
    },
    {
        "place_id": "73141",
        "national_park": "Davis Park",
        "city_name_page": "davis-park-trip-planner"
    },
    {
        "place_id": "73141",
        "national_park": "Davis Park",
        "city_name_page": "davis-park-trip-planner"
    },
    {
        "place_id": "73141",
        "national_park": "Davis Park",
        "city_name_page": "davis-park-trip-planner"
    },
    {
        "place_id": "73141",
        "national_park": "Davis Park",
        "city_name_page": "davis-park-trip-planner"
    },
    {
        "place_id": "58663",
        "national_park": "Death Valley National Park",
        "city_name_page": "the-death-valley-national-park-trip-planner"
    },
    {
        "place_id": "61088",
        "national_park": "Deer Park",
        "city_name_page": "deer-park-trip-planner"
    },
    {
        "place_id": "61088",
        "national_park": "Deer Park",
        "city_name_page": "deer-park-trip-planner"
    },
    {
        "place_id": "61088",
        "national_park": "Deer Park",
        "city_name_page": "deer-park-trip-planner"
    },
    {
        "place_id": "16480",
        "national_park": "Delos",
        "city_name_page": "delos-trip-planner"
    },
    {
        "place_id": "58612",
        "national_park": "Denali National Park",
        "city_name_page": "denali-national-park-and-preserve-trip-planner"
    },
    {
        "place_id": "6166",
        "national_park": "Doi Inthanon National Park",
        "city_name_page": "doi-inthanon-national-park-trip-planner"
    },
    {
        "place_id": "65369",
        "national_park": "Dry Tortugas National Park",
        "city_name_page": "dry-tortugas-national-park-trip-planner"
    },
    {
        "place_id": "6798",
        "national_park": "Dudhwa National Park",
        "city_name_page": "dudhwa-national-park-trip-planner"
    },
    {
        "place_id": "89048",
        "national_park": "Dumfries and Galloway",
        "city_name_page": "dumfries-and-galloway-trip-planner"
    },
    {
        "place_id": "51808",
        "national_park": "Danube-Ipoly National Park",
        "city_name_page": "danube-ipoly-national-park-trip-planner"
    },
    {
        "place_id": "89356",
        "national_park": "Durmitor National Park",
        "city_name_page": "durmitor-national-park-trip-planner"
    },
    {
        "place_id": "67991",
        "national_park": "Eastman",
        "city_name_page": "eastman-trip-planner"
    },
    {
        "place_id": "149941",
        "national_park": "Eaton Park",
        "city_name_page": "eaton-park-trip-planner"
    },
    {
        "place_id": "149941",
        "national_park": "Eaton Park",
        "city_name_page": "eaton-park-trip-planner"
    },
    {
        "place_id": "72927",
        "national_park": "Edgewater Park",
        "city_name_page": "edgewater-park-trip-planner"
    },
    {
        "place_id": "18848",
        "national_park": "Egaleo",
        "city_name_page": "egaleo-trip-planner"
    },
    {
        "place_id": "83160",
        "national_park": "Egmont National Park",
        "city_name_page": "egmont-national-park-trip-planner"
    },
    {
        "place_id": "81341",
        "national_park": "El Yunque National Forest",
        "city_name_page": "el-yunque-national-forest-trip-planner"
    },
    {
        "place_id": "63782",
        "national_park": "Elkins Park",
        "city_name_page": "elkins-park-trip-planner"
    },
    {
        "place_id": "69004",
        "national_park": "Elmwood Park",
        "city_name_page": "elmwood-park-trip-planner"
    },
    {
        "place_id": "69004",
        "national_park": "Elmwood Park",
        "city_name_page": "elmwood-park-trip-planner"
    },
    {
        "place_id": "69004",
        "national_park": "Elmwood Park",
        "city_name_page": "elmwood-park-trip-planner"
    },
    {
        "place_id": "69004",
        "national_park": "Elmwood Park",
        "city_name_page": "elmwood-park-trip-planner"
    },
    {
        "place_id": "61861",
        "national_park": "Fairview Park",
        "city_name_page": "fairview-park-trip-planner"
    },
    {
        "place_id": "61861",
        "national_park": "Fairview Park",
        "city_name_page": "fairview-park-trip-planner"
    },
    {
        "place_id": "61861",
        "national_park": "Fairview Park",
        "city_name_page": "fairview-park-trip-planner"
    },
    {
        "place_id": "61861",
        "national_park": "Fairview Park",
        "city_name_page": "fairview-park-trip-planner"
    },
    {
        "place_id": "61861",
        "national_park": "Fairview Park",
        "city_name_page": "fairview-park-trip-planner"
    },
    {
        "place_id": "61861",
        "national_park": "Fairview Park",
        "city_name_page": "fairview-park-trip-planner"
    },
    {
        "place_id": "67184",
        "national_park": "Fall Creek Falls State Park",
        "city_name_page": "fall-creek-falls-state-park-trip-planner"
    },
    {
        "place_id": "37907",
        "national_park": "Filerimos",
        "city_name_page": "filerimos-trip-planner"
    },
    {
        "place_id": "85327",
        "national_park": "Finke Gorge National Park",
        "city_name_page": "finke-gorge-national-park-trip-planner"
    },
    {
        "place_id": "82645",
        "national_park": "Fiordland National Park",
        "city_name_page": "fiordland-national-park-trip-planner"
    },
    {
        "place_id": "75964",
        "national_park": "Flathead National Forest",
        "city_name_page": "flathead-national-forest-trip-planner"
    },
    {
        "place_id": "150512",
        "national_park": "Ford Park",
        "city_name_page": "bedford-park-trip-planner"
    },
    {
        "place_id": "150512",
        "national_park": "Ford Park",
        "city_name_page": "bedford-park-trip-planner"
    },
    {
        "place_id": "89383",
        "national_park": "Forest of Dean",
        "city_name_page": "the-forest-of-dean-trip-planner"
    },
    {
        "place_id": "60668",
        "national_park": "Forest Park",
        "city_name_page": "the-forest-park-trip-planner"
    },
    {
        "place_id": "60668",
        "national_park": "Forest Park",
        "city_name_page": "the-forest-park-trip-planner"
    },
    {
        "place_id": "60668",
        "national_park": "Forest Park",
        "city_name_page": "the-forest-park-trip-planner"
    },
    {
        "place_id": "60668",
        "national_park": "Forest Park",
        "city_name_page": "the-forest-park-trip-planner"
    },
    {
        "place_id": "60668",
        "national_park": "Forest Park",
        "city_name_page": "the-forest-park-trip-planner"
    },
    {
        "place_id": "60668",
        "national_park": "Forest Park",
        "city_name_page": "the-forest-park-trip-planner"
    },
    {
        "place_id": "60668",
        "national_park": "Forest Park",
        "city_name_page": "the-forest-park-trip-planner"
    },
    {
        "place_id": "60668",
        "national_park": "Forest Park",
        "city_name_page": "the-forest-park-trip-planner"
    },
    {
        "place_id": "60668",
        "national_park": "Forest Park",
        "city_name_page": "the-forest-park-trip-planner"
    },
    {
        "place_id": "70243",
        "national_park": "Fort Bridger",
        "city_name_page": "fort-bridger-trip-planner"
    },
    {
        "place_id": "74942",
        "national_park": "Fort Defiance",
        "city_name_page": "fort-defiance-trip-planner"
    },
    {
        "place_id": "69160",
        "national_park": "Fort Drum",
        "city_name_page": "fort-drum-trip-planner"
    },
    {
        "place_id": "61290",
        "national_park": "Fort Lee",
        "city_name_page": "fort-lee-trip-planner"
    },
    {
        "place_id": "59655",
        "national_park": "Fort Mill",
        "city_name_page": "fort-mill-trip-planner"
    },
    {
        "place_id": "58362",
        "national_park": "Fort Pierce",
        "city_name_page": "fort-pierce-trip-planner"
    },
    {
        "place_id": "65063",
        "national_park": "Franklin Park",
        "city_name_page": "franklin-park-trip-planner"
    },
    {
        "place_id": "65063",
        "national_park": "Franklin Park",
        "city_name_page": "franklin-park-trip-planner"
    },
    {
        "place_id": "65063",
        "national_park": "Franklin Park",
        "city_name_page": "franklin-park-trip-planner"
    },
    {
        "place_id": "65063",
        "national_park": "Franklin Park",
        "city_name_page": "franklin-park-trip-planner"
    },
    {
        "place_id": "70585",
        "national_park": "Frazier Park",
        "city_name_page": "frazier-park-trip-planner"
    },
    {
        "place_id": "175210",
        "national_park": "Garig Gunak Barlu National Park",
        "city_name_page": "garig-gunak-barlu-national-park-trip-planner"
    },
    {
        "place_id": "153476",
        "national_park": "Garrett Park",
        "city_name_page": "garrett-park-trip-planner"
    },
    {
        "place_id": "153476",
        "national_park": "Garrett Park",
        "city_name_page": "garrett-park-trip-planner"
    },
    {
        "place_id": "62980",
        "national_park": "Gates of the Arctic National Park and Preserve",
        "city_name_page": "gates-of-the-arctic-national-park-and-preserve-trip-planner"
    },
    {
        "place_id": "5149",
        "national_park": "Gir National Park",
        "city_name_page": "gir-national-park-trip-planner"
    },
    {
        "place_id": "62979",
        "national_park": "Glacier Bay National Park and Preserve",
        "city_name_page": "glacier-bay-national-park-and-preserve-trip-planner"
    },
    {
        "place_id": "58773",
        "national_park": "Glacier National Park",
        "city_name_page": "glacier-national-park-trip-planner"
    },
    {
        "place_id": "58773",
        "national_park": "Glacier National Park",
        "city_name_page": "glacier-national-park-trip-planner"
    },
    {
        "place_id": "175016",
        "national_park": "Glen of the Downs",
        "city_name_page": "glen-of-the-downs-trip-planner"
    },
    {
        "place_id": "198579",
        "national_park": "Glen Park",
        "city_name_page": "glen-park-trip-planner"
    },
    {
        "place_id": "198579",
        "national_park": "Glen Park",
        "city_name_page": "glen-park-trip-planner"
    },
    {
        "place_id": "64308",
        "national_park": "Golden Valley",
        "city_name_page": "the-golden-valley-trip-planner"
    },
    {
        "place_id": "6704",
        "national_park": "Gorumara National Park",
        "city_name_page": "gorumara-national-park-trip-planner"
    },
    {
        "place_id": "58417",
        "national_park": "Grand Canyon National Park",
        "city_name_page": "grand-canyon-national-park-trip-planner"
    },
    {
        "place_id": "78330",
        "national_park": "Grand Etang",
        "city_name_page": "grand-etang-trip-planner"
    },
    {
        "place_id": "58652",
        "national_park": "Grand Teton National Park",
        "city_name_page": "grand-teton-national-park-trip-planner"
    },
    {
        "place_id": "66265",
        "national_park": "Grant Park",
        "city_name_page": "grant-park-trip-planner"
    },
    {
        "place_id": "66265",
        "national_park": "Grant Park",
        "city_name_page": "grant-park-trip-planner"
    },
    {
        "place_id": "66265",
        "national_park": "Grant Park",
        "city_name_page": "grant-park-trip-planner"
    },
    {
        "place_id": "66265",
        "national_park": "Grant Park",
        "city_name_page": "grant-park-trip-planner"
    },
    {
        "place_id": "66265",
        "national_park": "Grant Park",
        "city_name_page": "grant-park-trip-planner"
    },
    {
        "place_id": "66265",
        "national_park": "Grant Park",
        "city_name_page": "grant-park-trip-planner"
    },
    {
        "place_id": "61072",
        "national_park": "Great Basin National Park",
        "city_name_page": "great-basin-national-park-trip-planner"
    },
    {
        "place_id": "83594",
        "national_park": "Great Otway National Park",
        "city_name_page": "great-otway-national-park-trip-planner"
    },
    {
        "place_id": "84104",
        "national_park": "Great Sandy National Park",
        "city_name_page": "great-sandy-national-park-trip-planner"
    },
    {
        "place_id": "58512",
        "national_park": "Great Smoky Mountains National Park",
        "city_name_page": "the-great-smoky-mountains-national-park-trip-planner"
    },
    {
        "place_id": "156320",
        "national_park": "Greenfield Park",
        "city_name_page": "greenfield-park-trip-planner"
    },
    {
        "place_id": "156320",
        "national_park": "Greenfield Park",
        "city_name_page": "greenfield-park-trip-planner"
    },
    {
        "place_id": "84414",
        "national_park": "Hampton Park",
        "city_name_page": "hampton-park-trip-planner"
    },
    {
        "place_id": "84414",
        "national_park": "Hampton Park",
        "city_name_page": "hampton-park-trip-planner"
    },
    {
        "place_id": "155828",
        "national_park": "Harrington Park",
        "city_name_page": "harrington-park-trip-planner"
    },
    {
        "place_id": "36087",
        "national_park": "Hazlewood",
        "city_name_page": "hazlewood-trip-planner"
    },
    {
        "place_id": "189104",
        "national_park": "Hemlock Valley",
        "city_name_page": "the-hemlock-valley-trip-planner"
    },
    {
        "place_id": "68105",
        "national_park": "Hickory Hills",
        "city_name_page": "hickory-hills-trip-planner"
    },
    {
        "place_id": "156344",
        "national_park": "Highland Lake",
        "city_name_page": "highland-lake-trip-planner"
    },
    {
        "place_id": "60177",
        "national_park": "Highland Park",
        "city_name_page": "highland-park-trip-planner"
    },
    {
        "place_id": "60177",
        "national_park": "Highland Park",
        "city_name_page": "highland-park-trip-planner"
    },
    {
        "place_id": "60177",
        "national_park": "Highland Park",
        "city_name_page": "highland-park-trip-planner"
    },
    {
        "place_id": "60177",
        "national_park": "Highland Park",
        "city_name_page": "highland-park-trip-planner"
    },
    {
        "place_id": "60177",
        "national_park": "Highland Park",
        "city_name_page": "highland-park-trip-planner"
    },
    {
        "place_id": "60177",
        "national_park": "Highland Park",
        "city_name_page": "highland-park-trip-planner"
    },
    {
        "place_id": "60177",
        "national_park": "Highland Park",
        "city_name_page": "highland-park-trip-planner"
    },
    {
        "place_id": "60177",
        "national_park": "Highland Park",
        "city_name_page": "highland-park-trip-planner"
    },
    {
        "place_id": "60177",
        "national_park": "Highland Park",
        "city_name_page": "highland-park-trip-planner"
    },
    {
        "place_id": "60177",
        "national_park": "Highland Park",
        "city_name_page": "highland-park-trip-planner"
    },
    {
        "place_id": "60177",
        "national_park": "Highland Park",
        "city_name_page": "highland-park-trip-planner"
    },
    {
        "place_id": "60177",
        "national_park": "Highland Park",
        "city_name_page": "highland-park-trip-planner"
    },
    {
        "place_id": "60177",
        "national_park": "Highland Park",
        "city_name_page": "highland-park-trip-planner"
    },
    {
        "place_id": "66295",
        "national_park": "Hiller Park",
        "city_name_page": "schiller-park-trip-planner"
    },
    {
        "place_id": "80005",
        "national_park": "Hluhluwe Game Reserve",
        "city_name_page": "hluhluwe-game-reserve-trip-planner"
    },
    {
        "place_id": "71316",
        "national_park": "Hope Valley",
        "city_name_page": "the-hope-valley-trip-planner"
    },
    {
        "place_id": "77880",
        "national_park": "Horton Landing",
        "city_name_page": "horton-landing-trip-planner"
    },
    {
        "place_id": "67865",
        "national_park": "Indian Hill",
        "city_name_page": "indian-hills-trip-planner"
    },
    {
        "place_id": "80453",
        "national_park": "iSimangaliso Wetland Park",
        "city_name_page": "isimangaliso-wetland-park-trip-planner"
    },
    {
        "place_id": "60406",
        "national_park": "Island Park",
        "city_name_page": "the-island-park-trip-planner"
    },
    {
        "place_id": "60406",
        "national_park": "Island Park",
        "city_name_page": "the-island-park-trip-planner"
    },
    {
        "place_id": "60406",
        "national_park": "Island Park",
        "city_name_page": "the-island-park-trip-planner"
    },
    {
        "place_id": "60406",
        "national_park": "Island Park",
        "city_name_page": "the-island-park-trip-planner"
    },
    {
        "place_id": "60406",
        "national_park": "Island Park",
        "city_name_page": "the-island-park-trip-planner"
    },
    {
        "place_id": "61813",
        "national_park": "Isle Royale National Park",
        "city_name_page": "the-isle-royale-national-park-trip-planner"
    },
    {
        "place_id": "58075",
        "national_park": "Jasper National Park",
        "city_name_page": "jasper-national-park-trip-planner"
    },
    {
        "place_id": "59210",
        "national_park": "Jekyll Island",
        "city_name_page": "jekyll-island-trip-planner"
    },
    {
        "place_id": "1635",
        "national_park": "Jim Corbett National Park",
        "city_name_page": "jim-corbett-national-park-trip-planner"
    },
    {
        "place_id": "59101",
        "national_park": "Joshua Tree National Park",
        "city_name_page": "joshua-tree-national-park-trip-planner"
    },
    {
        "place_id": "83702",
        "national_park": "Kahurangi National Park",
        "city_name_page": "kahurangi-national-park-trip-planner"
    },
    {
        "place_id": "82717",
        "national_park": "Kakadu National Park",
        "city_name_page": "kakadu-national-park-trip-planner"
    },
    {
        "place_id": "83046",
        "national_park": "Karijini National Park",
        "city_name_page": "karijini-national-park-trip-planner"
    },
    {
        "place_id": "80456",
        "national_park": "Karoo National Park",
        "city_name_page": "tankwa-karoo-national-park-trip-planner"
    },
    {
        "place_id": "61812",
        "national_park": "Katmai National Park and Preserve",
        "city_name_page": "katmai-national-park-and-preserve-trip-planner"
    },
    {
        "place_id": "8175",
        "national_park": "Kaziranga National Park",
        "city_name_page": "kaziranga-national-park-trip-planner"
    },
    {
        "place_id": "30510",
        "national_park": "Kempen",
        "city_name_page": "kempen-trip-planner"
    },
    {
        "place_id": "62497",
        "national_park": "Kenai Fjords National Park",
        "city_name_page": "kenai-fjords-national-park-trip-planner"
    },
    {
        "place_id": "69019",
        "national_park": "Kendall Park",
        "city_name_page": "kendall-park-trip-planner"
    },
    {
        "place_id": "177459",
        "national_park": "Kenting National Park",
        "city_name_page": "kenting-national-park-trip-planner"
    },
    {
        "place_id": "7106",
        "national_park": "Khao Khitchakut National Park",
        "city_name_page": "khao-khitchakut-national-park-trip-planner"
    },
    {
        "place_id": "5142",
        "national_park": "Khao Sok National Park",
        "city_name_page": "khao-sok-national-park-trip-planner"
    },
    {
        "place_id": "3055",
        "national_park": "Khao Yai National Park",
        "city_name_page": "khao-yai-national-park-trip-planner"
    },
    {
        "place_id": "15564",
        "national_park": "Kilrush",
        "city_name_page": "kilrush-trip-planner"
    },
    {
        "place_id": "192788",
        "national_park": "La Isla",
        "city_name_page": "bathala-island-trip-planner"
    },
    {
        "place_id": "64352",
        "national_park": "Lake Clark National Park and Preserve",
        "city_name_page": "lake-clark-national-park-and-preserve-trip-planner"
    },
    {
        "place_id": "154190",
        "national_park": "Lake Lillian",
        "city_name_page": "lake-lillian-trip-planner"
    },
    {
        "place_id": "62380",
        "national_park": "Lake Panasoffkee",
        "city_name_page": "lake-panasoffkee-trip-planner"
    },
    {
        "place_id": "149307",
        "national_park": "Lake Park",
        "city_name_page": "clearlake-park-trip-planner"
    },
    {
        "place_id": "149307",
        "national_park": "Lake Park",
        "city_name_page": "clearlake-park-trip-planner"
    },
    {
        "place_id": "149307",
        "national_park": "Lake Park",
        "city_name_page": "clearlake-park-trip-planner"
    },
    {
        "place_id": "154192",
        "national_park": "Lake Wilson",
        "city_name_page": "lake-wilson-trip-planner"
    },
    {
        "place_id": "60993",
        "national_park": "Lakeside",
        "city_name_page": "lakeside-trip-planner"
    },
    {
        "place_id": "83696",
        "national_park": "Lamington National Park",
        "city_name_page": "lamington-national-park-trip-planner"
    },
    {
        "place_id": "5602",
        "national_park": "Langtang National Park",
        "city_name_page": "langtang-national-park-trip-planner"
    },
    {
        "place_id": "74546",
        "national_park": "Lassen National Forest",
        "city_name_page": "lassen-national-forest-trip-planner"
    },
    {
        "place_id": "59785",
        "national_park": "Lassen Volcanic National Park",
        "city_name_page": "lassen-volcanic-national-park-trip-planner"
    },
    {
        "place_id": "71348",
        "national_park": "Laurel Park",
        "city_name_page": "laurel-park-trip-planner"
    },
    {
        "place_id": "71348",
        "national_park": "Laurel Park",
        "city_name_page": "laurel-park-trip-planner"
    },
    {
        "place_id": "71348",
        "national_park": "Laurel Park",
        "city_name_page": "laurel-park-trip-planner"
    },
    {
        "place_id": "71348",
        "national_park": "Laurel Park",
        "city_name_page": "laurel-park-trip-planner"
    },
    {
        "place_id": "158634",
        "national_park": "Laurel Run",
        "city_name_page": "laurel-run-trip-planner"
    },
    {
        "place_id": "36994",
        "national_park": "Le Vivier",
        "city_name_page": "le-vivier-sur-mer-trip-planner"
    },
    {
        "place_id": "63497",
        "national_park": "Lexington Park",
        "city_name_page": "lexington-park-trip-planner"
    },
    {
        "place_id": "66592",
        "national_park": "Lincoln Park",
        "city_name_page": "lincoln-park-trip-planner"
    },
    {
        "place_id": "66592",
        "national_park": "Lincoln Park",
        "city_name_page": "lincoln-park-trip-planner"
    },
    {
        "place_id": "66592",
        "national_park": "Lincoln Park",
        "city_name_page": "lincoln-park-trip-planner"
    },
    {
        "place_id": "66592",
        "national_park": "Lincoln Park",
        "city_name_page": "lincoln-park-trip-planner"
    },
    {
        "place_id": "66592",
        "national_park": "Lincoln Park",
        "city_name_page": "lincoln-park-trip-planner"
    },
    {
        "place_id": "66592",
        "national_park": "Lincoln Park",
        "city_name_page": "lincoln-park-trip-planner"
    },
    {
        "place_id": "66592",
        "national_park": "Lincoln Park",
        "city_name_page": "lincoln-park-trip-planner"
    },
    {
        "place_id": "66592",
        "national_park": "Lincoln Park",
        "city_name_page": "lincoln-park-trip-planner"
    },
    {
        "place_id": "66592",
        "national_park": "Lincoln Park",
        "city_name_page": "lincoln-park-trip-planner"
    },
    {
        "place_id": "66592",
        "national_park": "Lincoln Park",
        "city_name_page": "lincoln-park-trip-planner"
    },
    {
        "place_id": "66592",
        "national_park": "Lincoln Park",
        "city_name_page": "lincoln-park-trip-planner"
    },
    {
        "place_id": "66592",
        "national_park": "Lincoln Park",
        "city_name_page": "lincoln-park-trip-planner"
    },
    {
        "place_id": "66592",
        "national_park": "Lincoln Park",
        "city_name_page": "lincoln-park-trip-planner"
    },
    {
        "place_id": "66592",
        "national_park": "Lincoln Park",
        "city_name_page": "lincoln-park-trip-planner"
    },
    {
        "place_id": "66592",
        "national_park": "Lincoln Park",
        "city_name_page": "lincoln-park-trip-planner"
    },
    {
        "place_id": "66592",
        "national_park": "Lincoln Park",
        "city_name_page": "lincoln-park-trip-planner"
    },
    {
        "place_id": "83054",
        "national_park": "Litchfield National Park",
        "city_name_page": "litchfield-national-park-trip-planner"
    },
    {
        "place_id": "156406",
        "national_park": "Little Neck",
        "city_name_page": "little-neck-trip-planner"
    },
    {
        "place_id": "58844",
        "national_park": "Little River",
        "city_name_page": "little-river-trip-planner"
    },
    {
        "place_id": "9847",
        "national_park": "Loch Lomond and The Trossachs National Park",
        "city_name_page": "loch-lomond-and-the-trossachs-national-park-trip-planner"
    },
    {
        "place_id": "64100",
        "national_park": "Lookout Mountain",
        "city_name_page": "lookout-mountain-trip-planner"
    },
    {
        "place_id": "61526",
        "national_park": "Mammoth Cave National Park",
        "city_name_page": "mammoth-cave-national-park-trip-planner"
    },
    {
        "place_id": "192141",
        "national_park": "Manas National Park",
        "city_name_page": "manas-national-park-trip-planner"
    },
    {
        "place_id": "66274",
        "national_park": "Maple Park",
        "city_name_page": "maple-park-trip-planner"
    },
    {
        "place_id": "189766",
        "national_park": "Marshall",
        "city_name_page": "charlton-marshall-trip-planner"
    },
    {
        "place_id": "84931",
        "national_park": "Mary River National Park",
        "city_name_page": "mary-river-national-park-trip-planner"
    },
    {
        "place_id": "175846",
        "national_park": "Maston",
        "city_name_page": "admaston-trip-planner"
    },
    {
        "place_id": "70014",
        "national_park": "Meadowview",
        "city_name_page": "meadowview-trip-planner"
    },
    {
        "place_id": "5381",
        "national_park": "Mengshan",
        "city_name_page": "mengshan-county-trip-planner"
    },
    {
        "place_id": "59893",
        "national_park": "Mesa Verde National Park",
        "city_name_page": "mesa-verde-national-park-trip-planner"
    },
    {
        "place_id": "83978",
        "national_park": "Mill Park",
        "city_name_page": "mill-park-trip-planner"
    },
    {
        "place_id": "189524",
        "national_park": "Mitchell Park",
        "city_name_page": "mitchell-park-trip-planner"
    },
    {
        "place_id": "189524",
        "national_park": "Mitchell Park",
        "city_name_page": "mitchell-park-trip-planner"
    },
    {
        "place_id": "189524",
        "national_park": "Mitchell Park",
        "city_name_page": "mitchell-park-trip-planner"
    },
    {
        "place_id": "189524",
        "national_park": "Mitchell Park",
        "city_name_page": "mitchell-park-trip-planner"
    },
    {
        "place_id": "189524",
        "national_park": "Mitchell Park",
        "city_name_page": "mitchell-park-trip-planner"
    },
    {
        "place_id": "5583",
        "national_park": "Mollem National Park",
        "city_name_page": "mollem-national-park-trip-planner"
    },
    {
        "place_id": "51363",
        "national_park": "Montferland",
        "city_name_page": "beek-gem-montferland-trip-planner"
    },
    {
        "place_id": "85682",
        "national_park": "Moore Park",
        "city_name_page": "moore-park-beach-trip-planner"
    },
    {
        "place_id": "85682",
        "national_park": "Moore Park",
        "city_name_page": "moore-park-beach-trip-planner"
    },
    {
        "place_id": "85682",
        "national_park": "Moore Park",
        "city_name_page": "moore-park-beach-trip-planner"
    },
    {
        "place_id": "64940",
        "national_park": "Moss Beach",
        "city_name_page": "moss-beach-trip-planner"
    },
    {
        "place_id": "145961",
        "national_park": "Mount Assiniboine Provincial Park",
        "city_name_page": "mount-assiniboine-provincial-park-trip-planner"
    },
    {
        "place_id": "84243",
        "national_park": "Mount Barney National Park",
        "city_name_page": "mount-barney-national-park-trip-planner"
    },
    {
        "place_id": "83948",
        "national_park": "Mount Buffalo National Park",
        "city_name_page": "mount-buffalo-national-park-trip-planner"
    },
    {
        "place_id": "82884",
        "national_park": "Mount Cook National Park",
        "city_name_page": "aoraki-mount-cook-national-park-te-wahipounamu-trip-planner"
    },
    {
        "place_id": "83404",
        "national_park": "Mount Field National Park",
        "city_name_page": "mount-field-national-park-trip-planner"
    },
    {
        "place_id": "79822",
        "national_park": "Mount Kenya National Park",
        "city_name_page": "mount-kenya-national-park-trip-planner"
    },
    {
        "place_id": "17539",
        "national_park": "Brijuni National Park",
        "city_name_page": "brijuni-national-park-trip-planner"
    },
    {
        "place_id": "29155",
        "national_park": "Krka National Park",
        "city_name_page": "krka-national-park-trip-planner"
    },
    {
        "place_id": "35833",
        "national_park": "Mljet National Park",
        "city_name_page": "mljet-national-park-trip-planner"
    },
    {
        "place_id": "11152",
        "national_park": "Plitvice Lakes National Park",
        "city_name_page": "plitvice-lakes-national-park-trip-planner"
    },
    {
        "place_id": "6732",
        "national_park": "Namdapha National Park",
        "city_name_page": "namdapha-national-park-trip-planner"
    },
    {
        "place_id": "8063",
        "national_park": "Nameri National Park",
        "city_name_page": "nameri-national-park-trip-planner"
    },
    {
        "place_id": "182818",
        "national_park": "Danube-Auen National Park",
        "city_name_page": "danube-auen-national-park-trip-planner"
    },
    {
        "place_id": "42356",
        "national_park": "Nature Park",
        "city_name_page": "blidinje-nature-park-trip-planner"
    },
    {
        "place_id": "9845",
        "national_park": "New Forest National Park",
        "city_name_page": "new-forest-national-park-hampshire-trip-planner"
    },
    {
        "place_id": "83604",
        "national_park": "Noble Park",
        "city_name_page": "noble-park-trip-planner"
    },
    {
        "place_id": "83604",
        "national_park": "Noble Park",
        "city_name_page": "noble-park-trip-planner"
    },
    {
        "place_id": "59700",
        "national_park": "North Cascades National Park",
        "city_name_page": "north-cascades-national-park-trip-planner"
    },
    {
        "place_id": "161849",
        "national_park": "North Park",
        "city_name_page": "north-parkersburg-trip-planner"
    },
    {
        "place_id": "161849",
        "national_park": "North Park",
        "city_name_page": "north-parkersburg-trip-planner"
    },
    {
        "place_id": "161849",
        "national_park": "North Park",
        "city_name_page": "north-parkersburg-trip-planner"
    },
    {
        "place_id": "161849",
        "national_park": "North Park",
        "city_name_page": "north-parkersburg-trip-planner"
    },
    {
        "place_id": "161849",
        "national_park": "North Park",
        "city_name_page": "north-parkersburg-trip-planner"
    },
    {
        "place_id": "161849",
        "national_park": "North Park",
        "city_name_page": "north-parkersburg-trip-planner"
    },
    {
        "place_id": "10984",
        "national_park": "North York Moors National Park",
        "city_name_page": "north-york-moors-national-park-trip-planner"
    },
    {
        "place_id": "13190",
        "national_park": "Northumberland National Park",
        "city_name_page": "northumberland-national-park-trip-planner"
    },
    {
        "place_id": "61721",
        "national_park": "Oak Hill",
        "city_name_page": "oak-hill-trip-planner"
    },
    {
        "place_id": "59770",
        "national_park": "Oak Park",
        "city_name_page": "oak-park-trip-planner"
    },
    {
        "place_id": "59770",
        "national_park": "Oak Park",
        "city_name_page": "oak-park-trip-planner"
    },
    {
        "place_id": "59770",
        "national_park": "Oak Park",
        "city_name_page": "oak-park-trip-planner"
    },
    {
        "place_id": "68755",
        "national_park": "Oak Park ",
        "city_name_page": "oak-park-heights-trip-planner"
    },
    {
        "place_id": "83701",
        "national_park": "Oatlands",
        "city_name_page": "oatlands-trip-planner"
    },
    {
        "place_id": "59025",
        "national_park": "Olympic National Park",
        "city_name_page": "olympic-national-park-trip-planner"
    },
    {
        "place_id": "147570",
        "national_park": "Olympic Park",
        "city_name_page": "sydney-olympic-park-trip-planner"
    },
    {
        "place_id": "147570",
        "national_park": "Olympic Park",
        "city_name_page": "sydney-olympic-park-trip-planner"
    },
    {
        "place_id": "147570",
        "national_park": "Olympic Park",
        "city_name_page": "sydney-olympic-park-trip-planner"
    },
    {
        "place_id": "61096",
        "national_park": "Orchard Park",
        "city_name_page": "orchard-park-trip-planner"
    },
    {
        "place_id": "61096",
        "national_park": "Orchard Park",
        "city_name_page": "orchard-park-trip-planner"
    },
    {
        "place_id": "61096",
        "national_park": "Orchard Park",
        "city_name_page": "orchard-park-trip-planner"
    },
    {
        "place_id": "61096",
        "national_park": "Orchard Park",
        "city_name_page": "orchard-park-trip-planner"
    },
    {
        "place_id": "66829",
        "national_park": "Palisades Park",
        "city_name_page": "palisades-park-trip-planner"
    },
    {
        "place_id": "66829",
        "national_park": "Palisades Park",
        "city_name_page": "palisades-park-trip-planner"
    },
    {
        "place_id": "66829",
        "national_park": "Palisades Park",
        "city_name_page": "palisades-park-trip-planner"
    },
    {
        "place_id": "66829",
        "national_park": "Palisades Park",
        "city_name_page": "palisades-park-trip-planner"
    },
    {
        "place_id": "66829",
        "national_park": "Palisades Park",
        "city_name_page": "palisades-park-trip-planner"
    },
    {
        "place_id": "4232",
        "national_park": "West Bali National Park",
        "city_name_page": "west-bali-national-park-trip-planner"
    },
    {
        "place_id": "185445",
        "national_park": "Vanoise National Park",
        "city_name_page": "vanoise-national-park-trip-planner"
    },
    {
        "place_id": "77590",
        "national_park": "Mont-Tremblant National Park",
        "city_name_page": "mont-tremblant-national-park-trip-planner"
    },
    {
        "place_id": "146049",
        "national_park": "Forillon National Park",
        "city_name_page": "forillon-national-park-trip-planner"
    },
    {
        "place_id": "54093",
        "national_park": "Gran Paradiso National Park",
        "city_name_page": "gran-paradiso-national-park-trip-planner"
    },
    {
        "place_id": "79771",
        "national_park": "Park East",
        "city_name_page": "tsavo-national-park-east-trip-planner"
    },
    {
        "place_id": "79688",
        "national_park": "Park West",
        "city_name_page": "tsavo-national-park-west-trip-planner"
    },
    {
        "place_id": "186638",
        "national_park": "Parklea",
        "city_name_page": "parklea-trip-planner"
    },
    {
        "place_id": "37114",
        "national_park": "Llogara National Park",
        "city_name_page": "llogara-national-park-trip-planner"
    },
    {
        "place_id": "177718",
        "national_park": "Braulio Carrillo National Park",
        "city_name_page": "braulio-carrillo-national-park-trip-planner"
    },
    {
        "place_id": "79098",
        "national_park": "Chirripo National Park",
        "city_name_page": "chirripo-national-park-trip-planner"
    },
    {
        "place_id": "78935",
        "national_park": "Corcovado National Park",
        "city_name_page": "corcovado-national-park-trip-planner"
    },
    {
        "place_id": "78935",
        "national_park": "Corcovado National Park",
        "city_name_page": "corcovado-national-park-trip-planner"
    },
    {
        "place_id": "131927",
        "national_park": "Chapada Diamantina National Park",
        "city_name_page": "chapada-diamantina-national-park-trip-planner"
    },
    {
        "place_id": "131371",
        "national_park": "Chapada dos Veadeiros National Park",
        "city_name_page": "chapada-dos-veadeiros-national-park-trip-planner"
    },
    {
        "place_id": "133954",
        "national_park": "Serra da Bocaina National Park",
        "city_name_page": "serra-da-bocaina-national-park-trip-planner"
    },
    {
        "place_id": "29227",
        "national_park": "Ordesa y Monte Perdido National Park",
        "city_name_page": "ordesa-y-monte-perdido-national-park-trip-planner"
    },
    {
        "place_id": "20974",
        "national_park": "Teide National Park",
        "city_name_page": "teide-national-park-trip-planner"
    },
    {
        "place_id": "133231",
        "national_park": "Itatiaia National Park",
        "city_name_page": "itatiaia-national-park-trip-planner"
    },
    {
        "place_id": "177124",
        "national_park": "El Palmar National Park",
        "city_name_page": "el-palmar-national-park-trip-planner"
    },
    {
        "place_id": "132213",
        "national_park": "Iguazu National Park",
        "city_name_page": "iguazu-national-park-trip-planner"
    },
    {
        "place_id": "178484",
        "national_park": "Lauca National Park",
        "city_name_page": "lauca-national-park-trip-planner"
    },
    {
        "place_id": "186347",
        "national_park": "Los Alerces National Park",
        "city_name_page": "los-alerces-national-park-trip-planner"
    },
    {
        "place_id": "132805",
        "national_park": "Los Glaciares National Park",
        "city_name_page": "los-glaciares-national-park-trip-planner"
    },
    {
        "place_id": "133129",
        "national_park": "Machalilla National Park",
        "city_name_page": "machalilla-national-park-trip-planner"
    },
    {
        "place_id": "189771",
        "national_park": "Nahuel Huapi National Park",
        "city_name_page": "nahuel-huapi-national-park-trip-planner"
    },
    {
        "place_id": "133330",
        "national_park": "Queulat National Park",
        "city_name_page": "queulat-national-park-trip-planner"
    },
    {
        "place_id": "11106",
        "national_park": "Sierra Nevada National Park",
        "city_name_page": "sierra-nevada-national-park-trip-planner"
    },
    {
        "place_id": "134667",
        "national_park": "Talampaya National Park",
        "city_name_page": "talampaya-national-park-trip-planner"
    },
    {
        "place_id": "132215",
        "national_park": "Tierra del Fuego National Park",
        "city_name_page": "tierra-del-fuego-national-park-trip-planner"
    },
    {
        "place_id": "135288",
        "national_park": "Tingo Maria National Park",
        "city_name_page": "tingo-maria-national-park-trip-planner"
    },
    {
        "place_id": "131602",
        "national_park": "Torres del Paine National Park",
        "city_name_page": "torres-del-paine-national-park-trip-planner"
    },
    {
        "place_id": "78750",
        "national_park": "Arenal Volcano National Park",
        "city_name_page": "arenal-volcano-national-park-trip-planner"
    },
    {
        "place_id": "68767",
        "national_park": "Paul Park",
        "city_name_page": "saint-paul-park-trip-planner"
    },
    {
        "place_id": "9995",
        "national_park": "Peak District National Park",
        "city_name_page": "peak-district-national-park-trip-planner"
    },
    {
        "place_id": "62822",
        "national_park": "Pembroke Park",
        "city_name_page": "pembroke-park-trip-planner"
    },
    {
        "place_id": "63",
        "national_park": "Penang Island",
        "city_name_page": "penang-island-trip-planner"
    },
    {
        "place_id": "152751",
        "national_park": "Perry Park",
        "city_name_page": "perry-park-trip-planner"
    },
    {
        "place_id": "77525",
        "national_park": "Peter Lougheed Provincial Park",
        "city_name_page": "peter-lougheed-provincial-park-trip-planner"
    },
    {
        "place_id": "60365",
        "national_park": "Petrified Forest",
        "city_name_page": "petrified-forest-national-park-trip-planner"
    },
    {
        "place_id": "60365",
        "national_park": "Petrified Forest National Park",
        "city_name_page": "petrified-forest-national-park-trip-planner"
    },
    {
        "place_id": "85798",
        "national_park": "Picnic Point",
        "city_name_page": "picnic-point-trip-planner"
    },
    {
        "place_id": "66933",
        "national_park": "Pine Hill",
        "city_name_page": "pine-hill-trip-planner"
    },
    {
        "place_id": "63869",
        "national_park": "Pleasant Grove",
        "city_name_page": "pleasant-grove-trip-planner"
    },
    {
        "place_id": "61280",
        "national_park": "Point Reyes National Seashore",
        "city_name_page": "point-reyes-national-seashore-trip-planner"
    },
    {
        "place_id": "76040",
        "national_park": "Qualicum Beach",
        "city_name_page": "qualicum-beach-trip-planner"
    },
    {
        "place_id": "58846",
        "national_park": "Racine",
        "city_name_page": "racine-trip-planner"
    },
    {
        "place_id": "7566",
        "national_park": "Rajaji National Park",
        "city_name_page": "rajaji-national-park-trip-planner"
    },
    {
        "place_id": "148524",
        "national_park": "Redstone Arsenal",
        "city_name_page": "redstone-arsenal-trip-planner"
    },
    {
        "place_id": "63985",
        "national_park": "Redwood National Park",
        "city_name_page": "redwood-national-park-trip-planner"
    },
    {
        "place_id": "79102",
        "national_park": "Barra del Colorado Wildlife Refuge",
        "city_name_page": "barra-del-colorado-wildlife-refuge-trip-planner"
    },
    {
        "place_id": "132050",
        "national_park": "Tambopata National Reserve",
        "city_name_page": "tambopata-national-reserve-trip-planner"
    },
    {
        "place_id": "152760",
        "national_park": "Ridge Park",
        "city_name_page": "pleasure-ridge-park-trip-planner"
    },
    {
        "place_id": "65227",
        "national_park": "Riverdale Park",
        "city_name_page": "riverdale-park-trip-planner"
    },
    {
        "place_id": "65227",
        "national_park": "Riverdale Park",
        "city_name_page": "riverdale-park-trip-planner"
    },
    {
        "place_id": "65227",
        "national_park": "Riverdale Park",
        "city_name_page": "riverdale-park-trip-planner"
    },
    {
        "place_id": "148799",
        "national_park": "Rock Point",
        "city_name_page": "rock-point-trip-planner"
    },
    {
        "place_id": "58428",
        "national_park": "Rocky Mountain National Park",
        "city_name_page": "rocky-mountain-national-park-trip-planner"
    },
    {
        "place_id": "56042",
        "national_park": "Rold Skov",
        "city_name_page": "rold-skov-trip-planner"
    },
    {
        "place_id": "3633",
        "national_park": "Sagarmatha National Park",
        "city_name_page": "sagarmatha-national-park-trip-planner"
    },
    {
        "place_id": "85548",
        "national_park": "Sandy Beach",
        "city_name_page": "sandy-beach-trip-planner"
    },
    {
        "place_id": "8457",
        "national_park": "Satpura National Park",
        "city_name_page": "satpura-national-park-trip-planner"
    },
    {
        "place_id": "66295",
        "national_park": "Schiller Park",
        "city_name_page": "schiller-park-trip-planner"
    },
    {
        "place_id": "66833",
        "national_park": "Seaside Park",
        "city_name_page": "seaside-park-trip-planner"
    },
    {
        "place_id": "66833",
        "national_park": "Seaside Park",
        "city_name_page": "seaside-park-trip-planner"
    },
    {
        "place_id": "179602",
        "national_park": "Sehlabathebe National Park",
        "city_name_page": "sehlabathebe-national-park-trip-planner"
    },
    {
        "place_id": "17705",
        "national_park": "Serra da Estrela",
        "city_name_page": "serra-da-estrela-trip-planner"
    },
    {
        "place_id": "84644",
        "national_park": "Sheep Hill",
        "city_name_page": "sheep-hills-trip-planner"
    },
    {
        "place_id": "59599",
        "national_park": "Shenandoah National Park",
        "city_name_page": "shenandoah-national-park-trip-planner"
    },
    {
        "place_id": "153564",
        "national_park": "Sherwood Forest",
        "city_name_page": "sherwood-forest-trip-planner"
    },
    {
        "place_id": "153564",
        "national_park": "Sherwood Forest",
        "city_name_page": "sherwood-forest-trip-planner"
    },
    {
        "place_id": "153564",
        "national_park": "Sherwood Forest",
        "city_name_page": "sherwood-forest-trip-planner"
    },
    {
        "place_id": "153564",
        "national_park": "Sherwood Forest",
        "city_name_page": "sherwood-forest-trip-planner"
    },
    {
        "place_id": "76131",
        "national_park": "Sherwood Park",
        "city_name_page": "sherwood-park-trip-planner"
    },
    {
        "place_id": "76131",
        "national_park": "Sherwood Park",
        "city_name_page": "sherwood-park-trip-planner"
    },
    {
        "place_id": "76131",
        "national_park": "Sherwood Park",
        "city_name_page": "sherwood-park-trip-planner"
    },
    {
        "place_id": "7068",
        "national_park": "Simlipal National Park",
        "city_name_page": "simlipal-national-park-trip-planner"
    },
    {
        "place_id": "6795",
        "national_park": "Singalila National Park",
        "city_name_page": "singalila-national-park-trip-planner"
    },
    {
        "place_id": "64853",
        "national_park": "South Park",
        "city_name_page": "south-park-township-trip-planner"
    },
    {
        "place_id": "64853",
        "national_park": "South Park",
        "city_name_page": "south-park-township-trip-planner"
    },
    {
        "place_id": "64853",
        "national_park": "South Park",
        "city_name_page": "south-park-township-trip-planner"
    },
    {
        "place_id": "64853",
        "national_park": "South Park",
        "city_name_page": "south-park-township-trip-planner"
    },
    {
        "place_id": "64853",
        "national_park": "South Park",
        "city_name_page": "south-park-township-trip-planner"
    },
    {
        "place_id": "64853",
        "national_park": "South Park",
        "city_name_page": "south-park-township-trip-planner"
    },
    {
        "place_id": "64853",
        "national_park": "South Park",
        "city_name_page": "south-park-township-trip-planner"
    },
    {
        "place_id": "85529",
        "national_park": "Southwest National Park",
        "city_name_page": "southwest-national-park-trip-planner"
    },
    {
        "place_id": "156747",
        "national_park": "Spring Lake",
        "city_name_page": "boiling-spring-lakes-trip-planner"
    },
    {
        "place_id": "62128",
        "national_park": "Spring Lake Park",
        "city_name_page": "spring-lake-park-trip-planner"
    },
    {
        "place_id": "62128",
        "national_park": "Spring Lake Park",
        "city_name_page": "spring-lake-park-trip-planner"
    },
    {
        "place_id": "62128",
        "national_park": "Spring Lake Park",
        "city_name_page": "spring-lake-park-trip-planner"
    },
    {
        "place_id": "62128",
        "national_park": "Spring Lake Park",
        "city_name_page": "spring-lake-park-trip-planner"
    },
    {
        "place_id": "62128",
        "national_park": "Spring Lake Park",
        "city_name_page": "spring-lake-park-trip-planner"
    },
    {
        "place_id": "62128",
        "national_park": "Spring Lake Park",
        "city_name_page": "spring-lake-park-trip-planner"
    },
    {
        "place_id": "66674",
        "national_park": "Spring Park",
        "city_name_page": "spring-park-trip-planner"
    },
    {
        "place_id": "66674",
        "national_park": "Spring Park",
        "city_name_page": "spring-park-trip-planner"
    },
    {
        "place_id": "79403",
        "national_park": "St Lucia",
        "city_name_page": "st-lucia-trip-planner"
    },
    {
        "place_id": "70339",
        "national_park": "Stansbury Park",
        "city_name_page": "stansbury-park-trip-planner"
    },
    {
        "place_id": "83504",
        "national_park": "Stirling Range National Park",
        "city_name_page": "stirling-range-national-park-trip-planner"
    },
    {
        "place_id": "79668",
        "national_park": "Table Mountain National Park",
        "city_name_page": "table-mountain-national-park-trip-planner"
    },
    {
        "place_id": "8236",
        "national_park": "Bako National Park",
        "city_name_page": "bako-national-park-trip-planner"
    },
    {
        "place_id": "5194",
        "national_park": "Taman Negara National Park",
        "city_name_page": "taman-negara-national-park-trip-planner"
    },
    {
        "place_id": "80456",
        "national_park": "Tankwa Karoo National Park",
        "city_name_page": "tankwa-karoo-national-park-trip-planner"
    },
    {
        "place_id": "35854",
        "national_park": "Tara National Park",
        "city_name_page": "tara-national-park-trip-planner"
    },
    {
        "place_id": "83268",
        "national_park": "Tasman National Park",
        "city_name_page": "abel-tasman-national-park-trip-planner"
    },
    {
        "place_id": "178797",
        "national_park": "Tat Ton National Park",
        "city_name_page": "tat-ton-national-park-trip-planner"
    },
    {
        "place_id": "157703",
        "national_park": "Terrace Park",
        "city_name_page": "terrace-park-trip-planner"
    },
    {
        "place_id": "157703",
        "national_park": "Terrace Park",
        "city_name_page": "terrace-park-trip-planner"
    },
    {
        "place_id": "47771",
        "national_park": "The Green",
        "city_name_page": "weston-on-the-green-trip-planner"
    },
    {
        "place_id": "61527",
        "national_park": "Theodore Roosevelt National Park",
        "city_name_page": "theodore-roosevelt-national-park-trip-planner"
    },
    {
        "place_id": "82799",
        "national_park": "Tongariro National Park",
        "city_name_page": "tongariro-national-park-trip-planner"
    },
    {
        "place_id": "79862",
        "national_park": "uKhahlamba-Drakensberg Park",
        "city_name_page": "ukhahlamba-drakensberg-park-trip-planner"
    },
    {
        "place_id": "48474",
        "national_park": "Ula",
        "city_name_page": "aberdulais-trip-planner"
    },
    {
        "place_id": "7444",
        "national_park": "Ulu Temburong National Park",
        "city_name_page": "ulu-temburong-national-park-trip-planner"
    },
    {
        "place_id": "85424",
        "national_park": "Undara Volcanic National Park",
        "city_name_page": "undara-volcanic-national-park-trip-planner"
    },
    {
        "place_id": "80200",
        "national_park": "Union Park",
        "city_name_page": "union-park-trip-planner"
    },
    {
        "place_id": "80200",
        "national_park": "Union Park",
        "city_name_page": "union-park-trip-planner"
    },
    {
        "place_id": "80200",
        "national_park": "Union Park",
        "city_name_page": "union-park-trip-planner"
    },
    {
        "place_id": "62826",
        "national_park": "University Park",
        "city_name_page": "university-park-trip-planner"
    },
    {
        "place_id": "62826",
        "national_park": "University Park",
        "city_name_page": "university-park-trip-planner"
    },
    {
        "place_id": "62826",
        "national_park": "University Park",
        "city_name_page": "university-park-trip-planner"
    },
    {
        "place_id": "62499",
        "national_park": "Valley Park",
        "city_name_page": "the-valley-park-trip-planner"
    },
    {
        "place_id": "62499",
        "national_park": "Valley Park",
        "city_name_page": "the-valley-park-trip-planner"
    },
    {
        "place_id": "62499",
        "national_park": "Valley Park",
        "city_name_page": "the-valley-park-trip-planner"
    },
    {
        "place_id": "62499",
        "national_park": "Valley Park",
        "city_name_page": "the-valley-park-trip-planner"
    },
    {
        "place_id": "7518",
        "national_park": "Valmiki National Park",
        "city_name_page": "valmiki-national-park-trip-planner"
    },
    {
        "place_id": "181333",
        "national_park": "Victoria Park",
        "city_name_page": "east-victoria-park-trip-planner"
    },
    {
        "place_id": "181333",
        "national_park": "Victoria Park",
        "city_name_page": "east-victoria-park-trip-planner"
    },
    {
        "place_id": "181333",
        "national_park": "Victoria Park",
        "city_name_page": "east-victoria-park-trip-planner"
    },
    {
        "place_id": "181333",
        "national_park": "Victoria Park",
        "city_name_page": "east-victoria-park-trip-planner"
    },
    {
        "place_id": "181333",
        "national_park": "Victoria Park",
        "city_name_page": "east-victoria-park-trip-planner"
    },
    {
        "place_id": "181333",
        "national_park": "Victoria Park",
        "city_name_page": "east-victoria-park-trip-planner"
    },
    {
        "place_id": "181333",
        "national_park": "Victoria Park",
        "city_name_page": "east-victoria-park-trip-planner"
    },
    {
        "place_id": "181333",
        "national_park": "Victoria Park",
        "city_name_page": "east-victoria-park-trip-planner"
    },
    {
        "place_id": "181333",
        "national_park": "Victoria Park",
        "city_name_page": "east-victoria-park-trip-planner"
    },
    {
        "place_id": "181333",
        "national_park": "Victoria Park",
        "city_name_page": "east-victoria-park-trip-planner"
    },
    {
        "place_id": "181333",
        "national_park": "Victoria Park",
        "city_name_page": "east-victoria-park-trip-planner"
    },
    {
        "place_id": "181333",
        "national_park": "Victoria Park",
        "city_name_page": "east-victoria-park-trip-planner"
    },
    {
        "place_id": "181333",
        "national_park": "Victoria Park",
        "city_name_page": "east-victoria-park-trip-planner"
    },
    {
        "place_id": "181333",
        "national_park": "Victoria Park",
        "city_name_page": "east-victoria-park-trip-planner"
    },
    {
        "place_id": "181333",
        "national_park": "Victoria Park",
        "city_name_page": "east-victoria-park-trip-planner"
    },
    {
        "place_id": "181333",
        "national_park": "Victoria Park",
        "city_name_page": "east-victoria-park-trip-planner"
    },
    {
        "place_id": "181333",
        "national_park": "Victoria Park",
        "city_name_page": "east-victoria-park-trip-planner"
    },
    {
        "place_id": "181333",
        "national_park": "Victoria Park",
        "city_name_page": "east-victoria-park-trip-planner"
    },
    {
        "place_id": "20265",
        "national_park": "Vigla",
        "city_name_page": "mikri-vigla-trip-planner"
    },
    {
        "place_id": "81310",
        "national_park": "Virgin Islands National Park",
        "city_name_page": "the-virgin-islands-national-park-trip-planner"
    },
    {
        "place_id": "61274",
        "national_park": "Voyageurs National Park",
        "city_name_page": "voyageurs-national-park-trip-planner"
    },
    {
        "place_id": "88765",
        "national_park": "Wallonia",
        "city_name_page": "wallonia-trip-planner"
    },
    {
        "place_id": "71232",
        "national_park": "Washington Park",
        "city_name_page": "washington-park-trip-planner"
    },
    {
        "place_id": "71232",
        "national_park": "Washington Park",
        "city_name_page": "washington-park-trip-planner"
    },
    {
        "place_id": "71232",
        "national_park": "Washington Park",
        "city_name_page": "washington-park-trip-planner"
    },
    {
        "place_id": "71232",
        "national_park": "Washington Park",
        "city_name_page": "washington-park-trip-planner"
    },
    {
        "place_id": "71232",
        "national_park": "Washington Park",
        "city_name_page": "washington-park-trip-planner"
    },
    {
        "place_id": "71232",
        "national_park": "Washington Park",
        "city_name_page": "washington-park-trip-planner"
    },
    {
        "place_id": "71232",
        "national_park": "Washington Park",
        "city_name_page": "washington-park-trip-planner"
    },
    {
        "place_id": "71232",
        "national_park": "Washington Park",
        "city_name_page": "washington-park-trip-planner"
    },
    {
        "place_id": "71232",
        "national_park": "Washington Park",
        "city_name_page": "washington-park-trip-planner"
    },
    {
        "place_id": "71232",
        "national_park": "Washington Park",
        "city_name_page": "washington-park-trip-planner"
    },
    {
        "place_id": "71232",
        "national_park": "Washington Park",
        "city_name_page": "washington-park-trip-planner"
    },
    {
        "place_id": "71232",
        "national_park": "Washington Park",
        "city_name_page": "washington-park-trip-planner"
    },
    {
        "place_id": "71232",
        "national_park": "Washington Park",
        "city_name_page": "washington-park-trip-planner"
    },
    {
        "place_id": "71232",
        "national_park": "Washington Park",
        "city_name_page": "washington-park-trip-planner"
    },
    {
        "place_id": "76072",
        "national_park": "Waterton Lakes National Park",
        "city_name_page": "waterton-lakes-national-park-trip-planner"
    },
    {
        "place_id": "85021",
        "national_park": "Waychinicup National Park",
        "city_name_page": "waychinicup-national-park-trip-planner"
    },
    {
        "place_id": "177886",
        "national_park": "Welgevonden Game Reserve",
        "city_name_page": "welgevonden-game-reserve-trip-planner"
    },
    {
        "place_id": "80404",
        "national_park": "West Coast National Park",
        "city_name_page": "the-west-coast-national-park-trip-planner"
    },
    {
        "place_id": "73377",
        "national_park": "West Park",
        "city_name_page": "west-park-trip-planner"
    },
    {
        "place_id": "73377",
        "national_park": "West Park",
        "city_name_page": "west-park-trip-planner"
    },
    {
        "place_id": "73377",
        "national_park": "West Park",
        "city_name_page": "west-park-trip-planner"
    },
    {
        "place_id": "73377",
        "national_park": "West Park",
        "city_name_page": "west-park-trip-planner"
    },
    {
        "place_id": "73377",
        "national_park": "West Park",
        "city_name_page": "west-park-trip-planner"
    },
    {
        "place_id": "82672",
        "national_park": "Westland Tai Poutini National Park",
        "city_name_page": "westland-tai-poutini-national-park-trip-planner"
    },
    {
        "place_id": "80453",
        "national_park": "Wetland Park",
        "city_name_page": "isimangaliso-wetland-park-trip-planner"
    },
    {
        "place_id": "83767",
        "national_park": "Whangarei Heads",
        "city_name_page": "whangarei-heads-trip-planner"
    },
    {
        "place_id": "69135",
        "national_park": "White Hill",
        "city_name_page": "white-hills-trip-planner"
    },
    {
        "place_id": "72286",
        "national_park": "White Sands",
        "city_name_page": "white-sands-trip-planner"
    },
    {
        "place_id": "76240",
        "national_park": "Whiteshell Provincial Park",
        "city_name_page": "whiteshell-provincial-park-trip-planner"
    },
    {
        "place_id": "182669",
        "national_park": "Wienerwald",
        "city_name_page": "sulz-im-wienerwald-trip-planner"
    },
    {
        "place_id": "181453",
        "national_park": "William Bay National Park",
        "city_name_page": "william-bay-national-park-trip-planner"
    },
    {
        "place_id": "160656",
        "national_park": "Willow Park",
        "city_name_page": "willow-park-trip-planner"
    },
    {
        "place_id": "160656",
        "national_park": "Willow Park",
        "city_name_page": "willow-park-trip-planner"
    },
    {
        "place_id": "160656",
        "national_park": "Willow Park",
        "city_name_page": "willow-park-trip-planner"
    },
    {
        "place_id": "160656",
        "national_park": "Willow Park",
        "city_name_page": "willow-park-trip-planner"
    },
    {
        "place_id": "160656",
        "national_park": "Willow Park",
        "city_name_page": "willow-park-trip-planner"
    },
    {
        "place_id": "160656",
        "national_park": "Willow Park",
        "city_name_page": "willow-park-trip-planner"
    },
    {
        "place_id": "82886",
        "national_park": "Wilsons Promontory National Park",
        "city_name_page": "wilsons-promontory-national-park-trip-planner"
    },
    {
        "place_id": "64353",
        "national_park": "Wind Cave National Park",
        "city_name_page": "wind-cave-national-park-trip-planner"
    },
    {
        "place_id": "58438",
        "national_park": "Winter Park",
        "city_name_page": "winter-park-trip-planner"
    },
    {
        "place_id": "58438",
        "national_park": "winter park",
        "city_name_page": "winter-park-trip-planner"
    },
    {
        "place_id": "85436",
        "national_park": "Witjira National Park",
        "city_name_page": "witjira-national-park-trip-planner"
    },
    {
        "place_id": "85662",
        "national_park": "Wollemi National Park",
        "city_name_page": "wollemi-national-park-trip-planner"
    },
    {
        "place_id": "149247",
        "national_park": "Wood Park",
        "city_name_page": "baywood-park-trip-planner"
    },
    {
        "place_id": "66970",
        "national_park": "Woodhaven",
        "city_name_page": "woodhaven-trip-planner"
    },
    {
        "place_id": "60806",
        "national_park": "Woodland Park",
        "city_name_page": "woodland-park-trip-planner"
    },
    {
        "place_id": "60806",
        "national_park": "Woodland Park",
        "city_name_page": "woodland-park-trip-planner"
    },
    {
        "place_id": "60806",
        "national_park": "Woodland Park",
        "city_name_page": "woodland-park-trip-planner"
    },
    {
        "place_id": "60806",
        "national_park": "Woodland Park",
        "city_name_page": "woodland-park-trip-planner"
    },
    {
        "place_id": "60806",
        "national_park": "Woodland Park",
        "city_name_page": "woodland-park-trip-planner"
    },
    {
        "place_id": "60806",
        "national_park": "Woodland Park",
        "city_name_page": "woodland-park-trip-planner"
    },
    {
        "place_id": "60806",
        "national_park": "Woodland Park",
        "city_name_page": "woodland-park-trip-planner"
    },
    {
        "place_id": "60806",
        "national_park": "Woodland Park",
        "city_name_page": "woodland-park-trip-planner"
    },
    {
        "place_id": "60806",
        "national_park": "Woodland Park",
        "city_name_page": "woodland-park-trip-planner"
    },
    {
        "place_id": "60806",
        "national_park": "Woodland Park",
        "city_name_page": "woodland-park-trip-planner"
    },
    {
        "place_id": "84057",
        "national_park": "Yalgorup National Park",
        "city_name_page": "yalgorup-national-park-trip-planner"
    },
    {
        "place_id": "58303",
        "national_park": "Yellowstone National Park",
        "city_name_page": "yellowstone-national-park-trip-planner"
    },
    {
        "place_id": "84936",
        "national_park": "Yengo National Park",
        "city_name_page": "yengo-national-park-trip-planner"
    },
    {
        "place_id": "76211",
        "national_park": "Yoho National Park",
        "city_name_page": "yoho-national-park-trip-planner"
    },
    {
        "place_id": "10072",
        "national_park": "Yorkshire Dales National Park",
        "city_name_page": "yorkshire-dales-national-park-trip-planner"
    },
    {
        "place_id": "58358",
        "national_park": "Yosemite National Park",
        "city_name_page": "yosemite-national-park-trip-planner"
    },
    {
        "place_id": "84057",
        "national_park": "Yalgorup National Park",
        "city_name_page": "yalgorup-national-park-trip-planner"
    },
    {
        "place_id": "58303",
        "national_park": "Yellowstone National Park",
        "city_name_page": "yellowstone-national-park-trip-planner"
    },
    {
        "place_id": "84936",
        "national_park": "Yengo National Park",
        "city_name_page": "yengo-national-park-trip-planner"
    },
    {
        "place_id": "76211",
        "national_park": "Yoho National Park",
        "city_name_page": "yoho-national-park-trip-planner"
    },
    {
        "place_id": "10072",
        "national_park": "Yorkshire Dales National Park",
        "city_name_page": "yorkshire-dales-national-park-trip-planner"
    },
    {
        "place_id": "58358",
        "national_park": "Yosemite National Park",
        "city_name_page": "yosemite-national-park-trip-planner"
    },
    {
        "place_id": "58857",
        "national_park": "Zion National Park",
        "city_name_page": "zion-national-park-trip-planner"
    }
]