[
  {
    "_id": "135383",
    "city_name": "Brazil"
  },
  {
    "_id": "135385",
    "city_name": "Argentina"
  },
  {
    "_id": "135391",
    "city_name": "Chile"
  },
  {
    "_id": "135393",
    "city_name": "Colombia"
  },
  {
    "_id": "135396",
    "city_name": "Ecuador"
  },
  {
    "_id": "135408",
    "city_name": "Uruguay"
  },
  {
    "_id": "135438",
    "city_name": "Bolivia"
  },
  {
    "_id": "135468",
    "city_name": "Venezuela"
  },
  {
    "_id": "135498",
    "city_name": "Paraguay"
  },
  {
    "_id": "135642",
    "city_name": "Suriname"
  },
  {
    "_id": "135733",
    "city_name": "Guyana"
  },
  {
    "_id": "79304",
    "city_name": "Mauritius"
  },
  {
    "_id": "86647",
    "city_name": "Japan"
  },
  {
    "_id": "86651",
    "city_name": "Thailand"
  },
  {
    "_id": "86652",
    "city_name": "Philippines"
  },
  {
    "_id": "86653",
    "city_name": "China"
  },
  {
    "_id": "86654",
    "city_name": "Singapore"
  },
  {
    "_id": "86655",
    "city_name": "Vietnam"
  },
  {
    "_id": "86656",
    "city_name": "South Korea"
  },
  {
    "_id": "86657",
    "city_name": "Shanghai Region"
  },
  {
    "_id": "86659",
    "city_name": "Cambodia"
  },
  {
    "_id": "86660",
    "city_name": "National Capital Territory of Delhi"
  },
  {
    "_id": "86661",
    "city_name": "India"
  },
  {
    "_id": "86663",
    "city_name": "Indonesia"
  },
  {
    "_id": "86667",
    "city_name": "Nepal"
  },
  {
    "_id": "86668",
    "city_name": "Taiwan"
  },
  {
    "_id": "86674",
    "city_name": "Rajasthan"
  },
  {
    "_id": "86675",
    "city_name": "Maharashtra"
  },
  {
    "_id": "86676",
    "city_name": "Hokkaido"
  },
  {
    "_id": "86683",
    "city_name": "Malaysia"
  },
  {
    "_id": "86686",
    "city_name": "Karnataka"
  },
  {
    "_id": "86689",
    "city_name": "Guangdong"
  },
  {
    "_id": "86693",
    "city_name": "Sri Lanka"
  },
  {
    "_id": "86698",
    "city_name": "Myanmar"
  },
  {
    "_id": "86706",
    "city_name": "Uttar Pradesh"
  },
  {
    "_id": "86710",
    "city_name": "Zhejiang"
  },
  {
    "_id": "86712",
    "city_name": "Sichuan"
  },
  {
    "_id": "86714",
    "city_name": "Kerala"
  },
  {
    "_id": "86716",
    "city_name": "West Bengal"
  },
  {
    "_id": "86719",
    "city_name": "Armenia"
  },
  {
    "_id": "86720",
    "city_name": "Shaanxi"
  },
  {
    "_id": "86722",
    "city_name": "Jiangsu"
  },
  {
    "_id": "86724",
    "city_name": "Telangana"
  },
  {
    "_id": "86729",
    "city_name": "Azerbaijan"
  },
  {
    "_id": "86731",
    "city_name": "Kazakhstan"
  },
  {
    "_id": "86743",
    "city_name": "Fujian"
  },
  {
    "_id": "86745",
    "city_name": "Shandong"
  },
  {
    "_id": "86772",
    "city_name": "Mongolia"
  },
  {
    "_id": "86774",
    "city_name": "Yunnan"
  },
  {
    "_id": "86776",
    "city_name": "Kyrgyzstan"
  },
  {
    "_id": "86779",
    "city_name": "Brunei Darussalam"
  },
  {
    "_id": "86781",
    "city_name": "Gujarat"
  },
  {
    "_id": "86784",
    "city_name": "Guangxi"
  },
  {
    "_id": "86797",
    "city_name": "Laos"
  },
  {
    "_id": "86805",
    "city_name": "Uttarakhand"
  },
  {
    "_id": "86816",
    "city_name": "Haryana"
  },
  {
    "_id": "86819",
    "city_name": "Bhutan"
  },
  {
    "_id": "86831",
    "city_name": "Pakistan"
  },
  {
    "_id": "86839",
    "city_name": "Jammu and Kashmir"
  },
  {
    "_id": "86851",
    "city_name": "Bangladesh"
  },
  {
    "_id": "86865",
    "city_name": "Uzbekistan"
  },
  {
    "_id": "86887",
    "city_name": "Punjab"
  },
  {
    "_id": "86904",
    "city_name": "Odisha"
  },
  {
    "_id": "86920",
    "city_name": "Madhya Pradesh"
  },
  {
    "_id": "86928",
    "city_name": "Sikkim"
  },
  {
    "_id": "86933",
    "city_name": "Andhra Pradesh"
  },
  {
    "_id": "86937",
    "city_name": "Assam"
  },
  {
    "_id": "86938",
    "city_name": "Tajikistan"
  },
  {
    "_id": "86972",
    "city_name": "Bihar"
  },
  {
    "_id": "86983",
    "city_name": "Maldives"
  },
  {
    "_id": "86988",
    "city_name": "Meghalaya"
  },
  {
    "_id": "87007",
    "city_name": "Chhattisgarh"
  },
  {
    "_id": "87070",
    "city_name": "Manipur"
  },
  {
    "_id": "87113",
    "city_name": "Jharkhand"
  },
  {
    "_id": "87139",
    "city_name": "Timor-Leste"
  },
  {
    "_id": "87411",
    "city_name": "Nagaland"
  },
  {
    "_id": "88352",
    "city_name": "Italy"
  },
  {
    "_id": "88358",
    "city_name": "France"
  },
  {
    "_id": "88359",
    "city_name": "United Kingdom"
  },
  {
    "_id": "88360",
    "city_name": "Russia"
  },
  {
    "_id": "88362",
    "city_name": "Spain"
  },
  {
    "_id": "88366",
    "city_name": "Czech Republic"
  },
  {
    "_id": "88367",
    "city_name": "Turkiye"
  },
  {
    "_id": "88368",
    "city_name": "Germany"
  },
  {
    "_id": "88373",
    "city_name": "The Netherlands"
  },
  {
    "_id": "88375",
    "city_name": "Greece"
  },
  {
    "_id": "88380",
    "city_name": "Hungary"
  },
  {
    "_id": "88384",
    "city_name": "Austria"
  },
  {
    "_id": "88386",
    "city_name": "Ireland"
  },
  {
    "_id": "88394",
    "city_name": "Ukraine"
  },
  {
    "_id": "88402",
    "city_name": "Denmark"
  },
  {
    "_id": "88403",
    "city_name": "Poland"
  },
  {
    "_id": "88405",
    "city_name": "Romania"
  },
  {
    "_id": "88406",
    "city_name": "Bavaria"
  },
  {
    "_id": "88407",
    "city_name": "Malta"
  },
  {
    "_id": "88408",
    "city_name": "Belgium"
  },
  {
    "_id": "88416",
    "city_name": "Hesse"
  },
  {
    "_id": "88419",
    "city_name": "Iceland"
  },
  {
    "_id": "88420",
    "city_name": "Georgia"
  },
  {
    "_id": "88423",
    "city_name": "Latvia"
  },
  {
    "_id": "88432",
    "city_name": "Norway"
  },
  {
    "_id": "88434",
    "city_name": "Finland"
  },
  {
    "_id": "88437",
    "city_name": "Switzerland"
  },
  {
    "_id": "88438",
    "city_name": "Croatia"
  },
  {
    "_id": "88445",
    "city_name": "Sweden"
  },
  {
    "_id": "88449",
    "city_name": "Bulgaria"
  },
  {
    "_id": "88455",
    "city_name": "Estonia"
  },
  {
    "_id": "88457",
    "city_name": "North Rhine-Westphalia"
  },
  {
    "_id": "88464",
    "city_name": "Serbia"
  },
  {
    "_id": "88477",
    "city_name": "Lithuania"
  },
  {
    "_id": "88478",
    "city_name": "Slovakia"
  },
  {
    "_id": "88486",
    "city_name": "Slovenia"
  },
  {
    "_id": "88503",
    "city_name": "Belarus"
  },
  {
    "_id": "88504",
    "city_name": "Saxony"
  },
  {
    "_id": "88527",
    "city_name": "Cyprus"
  },
  {
    "_id": "88528",
    "city_name": "Baden-Wurttemberg"
  },
  {
    "_id": "88559",
    "city_name": "Lower Saxony"
  },
  {
    "_id": "88597",
    "city_name": "Bosnia and Herzegovina"
  },
  {
    "_id": "88609",
    "city_name": "Albania"
  },
  {
    "_id": "88627",
    "city_name": "State of Bremen"
  },
  {
    "_id": "88629",
    "city_name": "Rhineland-Palatinate"
  },
  {
    "_id": "88641",
    "city_name": "Mecklenburg-West Pomerania"
  },
  {
    "_id": "88654",
    "city_name": "Montenegro"
  },
  {
    "_id": "88721",
    "city_name": "Schleswig-Holstein"
  },
  {
    "_id": "88723",
    "city_name": "Luxembourg"
  },
  {
    "_id": "88727",
    "city_name": "Republic of North Macedonia"
  },
  {
    "_id": "88731",
    "city_name": "Moldova"
  },
  {
    "_id": "88797",
    "city_name": "Brandenburg"
  },
  {
    "_id": "88978",
    "city_name": "Andorra"
  },
  {
    "_id": "89073",
    "city_name": "San Marino"
  },
  {
    "_id": "89098",
    "city_name": "Monaco"
  },
  {
    "_id": "89102",
    "city_name": "Kosovo"
  },
  {
    "_id": "89196",
    "city_name": "Faroe Islands"
  },
  {
    "_id": "89330",
    "city_name": "Liechtenstein"
  },
  {
    "_id": "90374",
    "city_name": "Canada"
  },
  {
    "_id": "90404",
    "city_name": "New York"
  },
  {
    "_id": "90405",
    "city_name": "California"
  },
  {
    "_id": "90406",
    "city_name": "Illinois"
  },
  {
    "_id": "90407",
    "city_name": "United States"
  },
  {
    "_id": "90409",
    "city_name": "Nevada"
  },
  {
    "_id": "90412",
    "city_name": "Washington"
  },
  {
    "_id": "90413",
    "city_name": "Louisiana"
  },
  {
    "_id": "90414",
    "city_name": "Florida"
  },
  {
    "_id": "90415",
    "city_name": "District of Columbia"
  },
  {
    "_id": "90419",
    "city_name": "Texas"
  },
  {
    "_id": "90420",
    "city_name": "Massachusetts"
  },
  {
    "_id": "90647",
    "city_name": "Panama"
  },
  {
    "_id": "90648",
    "city_name": "Honduras"
  },
  {
    "_id": "90651",
    "city_name": "Costa Rica"
  },
  {
    "_id": "90652",
    "city_name": "Guatemala"
  },
  {
    "_id": "90656",
    "city_name": "Belize"
  },
  {
    "_id": "90660",
    "city_name": "Nicaragua"
  },
  {
    "_id": "90663",
    "city_name": "El Salvador"
  },
  {
    "_id": "90759",
    "city_name": "Morocco"
  },
  {
    "_id": "90761",
    "city_name": "Tanzania"
  },
  {
    "_id": "90762",
    "city_name": "Kenya"
  },
  {
    "_id": "90763",
    "city_name": "Egypt"
  },
  {
    "_id": "90764",
    "city_name": "South Africa"
  },
  {
    "_id": "90774",
    "city_name": "Uganda"
  },
  {
    "_id": "90776",
    "city_name": "Ethiopia"
  },
  {
    "_id": "90785",
    "city_name": "Rwanda"
  },
  {
    "_id": "90788",
    "city_name": "Seychelles"
  },
  {
    "_id": "90790",
    "city_name": "Tunisia"
  },
  {
    "_id": "90791",
    "city_name": "Cape Verde"
  },
  {
    "_id": "90796",
    "city_name": "Namibia"
  },
  {
    "_id": "90797",
    "city_name": "Ghana"
  },
  {
    "_id": "90798",
    "city_name": "Madagascar"
  },
  {
    "_id": "90801",
    "city_name": "Zimbabwe"
  },
  {
    "_id": "90806",
    "city_name": "Zambia"
  },
  {
    "_id": "90810",
    "city_name": "Senegal"
  },
  {
    "_id": "90815",
    "city_name": "Nigeria"
  },
  {
    "_id": "90816",
    "city_name": "Mozambique"
  },
  {
    "_id": "90817",
    "city_name": "Reunion Island"
  },
  {
    "_id": "90821",
    "city_name": "Botswana"
  },
  {
    "_id": "90823",
    "city_name": "Algeria"
  },
  {
    "_id": "90840",
    "city_name": "Gambia"
  },
  {
    "_id": "90847",
    "city_name": "Angola"
  },
  {
    "_id": "91219",
    "city_name": "Caribbean"
  },
  {
    "_id": "91342",
    "city_name": "Mexico"
  },
  {
    "_id": "91386",
    "city_name": "Victoria"
  },
  {
    "_id": "91387",
    "city_name": "Australia"
  },
  {
    "_id": "91388",
    "city_name": "New South Wales"
  },
  {
    "_id": "91389",
    "city_name": "Queensland"
  },
  {
    "_id": "91394",
    "city_name": "New Zealand"
  },
  {
    "_id": "91397",
    "city_name": "South Australia"
  },
  {
    "_id": "91399",
    "city_name": "Western Australia"
  },
  {
    "_id": "91403",
    "city_name": "Fiji"
  },
  {
    "_id": "91406",
    "city_name": "Tasmania"
  },
  {
    "_id": "91409",
    "city_name": "Mariana Islands"
  },
  {
    "_id": "91411",
    "city_name": "Northern Territory"
  },
  {
    "_id": "91413",
    "city_name": "New Caledonia"
  },
  {
    "_id": "91416",
    "city_name": "Vanuatu"
  },
  {
    "_id": "91420",
    "city_name": "French Polynesia"
  },
  {
    "_id": "91427",
    "city_name": "Cook Islands"
  },
  {
    "_id": "91433",
    "city_name": "Samoa"
  },
  {
    "_id": "91463",
    "city_name": "Papua New Guinea"
  },
  {
    "_id": "91524",
    "city_name": "United Arab Emirates"
  },
  {
    "_id": "91525",
    "city_name": "Israel"
  },
  {
    "_id": "91526",
    "city_name": "Lebanon"
  },
  {
    "_id": "91530",
    "city_name": "Iran"
  },
  {
    "_id": "91534",
    "city_name": "Jordan"
  },
  {
    "_id": "91535",
    "city_name": "Qatar"
  },
  {
    "_id": "91536",
    "city_name": "Oman"
  },
  {
    "_id": "91537",
    "city_name": "Kuwait"
  },
  {
    "_id": "91540",
    "city_name": "Bahrain"
  },
  {
    "_id": "91548",
    "city_name": "Saudi Arabia"
  },
  {
    "_id": "91555",
    "city_name": "Palestinian Territories"
  },
  {
    "_id": "91564",
    "city_name": "Iraq"
  }
]