[
  {
    "id": "1",
    "name": "Tokyo",
    "popularity": 251550
  },
  {
    "id": "135387",
    "name": "Cusco Region",
    "popularity": 135521
  },
  {
    "id": "135389",
    "name": "Santiago Metropolitan Region",
    "popularity": 230571
  },
  {
    "id": "135390",
    "name": "Lima Region",
    "popularity": 112117
  },
  {
    "id": "135410",
    "name": "Cuyo",
    "popularity": 92718
  },
  {
    "id": "135420",
    "name": "Patagonia",
    "popularity": 200305
  },
  {
    "id": "135425",
    "name": "Amazon River",
    "popularity": 43324
  },
  {
    "id": "135437",
    "name": "Valparaiso Region",
    "popularity": 47533
  },
  {
    "id": "135440",
    "name": "Arequipa Region",
    "popularity": 29887
  },
  {
    "id": "135445",
    "name": "Central Argentina",
    "popularity": 138551
  },
  {
    "id": "135451",
    "name": "Antofagasta Region",
    "popularity": 45142
  },
  {
    "id": "135454",
    "name": "Northern Argentina",
    "popularity": 83583
  },
  {
    "id": "135475",
    "name": "Litoral",
    "popularity": 94257
  },
  {
    "id": "135487",
    "name": "Magallanes Region",
    "popularity": 24580
  },
  {
    "id": "135511",
    "name": "Los Lagos Region",
    "popularity": 29633
  },
  {
    "id": "147640",
    "name": "Gianyar Regency",
    "popularity": 93831
  },
  {
    "id": "174626",
    "name": "Bukit Peninsula",
    "popularity": 20340
  },
  {
    "id": "86646",
    "name": "Kanto",
    "popularity": 454943
  },
  {
    "id": "86649",
    "name": "Kinki",
    "popularity": 360492
  },
  {
    "id": "86665",
    "name": "Bagmati Zone",
    "popularity": 44677
  },
  {
    "id": "86666",
    "name": "Central Region",
    "popularity": 46543
  },
  {
    "id": "86678",
    "name": "Tokai",
    "popularity": 115320
  },
  {
    "id": "86679",
    "name": "Chubu",
    "popularity": 237810
  },
  {
    "id": "86681",
    "name": "Kyushu",
    "popularity": 136121
  },
  {
    "id": "86691",
    "name": "Tamil Nadu",
    "popularity": 115522
  },
  {
    "id": "86695",
    "name": "Java",
    "popularity": 164160
  },
  {
    "id": "86697",
    "name": "Yangon Region",
    "popularity": 31966
  },
  {
    "id": "86700",
    "name": "Tohoku",
    "popularity": 58500
  },
  {
    "id": "86704",
    "name": "Chugoku",
    "popularity": 96550
  },
  {
    "id": "86708",
    "name": "Hokuriku",
    "popularity": 48782
  },
  {
    "id": "86742",
    "name": "Mimaropa",
    "popularity": 36001
  },
  {
    "id": "86748",
    "name": "Koshinetsu",
    "popularity": 74398
  },
  {
    "id": "86755",
    "name": "Shikoku",
    "popularity": 41434
  },
  {
    "id": "86833",
    "name": "Mandalay Region",
    "popularity": 25809
  },
  {
    "id": "86838",
    "name": "Kashmir",
    "popularity": 25075
  },
  {
    "id": "86853",
    "name": "Goa",
    "popularity": 51197
  },
  {
    "id": "86858",
    "name": "Ladakh",
    "popularity": 20471
  },
  {
    "id": "86863",
    "name": "Himachal Pradesh",
    "popularity": 56125
  },
  {
    "id": "86885",
    "name": "Sumatra",
    "popularity": 25350
  },
  {
    "id": "86953",
    "name": "Yogyakarta Region",
    "popularity": 27517
  },
  {
    "id": "88353",
    "name": "Ile-de-France",
    "popularity": 993279
  },
  {
    "id": "88355",
    "name": "Central Russia",
    "popularity": 261630
  },
  {
    "id": "88356",
    "name": "Lazio",
    "popularity": 898352
  },
  {
    "id": "88361",
    "name": "Catalonia",
    "popularity": 860293
  },
  {
    "id": "88363",
    "name": "Northwestern District",
    "popularity": 220886
  },
  {
    "id": "88364",
    "name": "Bohemia",
    "popularity": 384274
  },
  {
    "id": "88365",
    "name": "Community of Madrid",
    "popularity": 426002
  },
  {
    "id": "88369",
    "name": "Lombardy",
    "popularity": 431338
  },
  {
    "id": "88374",
    "name": "Central Portugal",
    "popularity": 474575
  },
  {
    "id": "88377",
    "name": "Central Hungary",
    "popularity": 273181
  },
  {
    "id": "88379",
    "name": "Vienna Region",
    "popularity": 247315
  },
  {
    "id": "88382",
    "name": "Tuscany",
    "popularity": 620578
  },
  {
    "id": "88391",
    "name": "Attica",
    "popularity": 179038
  },
  {
    "id": "88392",
    "name": "Campania",
    "popularity": 338690
  },
  {
    "id": "88393",
    "name": "Veneto",
    "popularity": 478317
  },
  {
    "id": "88398",
    "name": "Zealand",
    "popularity": 165815
  },
  {
    "id": "88399",
    "name": "Southern Poland",
    "popularity": 210239
  },
  {
    "id": "88400",
    "name": "Andalucia",
    "popularity": 653136
  },
  {
    "id": "88401",
    "name": "Central Poland",
    "popularity": 108519
  },
  {
    "id": "88411",
    "name": "Piedmont",
    "popularity": 205669
  },
  {
    "id": "88413",
    "name": "Urals District",
    "popularity": 25529
  },
  {
    "id": "88415",
    "name": "Northern Portugal",
    "popularity": 193201
  },
  {
    "id": "88417",
    "name": "Capital Region",
    "popularity": 63612
  },
  {
    "id": "88421",
    "name": "Valencian Community",
    "popularity": 280843
  },
  {
    "id": "88422",
    "name": "Riga Region",
    "popularity": 45320
  },
  {
    "id": "88427",
    "name": "South Aegean",
    "popularity": 275408
  },
  {
    "id": "88429",
    "name": "Nouvelle-Aquitaine",
    "popularity": 244533
  },
  {
    "id": "88430",
    "name": "Eastern Norway",
    "popularity": 87691
  },
  {
    "id": "88433",
    "name": "Uusimaa",
    "popularity": 66588
  },
  {
    "id": "88436",
    "name": "Central Croatia",
    "popularity": 44261
  },
  {
    "id": "88440",
    "name": "Auvergne-Rhone-Alpes",
    "popularity": 221520
  },
  {
    "id": "88443",
    "name": "French Riviera - Cote d'Azur",
    "popularity": 166868
  },
  {
    "id": "88444",
    "name": "Emilia-Romagna",
    "popularity": 252405
  },
  {
    "id": "88446",
    "name": "Provence-Alpes-Cote d'Azur",
    "popularity": 139756
  },
  {
    "id": "88451",
    "name": "Madeira Islands",
    "popularity": 81909
  },
  {
    "id": "88454",
    "name": "Southern District",
    "popularity": 67211
  },
  {
    "id": "88456",
    "name": "Costa del Sol",
    "popularity": 195582
  },
  {
    "id": "88459",
    "name": "Italian Riviera",
    "popularity": 135579
  },
  {
    "id": "88461",
    "name": "Liguria",
    "popularity": 144912
  },
  {
    "id": "88462",
    "name": "Volga District",
    "popularity": 64702
  },
  {
    "id": "88466",
    "name": "West Yorkshire",
    "popularity": 72282
  },
  {
    "id": "88468",
    "name": "Yorkshire",
    "popularity": 379628
  },
  {
    "id": "88470",
    "name": "Friuli Venezia Giulia",
    "popularity": 58522
  },
  {
    "id": "88474",
    "name": "Bratislava Region",
    "popularity": 39425
  },
  {
    "id": "88475",
    "name": "Dalmatia",
    "popularity": 168621
  },
  {
    "id": "88482",
    "name": "Brighton and Hove",
    "popularity": 43518
  },
  {
    "id": "88484",
    "name": "Upper Carniola Region",
    "popularity": 54402
  },
  {
    "id": "88491",
    "name": "Siberian District",
    "popularity": 35274
  },
  {
    "id": "88494",
    "name": "Occitanie",
    "popularity": 265698
  },
  {
    "id": "88497",
    "name": "South Wales",
    "popularity": 88156
  },
  {
    "id": "88501",
    "name": "Flanders",
    "popularity": 197366
  },
  {
    "id": "88508",
    "name": "Turkish Mediterranean Coast",
    "popularity": 88782
  },
  {
    "id": "88512",
    "name": "Northern Poland",
    "popularity": 51982
  },
  {
    "id": "88514",
    "name": "Thessaloniki Region",
    "popularity": 21401
  },
  {
    "id": "88516",
    "name": "Central Macedonia",
    "popularity": 37866
  },
  {
    "id": "88517",
    "name": "Jutland",
    "popularity": 45020
  },
  {
    "id": "88524",
    "name": "Hauts-de-France",
    "popularity": 103426
  },
  {
    "id": "88526",
    "name": "Western Ireland",
    "popularity": 57326
  },
  {
    "id": "88532",
    "name": "Turkish Aegean Coast",
    "popularity": 137767
  },
  {
    "id": "88534",
    "name": "Franconia",
    "popularity": 63616
  },
  {
    "id": "88539",
    "name": "East Anglia",
    "popularity": 119178
  },
  {
    "id": "88541",
    "name": "Salzburg Region",
    "popularity": 73072
  },
  {
    "id": "88542",
    "name": "Austrian Alps",
    "popularity": 141249
  },
  {
    "id": "88545",
    "name": "Grand Est",
    "popularity": 176151
  },
  {
    "id": "88548",
    "name": "Azores",
    "popularity": 36540
  },
  {
    "id": "88551",
    "name": "Basque Country",
    "popularity": 95357
  },
  {
    "id": "88554",
    "name": "Far Eastern District",
    "popularity": 22633
  },
  {
    "id": "88561",
    "name": "Algarve",
    "popularity": 115221
  },
  {
    "id": "88568",
    "name": "Aragon",
    "popularity": 65062
  },
  {
    "id": "88571",
    "name": "Abruzzo",
    "popularity": 40333
  },
  {
    "id": "88579",
    "name": "Alentejo",
    "popularity": 54110
  },
  {
    "id": "88589",
    "name": "Moravia",
    "popularity": 20175
  },
  {
    "id": "88591",
    "name": "Pays de la Loire",
    "popularity": 102909
  },
  {
    "id": "88593",
    "name": "Western Norway",
    "popularity": 77740
  },
  {
    "id": "88596",
    "name": "Region of Murcia",
    "popularity": 27720
  },
  {
    "id": "88604",
    "name": "Puglia",
    "popularity": 192740
  },
  {
    "id": "88616",
    "name": "Chania Prefecture",
    "popularity": 58908
  },
  {
    "id": "88618",
    "name": "Trentino-Alto Adige",
    "popularity": 145416
  },
  {
    "id": "88620",
    "name": "Heraklion Prefecture",
    "popularity": 52034
  },
  {
    "id": "88624",
    "name": "Umbria",
    "popularity": 96495
  },
  {
    "id": "88630",
    "name": "Galicia",
    "popularity": 96681
  },
  {
    "id": "88636",
    "name": "West Coast",
    "popularity": 23374
  },
  {
    "id": "88643",
    "name": "Castile-La Mancha",
    "popularity": 69706
  },
  {
    "id": "88651",
    "name": "Central Romania",
    "popularity": 30571
  },
  {
    "id": "88652",
    "name": "Transylvania",
    "popularity": 44275
  },
  {
    "id": "88653",
    "name": "Tirol",
    "popularity": 51073
  },
  {
    "id": "88659",
    "name": "Amalfi Coast",
    "popularity": 36196
  },
  {
    "id": "88662",
    "name": "North Wales",
    "popularity": 118851
  },
  {
    "id": "88664",
    "name": "Castile and Leon",
    "popularity": 155333
  },
  {
    "id": "88670",
    "name": "Costa de la Luz",
    "popularity": 47043
  },
  {
    "id": "88673",
    "name": "Basilicata",
    "popularity": 40538
  },
  {
    "id": "88677",
    "name": "Cappadocia",
    "popularity": 26385
  },
  {
    "id": "88688",
    "name": "Cotswolds",
    "popularity": 58373
  },
  {
    "id": "88689",
    "name": "Northern Norway",
    "popularity": 24403
  },
  {
    "id": "88692",
    "name": "Rethymnon Prefecture",
    "popularity": 27238
  },
  {
    "id": "88705",
    "name": "Skane County",
    "popularity": 25571
  },
  {
    "id": "88714",
    "name": "Lake Como",
    "popularity": 30142
  },
  {
    "id": "88735",
    "name": "Brittany",
    "popularity": 116521
  },
  {
    "id": "88746",
    "name": "Istria",
    "popularity": 34308
  },
  {
    "id": "88756",
    "name": "Calabria",
    "popularity": 47101
  },
  {
    "id": "88763",
    "name": "The Ardennes",
    "popularity": 36716
  },
  {
    "id": "88765",
    "name": "Wallonia",
    "popularity": 57237
  },
  {
    "id": "88770",
    "name": "Costa Dorada",
    "popularity": 57237
  },
  {
    "id": "88778",
    "name": "Costa Brava",
    "popularity": 44462
  },
  {
    "id": "88785",
    "name": "Haute-Normandie",
    "popularity": 50692
  },
  {
    "id": "88786",
    "name": "Normandy",
    "popularity": 163328
  },
  {
    "id": "88791",
    "name": "Bourgogne-Franche-Comte",
    "popularity": 62080
  },
  {
    "id": "88813",
    "name": "Centre-Val de Loire",
    "popularity": 98628
  },
  {
    "id": "88825",
    "name": "Crimea",
    "popularity": 31385
  },
  {
    "id": "88843",
    "name": "Swiss Alps",
    "popularity": 53487
  },
  {
    "id": "88846",
    "name": "English Riviera",
    "popularity": 35600
  },
  {
    "id": "88850",
    "name": "Marche",
    "popularity": 65150
  },
  {
    "id": "88854",
    "name": "Basque Country",
    "popularity": 28869
  },
  {
    "id": "88870",
    "name": "Extremadura",
    "popularity": 34901
  },
  {
    "id": "88924",
    "name": "Basse-Normandie",
    "popularity": 111963
  },
  {
    "id": "88926",
    "name": "Lasithi Prefecture",
    "popularity": 25737
  },
  {
    "id": "88981",
    "name": "Peloponnese",
    "popularity": 34060
  },
  {
    "id": "89069",
    "name": "Dordogne",
    "popularity": 45162
  },
  {
    "id": "89238",
    "name": "South Region",
    "popularity": 49298
  },
  {
    "id": "90381",
    "name": "Canadian Rockies",
    "popularity": 91547
  },
  {
    "id": "90383",
    "name": "Newfoundland",
    "popularity": 26499
  },
  {
    "id": "90411",
    "name": "Central Florida",
    "popularity": 469921
  },
  {
    "id": "90418",
    "name": "Texas Gulf Coast",
    "popularity": 105678
  },
  {
    "id": "90424",
    "name": "Coastal South Carolina",
    "popularity": 169957
  },
  {
    "id": "90428",
    "name": "Georgia Coast",
    "popularity": 98287
  },
  {
    "id": "90434",
    "name": "Central Arizona",
    "popularity": 81320
  },
  {
    "id": "90438",
    "name": "Southwest Gulf Coast",
    "popularity": 148699
  },
  {
    "id": "90452",
    "name": "North Carolina Coast",
    "popularity": 56246
  },
  {
    "id": "90454",
    "name": "Finger Lakes",
    "popularity": 58117
  },
  {
    "id": "90456",
    "name": "Florida Panhandle",
    "popularity": 76061
  },
  {
    "id": "90460",
    "name": "DownEast and Acadia Maine",
    "popularity": 27864
  },
  {
    "id": "90461",
    "name": "Wasatch Range",
    "popularity": 24351
  },
  {
    "id": "90478",
    "name": "Jersey Shore",
    "popularity": 52988
  },
  {
    "id": "90482",
    "name": "Cape Cod",
    "popularity": 37101
  },
  {
    "id": "90488",
    "name": "Outer Banks",
    "popularity": 28248
  },
  {
    "id": "90494",
    "name": "White Mountains",
    "popularity": 28738
  },
  {
    "id": "90503",
    "name": "Oregon Coast",
    "popularity": 56394
  },
  {
    "id": "90507",
    "name": "Long Island",
    "popularity": 21983
  },
  {
    "id": "90514",
    "name": "Upper Peninsula",
    "popularity": 37099
  },
  {
    "id": "90755",
    "name": "Marrakech-Safi",
    "popularity": 171840
  },
  {
    "id": "90767",
    "name": "Red Sea and Sinai",
    "popularity": 62687
  },
  {
    "id": "90777",
    "name": "Souss-Massa",
    "popularity": 29494
  },
  {
    "id": "90778",
    "name": "Nile River Valley",
    "popularity": 42632
  },
  {
    "id": "91231",
    "name": "Saint Ann Parish",
    "popularity": 37454
  },
  {
    "id": "91341",
    "name": "Central Mexico and Gulf Coast",
    "popularity": 258582
  },
  {
    "id": "91344",
    "name": "Riviera Maya",
    "popularity": 188085
  },
  {
    "id": "91348",
    "name": "Yucatan Peninsula",
    "popularity": 405525
  },
  {
    "id": "91352",
    "name": "Baja California",
    "popularity": 53177
  },
  {
    "id": "91353",
    "name": "Southern Mexico",
    "popularity": 54730
  },
  {
    "id": "91358",
    "name": "Northern Mexico",
    "popularity": 24739
  },
  {
    "id": "91361",
    "name": "Pacific Coast",
    "popularity": 50043
  },
  {
    "id": "91390",
    "name": "Canterbury Region",
    "popularity": 52885
  },
  {
    "id": "91391",
    "name": "Brisbane Region",
    "popularity": 65032
  },
  {
    "id": "91392",
    "name": "South Island",
    "popularity": 167117
  },
  {
    "id": "91395",
    "name": "North Island",
    "popularity": 277377
  },
  {
    "id": "91400",
    "name": "Otago Region",
    "popularity": 60996
  },
  {
    "id": "91401",
    "name": "Cairns Region",
    "popularity": 37191
  },
  {
    "id": "91402",
    "name": "Australian Capital Territory",
    "popularity": 42179
  },
  {
    "id": "91408",
    "name": "Top End",
    "popularity": 35700
  },
  {
    "id": "91412",
    "name": "Bay of Plenty Region",
    "popularity": 53671
  },
  {
    "id": "91414",
    "name": "Sunshine Coast",
    "popularity": 31368
  },
  {
    "id": "91422",
    "name": "Waikato Region",
    "popularity": 42302
  },
  {
    "id": "91425",
    "name": "Red Centre",
    "popularity": 20795
  },
  {
    "id": "91434",
    "name": "Northland Region",
    "popularity": 22160
  }
]