[
  {
    "id": "1",
    "name": "Tokyo",
    "popularity": 251550
  },
  {
    "id": "135387",
    "name": "Cusco Region",
    "popularity": 135521
  },
  {
    "id": "135389",
    "name": "Santiago Metropolitan Region",
    "popularity": 230571
  },
  {
    "id": "135390",
    "name": "Lima Region",
    "popularity": 112117
  },
  {
    "id": "135410",
    "name": "Cuyo",
    "popularity": 92718
  },
  {
    "id": "135420",
    "name": "Patagonia",
    "popularity": 200305
  },
  {
    "id": "135425",
    "name": "Amazon River",
    "popularity": 43324
  },
  {
    "id": "135437",
    "name": "Valparaiso Region",
    "popularity": 47533
  },
  {
    "id": "135440",
    "name": "Arequipa Region",
    "popularity": 29887
  },
  {
    "id": "135445",
    "name": "Central Argentina",
    "popularity": 138551
  },
  {
    "id": "135451",
    "name": "Antofagasta Region",
    "popularity": 45142
  },
  {
    "id": "135454",
    "name": "Northern Argentina",
    "popularity": 83583
  },
  {
    "id": "135466",
    "name": "Capital Region",
    "popularity": 9472
  },
  {
    "id": "135475",
    "name": "Litoral",
    "popularity": 94257
  },
  {
    "id": "135487",
    "name": "Magallanes Region",
    "popularity": 24580
  },
  {
    "id": "135496",
    "name": "Araucania Region",
    "popularity": 15533
  },
  {
    "id": "135503",
    "name": "Loreto Region",
    "popularity": 6006
  },
  {
    "id": "135511",
    "name": "Los Lagos Region",
    "popularity": 29633
  },
  {
    "id": "135519",
    "name": "Ancash Region",
    "popularity": 4689
  },
  {
    "id": "135527",
    "name": "Puno Region",
    "popularity": 18369
  },
  {
    "id": "135553",
    "name": "Coquimbo Region",
    "popularity": 13907
  },
  {
    "id": "135604",
    "name": "Tarapaca Region",
    "popularity": 9893
  },
  {
    "id": "135610",
    "name": "Coastal Islands",
    "popularity": 14676
  },
  {
    "id": "135611",
    "name": "Insular Region",
    "popularity": 14676
  },
  {
    "id": "135618",
    "name": "Los Rios Region",
    "popularity": 7452
  },
  {
    "id": "135625",
    "name": "Ica Region",
    "popularity": 14898
  },
  {
    "id": "135630",
    "name": "Arica and Parinacota Region",
    "popularity": 5540
  },
  {
    "id": "135643",
    "name": "La Libertad Region",
    "popularity": 7571
  },
  {
    "id": "135692",
    "name": "San Martin Region",
    "popularity": 2989
  },
  {
    "id": "135709",
    "name": "Greater Concepcion",
    "popularity": 4929
  },
  {
    "id": "135710",
    "name": "Biobio Region",
    "popularity": 6575
  },
  {
    "id": "135713",
    "name": "Andean Region",
    "popularity": 4603
  },
  {
    "id": "135716",
    "name": "Aisen Region",
    "popularity": 4247
  },
  {
    "id": "135731",
    "name": "Demerara-Mahaica",
    "popularity": 1220
  },
  {
    "id": "135819",
    "name": "Cajamarca Region",
    "popularity": 3853
  },
  {
    "id": "135826",
    "name": "O'Higgins Region",
    "popularity": 8101
  },
  {
    "id": "135832",
    "name": "Madre de Dios Region",
    "popularity": 1772
  },
  {
    "id": "135864",
    "name": "Zulian Region",
    "popularity": 2139
  },
  {
    "id": "135888",
    "name": "Amazonas Region",
    "popularity": 2836
  },
  {
    "id": "135899",
    "name": "Alto Parana Department",
    "popularity": 4085
  },
  {
    "id": "135907",
    "name": "Maule Region",
    "popularity": 1811
  },
  {
    "id": "135917",
    "name": "Tacna Region",
    "popularity": 2223
  },
  {
    "id": "135940",
    "name": "Ayacucho Region",
    "popularity": 2004
  },
  {
    "id": "135994",
    "name": "Central-Western Region",
    "popularity": 2601
  },
  {
    "id": "135997",
    "name": "Atacama Region",
    "popularity": 2081
  },
  {
    "id": "136019",
    "name": "Junin Region",
    "popularity": 1410
  },
  {
    "id": "136112",
    "name": "Piura Region",
    "popularity": 2499
  },
  {
    "id": "136176",
    "name": "Lambayeque Region",
    "popularity": 3074
  },
  {
    "id": "136189",
    "name": "Ucayali Region",
    "popularity": 1221
  },
  {
    "id": "136262",
    "name": "Guayana Region",
    "popularity": 2817
  },
  {
    "id": "136384",
    "name": "Central Region",
    "popularity": 2198
  },
  {
    "id": "136438",
    "name": "Tumbes Region",
    "popularity": 1007
  },
  {
    "id": "136492",
    "name": "Apurimac Region",
    "popularity": 261
  },
  {
    "id": "136663",
    "name": "Huanuco Region",
    "popularity": 446
  },
  {
    "id": "137241",
    "name": "North-Eastern Region",
    "popularity": 982
  },
  {
    "id": "137319",
    "name": "Moquegua Region",
    "popularity": 182
  },
  {
    "id": "138406",
    "name": "Pasco Region",
    "popularity": 178
  },
  {
    "id": "138412",
    "name": "Huancavelica Region",
    "popularity": 84
  },
  {
    "id": "138924",
    "name": "Llanos Region",
    "popularity": 59
  },
  {
    "id": "141411",
    "name": "Rupununi",
    "popularity": 6
  },
  {
    "id": "141562",
    "name": "East Berbice-Corentyne",
    "popularity": 3
  },
  {
    "id": "143050",
    "name": "Upper Demerara-Berbice",
    "popularity": 1
  },
  {
    "id": "143226",
    "name": "Upper Takutu-Upper Essequibo",
    "popularity": 5
  },
  {
    "id": "143809",
    "name": "Tierra del Fuego",
    "popularity": 10
  },
  {
    "id": "147640",
    "name": "Gianyar Regency",
    "popularity": 93831
  },
  {
    "id": "153598",
    "name": "Berkshire",
    "popularity": 0
  },
  {
    "id": "174463",
    "name": "Beiras",
    "popularity": 0
  },
  {
    "id": "174473",
    "name": "Southern Finland",
    "popularity": 0
  },
  {
    "id": "174533",
    "name": "Baltic Coast",
    "popularity": 0
  },
  {
    "id": "174626",
    "name": "Bukit Peninsula",
    "popularity": 20340
  },
  {
    "id": "174633",
    "name": "Tengger Caldera",
    "popularity": 0
  },
  {
    "id": "175640",
    "name": "Marahoue Region",
    "popularity": 0
  },
  {
    "id": "176110",
    "name": "Trossachs",
    "popularity": 0
  },
  {
    "id": "176119",
    "name": "Estremadura",
    "popularity": 0
  },
  {
    "id": "176131",
    "name": "Harjedalen",
    "popularity": 0
  },
  {
    "id": "176132",
    "name": "Medelpad",
    "popularity": 0
  },
  {
    "id": "176133",
    "name": "The Lakelands",
    "popularity": 0
  },
  {
    "id": "176135",
    "name": "Eastern Finland",
    "popularity": 0
  },
  {
    "id": "176204",
    "name": "Buleleng Regency",
    "popularity": 10223
  },
  {
    "id": "176220",
    "name": "Valfrejus",
    "popularity": 0
  },
  {
    "id": "176317",
    "name": "Antarctic Peninsula",
    "popularity": 271
  },
  {
    "id": "176933",
    "name": "Barima-Waini",
    "popularity": 0
  },
  {
    "id": "177507",
    "name": "Unterwalden",
    "popularity": 0
  },
  {
    "id": "177668",
    "name": "Orinoco Delta",
    "popularity": 0
  },
  {
    "id": "177689",
    "name": "Marovo",
    "popularity": 0
  },
  {
    "id": "177725",
    "name": "Annapurna Region",
    "popularity": 0
  },
  {
    "id": "177726",
    "name": "Dolpo",
    "popularity": 0
  },
  {
    "id": "177727",
    "name": "Gosainkund",
    "popularity": 0
  },
  {
    "id": "177728",
    "name": "Helambu",
    "popularity": 0
  },
  {
    "id": "177729",
    "name": "Jomsom",
    "popularity": 0
  },
  {
    "id": "177730",
    "name": "Kangchenjunga Region",
    "popularity": 0
  },
  {
    "id": "177778",
    "name": "Sabi Sand Game Reserve",
    "popularity": 0
  },
  {
    "id": "177781",
    "name": "Djuma Game Reserve",
    "popularity": 0
  },
  {
    "id": "177782",
    "name": "Inyati Private Game Reserve",
    "popularity": 0
  },
  {
    "id": "177783",
    "name": "Leopard Hills Private Game Reserve",
    "popularity": 0
  },
  {
    "id": "177784",
    "name": "Londolozi Private Game Reserve",
    "popularity": 0
  },
  {
    "id": "177785",
    "name": "Mala Mala Private Game Reserve",
    "popularity": 0
  },
  {
    "id": "177786",
    "name": "Manyeleti Game Reserve",
    "popularity": 0
  },
  {
    "id": "177787",
    "name": "Singita Private Game Reserve",
    "popularity": 0
  },
  {
    "id": "177788",
    "name": "Kapama Private Game Reserve",
    "popularity": 0
  },
  {
    "id": "177789",
    "name": "Ngala Private Game Reserve",
    "popularity": 0
  },
  {
    "id": "177790",
    "name": "Thornybush Private Game Reserve",
    "popularity": 0
  },
  {
    "id": "177791",
    "name": "Timbavati Private Nature Reserve",
    "popularity": 0
  },
  {
    "id": "177802",
    "name": "Ulusaba Private Game Reserve",
    "popularity": 0
  },
  {
    "id": "177819",
    "name": "Damaraland",
    "popularity": 0
  },
  {
    "id": "177823",
    "name": "Lake Kariba",
    "popularity": 0
  },
  {
    "id": "177914",
    "name": "Selous Game Reserve",
    "popularity": 0
  },
  {
    "id": "178115",
    "name": "Arnhem",
    "popularity": 0
  },
  {
    "id": "178183",
    "name": "Gawler Ranges",
    "popularity": 0
  },
  {
    "id": "178475",
    "name": "Lake Nicaragua",
    "popularity": 0
  },
  {
    "id": "178543",
    "name": "Hadhramout",
    "popularity": 0
  },
  {
    "id": "179736",
    "name": "Syote",
    "popularity": 0
  },
  {
    "id": "179917",
    "name": "Liwa Oasis",
    "popularity": 0
  },
  {
    "id": "182801",
    "name": "Dailekh",
    "popularity": 0
  },
  {
    "id": "182854",
    "name": "Tafea",
    "popularity": 0
  },
  {
    "id": "183241",
    "name": "Moholoholo",
    "popularity": 0
  },
  {
    "id": "183483",
    "name": "Castle Road",
    "popularity": 0
  },
  {
    "id": "183484",
    "name": "German Fairytale Route",
    "popularity": 0
  },
  {
    "id": "183515",
    "name": "The Curragh",
    "popularity": 0
  },
  {
    "id": "183808",
    "name": "Wahiba Sands",
    "popularity": 0
  },
  {
    "id": "184104",
    "name": "Kolli Hills",
    "popularity": 0
  },
  {
    "id": "184350",
    "name": "Magoebaskloof",
    "popularity": 0
  },
  {
    "id": "185317",
    "name": "Lake Kariba",
    "popularity": 0
  },
  {
    "id": "186065",
    "name": "Mahaica-Berbice",
    "popularity": 0
  },
  {
    "id": "186197",
    "name": "Sun Valley-Ketchum",
    "popularity": 0
  },
  {
    "id": "186282",
    "name": "Iwokrama Forest",
    "popularity": 0
  },
  {
    "id": "187901",
    "name": "Prassonissi",
    "popularity": 0
  },
  {
    "id": "188148",
    "name": "Galloway Forest Park",
    "popularity": 0
  },
  {
    "id": "190086",
    "name": "Nunatsiavut",
    "popularity": 0
  },
  {
    "id": "190728",
    "name": "Tsirang District",
    "popularity": 0
  },
  {
    "id": "191080",
    "name": "Benishangul-Gumuz Region",
    "popularity": 0
  },
  {
    "id": "193810",
    "name": "Kitigan Zibi First Nations Reserve",
    "popularity": 0
  },
  {
    "id": "193855",
    "name": "Phobjikha Valley",
    "popularity": 0
  },
  {
    "id": "196977",
    "name": "Rio Lampara Rainforest",
    "popularity": 0
  },
  {
    "id": "86646",
    "name": "Kanto",
    "popularity": 454943
  },
  {
    "id": "86649",
    "name": "Kinki",
    "popularity": 360492
  },
  {
    "id": "86665",
    "name": "Bagmati Zone",
    "popularity": 44677
  },
  {
    "id": "86666",
    "name": "Central Region",
    "popularity": 46543
  },
  {
    "id": "86678",
    "name": "Tokai",
    "popularity": 115320
  },
  {
    "id": "86679",
    "name": "Chubu",
    "popularity": 237810
  },
  {
    "id": "86681",
    "name": "Kyushu",
    "popularity": 136121
  },
  {
    "id": "86691",
    "name": "Tamil Nadu",
    "popularity": 115522
  },
  {
    "id": "86695",
    "name": "Java",
    "popularity": 164160
  },
  {
    "id": "86697",
    "name": "Yangon Region",
    "popularity": 31966
  },
  {
    "id": "86700",
    "name": "Tohoku",
    "popularity": 58500
  },
  {
    "id": "86704",
    "name": "Chugoku",
    "popularity": 96550
  },
  {
    "id": "86708",
    "name": "Hokuriku",
    "popularity": 48782
  },
  {
    "id": "86742",
    "name": "Mimaropa",
    "popularity": 36001
  },
  {
    "id": "86748",
    "name": "Koshinetsu",
    "popularity": 74398
  },
  {
    "id": "86750",
    "name": "Gandaki Zone",
    "popularity": 13868
  },
  {
    "id": "86751",
    "name": "Western Region",
    "popularity": 13729
  },
  {
    "id": "86755",
    "name": "Shikoku",
    "popularity": 41434
  },
  {
    "id": "86768",
    "name": "West Coast Division",
    "popularity": 15638
  },
  {
    "id": "86818",
    "name": "Thimphu District",
    "popularity": 8915
  },
  {
    "id": "86833",
    "name": "Mandalay Region",
    "popularity": 25809
  },
  {
    "id": "86838",
    "name": "Kashmir",
    "popularity": 25075
  },
  {
    "id": "86848",
    "name": "Bohol Province",
    "popularity": 14560
  },
  {
    "id": "86850",
    "name": "Dhaka Division",
    "popularity": 5303
  },
  {
    "id": "86853",
    "name": "Goa",
    "popularity": 51197
  },
  {
    "id": "86858",
    "name": "Ladakh",
    "popularity": 20471
  },
  {
    "id": "86863",
    "name": "Himachal Pradesh",
    "popularity": 56125
  },
  {
    "id": "86864",
    "name": "Tashkent Province",
    "popularity": 5201
  },
  {
    "id": "86875",
    "name": "Bangli",
    "popularity": 5985
  },
  {
    "id": "86885",
    "name": "Sumatra",
    "popularity": 25350
  },
  {
    "id": "86907",
    "name": "Paro District",
    "popularity": 5743
  },
  {
    "id": "86921",
    "name": "Mekong Delta",
    "popularity": 1679
  },
  {
    "id": "86924",
    "name": "Cordillera Region",
    "popularity": 12642
  },
  {
    "id": "86949",
    "name": "Central Luzon Region",
    "popularity": 5972
  },
  {
    "id": "86953",
    "name": "Yogyakarta Region",
    "popularity": 27517
  },
  {
    "id": "86970",
    "name": "Sulawesi",
    "popularity": 9250
  },
  {
    "id": "86973",
    "name": "Samarqand Province",
    "popularity": 5239
  },
  {
    "id": "86976",
    "name": "Bukhara Province",
    "popularity": 4062
  },
  {
    "id": "87009",
    "name": "Kalimantan",
    "popularity": 5009
  },
  {
    "id": "87021",
    "name": "Riau Province",
    "popularity": 1220
  },
  {
    "id": "87057",
    "name": "Jammu",
    "popularity": 4151
  },
  {
    "id": "87107",
    "name": "Sandakan Division",
    "popularity": 10095
  },
  {
    "id": "87137",
    "name": "Maluku Islands",
    "popularity": 1918
  },
  {
    "id": "87146",
    "name": "West Timor",
    "popularity": 661
  },
  {
    "id": "87154",
    "name": "Zamboanga Peninsula",
    "popularity": 972
  },
  {
    "id": "87171",
    "name": "Chittagong Division",
    "popularity": 2192
  },
  {
    "id": "87179",
    "name": "Bicol Region",
    "popularity": 3581
  },
  {
    "id": "87192",
    "name": "Calabarzon Region",
    "popularity": 9359
  },
  {
    "id": "87203",
    "name": "Ilocos Region",
    "popularity": 8552
  },
  {
    "id": "87296",
    "name": "Cagayan Valley Region",
    "popularity": 1207
  },
  {
    "id": "87299",
    "name": "Rakhine State",
    "popularity": 1926
  },
  {
    "id": "87302",
    "name": "Xorazm Province",
    "popularity": 1906
  },
  {
    "id": "87380",
    "name": "Sylhet Division",
    "popularity": 835
  },
  {
    "id": "87407",
    "name": "Gilgit-Baltistan",
    "popularity": 998
  },
  {
    "id": "87445",
    "name": "Azad Kashmir",
    "popularity": 173
  },
  {
    "id": "87461",
    "name": "Narayani Zone",
    "popularity": 1919
  },
  {
    "id": "87475",
    "name": "Tanintharyi Region",
    "popularity": 214
  },
  {
    "id": "87541",
    "name": "Ayeyarwady Region",
    "popularity": 399
  },
  {
    "id": "87576",
    "name": "Bago Region",
    "popularity": 1479
  },
  {
    "id": "87585",
    "name": "Kayin State",
    "popularity": 941
  },
  {
    "id": "87627",
    "name": "Mon State",
    "popularity": 1761
  },
  {
    "id": "87629",
    "name": "Salcette",
    "popularity": 2350
  },
  {
    "id": "87668",
    "name": "Bogor Regency",
    "popularity": 477
  },
  {
    "id": "87669",
    "name": "Lumbini Zone",
    "popularity": 933
  },
  {
    "id": "87735",
    "name": "Sagaing Region",
    "popularity": 2125
  },
  {
    "id": "87776",
    "name": "Sagarmatha Zone",
    "popularity": 909
  },
  {
    "id": "87777",
    "name": "Eastern Region",
    "popularity": 1036
  },
  {
    "id": "87822",
    "name": "Punakha District",
    "popularity": 2565
  },
  {
    "id": "87823",
    "name": "Bumthang District",
    "popularity": 492
  },
  {
    "id": "87826",
    "name": "Tawau Division",
    "popularity": 201
  },
  {
    "id": "87837",
    "name": "Surxondaryo Province",
    "popularity": 47
  },
  {
    "id": "87880",
    "name": "Rajshahi Division",
    "popularity": 322
  },
  {
    "id": "87893",
    "name": "Hoa Lu District",
    "popularity": 69
  },
  {
    "id": "87937",
    "name": "Kosi Zone",
    "popularity": 69
  },
  {
    "id": "87956",
    "name": "Barisal Division",
    "popularity": 116
  },
  {
    "id": "87992",
    "name": "Trongsa District",
    "popularity": 250
  },
  {
    "id": "88007",
    "name": "Janakpur Zone",
    "popularity": 111
  },
  {
    "id": "88008",
    "name": "Qashqadaryo Province",
    "popularity": 270
  },
  {
    "id": "88016",
    "name": "Kachin State",
    "popularity": 51
  },
  {
    "id": "88036",
    "name": "Khumbu",
    "popularity": 289
  },
  {
    "id": "88052",
    "name": "Navoiy Province",
    "popularity": 41
  },
  {
    "id": "88063",
    "name": "Makwanpur",
    "popularity": 40
  },
  {
    "id": "88068",
    "name": "Khulna Division",
    "popularity": 245
  },
  {
    "id": "88072",
    "name": "Fergana Province",
    "popularity": 127
  },
  {
    "id": "88093",
    "name": "Magway Region",
    "popularity": 106
  },
  {
    "id": "88134",
    "name": "Mechi Zone",
    "popularity": 23
  },
  {
    "id": "88140",
    "name": "Republic of Karakalpakstan",
    "popularity": 281
  },
  {
    "id": "88155",
    "name": "Dhaulagiri Zone",
    "popularity": 298
  },
  {
    "id": "88157",
    "name": "Bheri Zone",
    "popularity": 40
  },
  {
    "id": "88158",
    "name": "Mid-Western Region",
    "popularity": 82
  },
  {
    "id": "88159",
    "name": "Karnali Zone",
    "popularity": 41
  },
  {
    "id": "88184",
    "name": "Rapti Zone",
    "popularity": 1
  },
  {
    "id": "88218",
    "name": "Trashigang District",
    "popularity": 45
  },
  {
    "id": "88231",
    "name": "Nubra Valley",
    "popularity": 249
  },
  {
    "id": "88325",
    "name": "Samdrup Jongkhar District",
    "popularity": 3
  },
  {
    "id": "88340",
    "name": "Rangpur Division",
    "popularity": 0
  },
  {
    "id": "88347",
    "name": "Seti Zone",
    "popularity": 11
  },
  {
    "id": "88348",
    "name": "Far-Western Region",
    "popularity": 21
  },
  {
    "id": "88353",
    "name": "Ile-de-France",
    "popularity": 993279
  },
  {
    "id": "88355",
    "name": "Central Russia",
    "popularity": 261630
  },
  {
    "id": "88356",
    "name": "Lazio",
    "popularity": 898352
  },
  {
    "id": "88361",
    "name": "Catalonia",
    "popularity": 860293
  },
  {
    "id": "88363",
    "name": "Northwestern District",
    "popularity": 220886
  },
  {
    "id": "88364",
    "name": "Bohemia",
    "popularity": 384274
  },
  {
    "id": "88365",
    "name": "Community of Madrid",
    "popularity": 426002
  },
  {
    "id": "88369",
    "name": "Lombardy",
    "popularity": 431338
  },
  {
    "id": "88374",
    "name": "Central Portugal",
    "popularity": 474575
  },
  {
    "id": "88377",
    "name": "Central Hungary",
    "popularity": 273181
  },
  {
    "id": "88379",
    "name": "Vienna Region",
    "popularity": 247315
  },
  {
    "id": "88382",
    "name": "Tuscany",
    "popularity": 620578
  },
  {
    "id": "88391",
    "name": "Attica",
    "popularity": 179038
  },
  {
    "id": "88392",
    "name": "Campania",
    "popularity": 338690
  },
  {
    "id": "88393",
    "name": "Veneto",
    "popularity": 478317
  },
  {
    "id": "88398",
    "name": "Zealand",
    "popularity": 165815
  },
  {
    "id": "88399",
    "name": "Southern Poland",
    "popularity": 210239
  },
  {
    "id": "88400",
    "name": "Andalucia",
    "popularity": 653136
  },
  {
    "id": "88401",
    "name": "Central Poland",
    "popularity": 108519
  },
  {
    "id": "88411",
    "name": "Piedmont",
    "popularity": 205669
  },
  {
    "id": "88413",
    "name": "Urals District",
    "popularity": 25529
  },
  {
    "id": "88415",
    "name": "Northern Portugal",
    "popularity": 193201
  },
  {
    "id": "88417",
    "name": "Capital Region",
    "popularity": 63612
  },
  {
    "id": "88421",
    "name": "Valencian Community",
    "popularity": 280843
  },
  {
    "id": "88422",
    "name": "Riga Region",
    "popularity": 45320
  },
  {
    "id": "88427",
    "name": "South Aegean",
    "popularity": 275408
  },
  {
    "id": "88429",
    "name": "Nouvelle-Aquitaine",
    "popularity": 244533
  },
  {
    "id": "88430",
    "name": "Eastern Norway",
    "popularity": 87691
  },
  {
    "id": "88433",
    "name": "Uusimaa",
    "popularity": 66588
  },
  {
    "id": "88436",
    "name": "Central Croatia",
    "popularity": 44261
  },
  {
    "id": "88440",
    "name": "Auvergne-Rhone-Alpes",
    "popularity": 221520
  },
  {
    "id": "88443",
    "name": "French Riviera - Cote d'Azur",
    "popularity": 166868
  },
  {
    "id": "88444",
    "name": "Emilia-Romagna",
    "popularity": 252405
  },
  {
    "id": "88446",
    "name": "Provence-Alpes-Cote d'Azur",
    "popularity": 139756
  },
  {
    "id": "88451",
    "name": "Madeira Islands",
    "popularity": 81909
  },
  {
    "id": "88454",
    "name": "Southern District",
    "popularity": 67211
  },
  {
    "id": "88456",
    "name": "Costa del Sol",
    "popularity": 195582
  },
  {
    "id": "88459",
    "name": "Italian Riviera",
    "popularity": 135579
  },
  {
    "id": "88461",
    "name": "Liguria",
    "popularity": 144912
  },
  {
    "id": "88462",
    "name": "Volga District",
    "popularity": 64702
  },
  {
    "id": "88466",
    "name": "West Yorkshire",
    "popularity": 72282
  },
  {
    "id": "88468",
    "name": "Yorkshire",
    "popularity": 379628
  },
  {
    "id": "88470",
    "name": "Friuli Venezia Giulia",
    "popularity": 58522
  },
  {
    "id": "88474",
    "name": "Bratislava Region",
    "popularity": 39425
  },
  {
    "id": "88475",
    "name": "Dalmatia",
    "popularity": 168621
  },
  {
    "id": "88482",
    "name": "Brighton and Hove",
    "popularity": 43518
  },
  {
    "id": "88484",
    "name": "Upper Carniola Region",
    "popularity": 54402
  },
  {
    "id": "88491",
    "name": "Siberian District",
    "popularity": 35274
  },
  {
    "id": "88494",
    "name": "Occitanie",
    "popularity": 265698
  },
  {
    "id": "88497",
    "name": "South Wales",
    "popularity": 88156
  },
  {
    "id": "88501",
    "name": "Flanders",
    "popularity": 197366
  },
  {
    "id": "88508",
    "name": "Turkish Mediterranean Coast",
    "popularity": 88782
  },
  {
    "id": "88512",
    "name": "Northern Poland",
    "popularity": 51982
  },
  {
    "id": "88514",
    "name": "Thessaloniki Region",
    "popularity": 21401
  },
  {
    "id": "88515",
    "name": "East Jutland",
    "popularity": 17090
  },
  {
    "id": "88516",
    "name": "Central Macedonia",
    "popularity": 37866
  },
  {
    "id": "88517",
    "name": "Jutland",
    "popularity": 45020
  },
  {
    "id": "88524",
    "name": "Hauts-de-France",
    "popularity": 103426
  },
  {
    "id": "88526",
    "name": "Western Ireland",
    "popularity": 57326
  },
  {
    "id": "88532",
    "name": "Turkish Aegean Coast",
    "popularity": 137767
  },
  {
    "id": "88534",
    "name": "Franconia",
    "popularity": 63616
  },
  {
    "id": "88539",
    "name": "East Anglia",
    "popularity": 119178
  },
  {
    "id": "88541",
    "name": "Salzburg Region",
    "popularity": 73072
  },
  {
    "id": "88542",
    "name": "Austrian Alps",
    "popularity": 141249
  },
  {
    "id": "88545",
    "name": "Grand Est",
    "popularity": 176151
  },
  {
    "id": "88548",
    "name": "Azores",
    "popularity": 36540
  },
  {
    "id": "88551",
    "name": "Basque Country",
    "popularity": 95357
  },
  {
    "id": "88554",
    "name": "Far Eastern District",
    "popularity": 22633
  },
  {
    "id": "88561",
    "name": "Algarve",
    "popularity": 115221
  },
  {
    "id": "88568",
    "name": "Aragon",
    "popularity": 65062
  },
  {
    "id": "88571",
    "name": "Abruzzo",
    "popularity": 40333
  },
  {
    "id": "88579",
    "name": "Alentejo",
    "popularity": 54110
  },
  {
    "id": "88583",
    "name": "Styria",
    "popularity": 12373
  },
  {
    "id": "88586",
    "name": "South Moravian Region",
    "popularity": 10610
  },
  {
    "id": "88589",
    "name": "Moravia",
    "popularity": 20175
  },
  {
    "id": "88591",
    "name": "Pays de la Loire",
    "popularity": 102909
  },
  {
    "id": "88593",
    "name": "Western Norway",
    "popularity": 77740
  },
  {
    "id": "88596",
    "name": "Region of Murcia",
    "popularity": 27720
  },
  {
    "id": "88604",
    "name": "Puglia",
    "popularity": 192740
  },
  {
    "id": "88616",
    "name": "Chania Prefecture",
    "popularity": 58908
  },
  {
    "id": "88618",
    "name": "Trentino-Alto Adige",
    "popularity": 145416
  },
  {
    "id": "88620",
    "name": "Heraklion Prefecture",
    "popularity": 52034
  },
  {
    "id": "88623",
    "name": "North Jutland",
    "popularity": 10925
  },
  {
    "id": "88624",
    "name": "Umbria",
    "popularity": 96495
  },
  {
    "id": "88630",
    "name": "Galicia",
    "popularity": 96681
  },
  {
    "id": "88636",
    "name": "West Coast",
    "popularity": 23374
  },
  {
    "id": "88643",
    "name": "Castile-La Mancha",
    "popularity": 69706
  },
  {
    "id": "88646",
    "name": "Isle of Thanet",
    "popularity": 13036
  },
  {
    "id": "88651",
    "name": "Central Romania",
    "popularity": 30571
  },
  {
    "id": "88652",
    "name": "Transylvania",
    "popularity": 44275
  },
  {
    "id": "88653",
    "name": "Tirol",
    "popularity": 51073
  },
  {
    "id": "88657",
    "name": "Funen and Islands",
    "popularity": 7598
  },
  {
    "id": "88659",
    "name": "Amalfi Coast",
    "popularity": 36196
  },
  {
    "id": "88662",
    "name": "North Wales",
    "popularity": 118851
  },
  {
    "id": "88664",
    "name": "Castile and Leon",
    "popularity": 155333
  },
  {
    "id": "88670",
    "name": "Costa de la Luz",
    "popularity": 47043
  },
  {
    "id": "88673",
    "name": "Basilicata",
    "popularity": 40538
  },
  {
    "id": "88677",
    "name": "Cappadocia",
    "popularity": 26385
  },
  {
    "id": "88678",
    "name": "Northwest Romania",
    "popularity": 7978
  },
  {
    "id": "88681",
    "name": "West Zealand",
    "popularity": 5089
  },
  {
    "id": "88685",
    "name": "Zadar County",
    "popularity": 16440
  },
  {
    "id": "88688",
    "name": "Cotswolds",
    "popularity": 58373
  },
  {
    "id": "88689",
    "name": "Northern Norway",
    "popularity": 24403
  },
  {
    "id": "88692",
    "name": "Rethymnon Prefecture",
    "popularity": 27238
  },
  {
    "id": "88698",
    "name": "Pirkanmaa",
    "popularity": 4012
  },
  {
    "id": "88705",
    "name": "Skane County",
    "popularity": 25571
  },
  {
    "id": "88714",
    "name": "Lake Como",
    "popularity": 30142
  },
  {
    "id": "88715",
    "name": "Carinthia",
    "popularity": 12505
  },
  {
    "id": "88719",
    "name": "South Zealand",
    "popularity": 4679
  },
  {
    "id": "88735",
    "name": "Brittany",
    "popularity": 116521
  },
  {
    "id": "88745",
    "name": "South Bohemian Region",
    "popularity": 16926
  },
  {
    "id": "88746",
    "name": "Istria",
    "popularity": 34308
  },
  {
    "id": "88756",
    "name": "Calabria",
    "popularity": 47101
  },
  {
    "id": "88760",
    "name": "Western Romania",
    "popularity": 5819
  },
  {
    "id": "88763",
    "name": "The Ardennes",
    "popularity": 36716
  },
  {
    "id": "88764",
    "name": "La Rioja",
    "popularity": 17277
  },
  {
    "id": "88765",
    "name": "Wallonia",
    "popularity": 57237
  },
  {
    "id": "88770",
    "name": "Costa Dorada",
    "popularity": 57237
  },
  {
    "id": "88778",
    "name": "Costa Brava",
    "popularity": 44462
  },
  {
    "id": "88783",
    "name": "Central Norway",
    "popularity": 8650
  },
  {
    "id": "88785",
    "name": "Haute-Normandie",
    "popularity": 50692
  },
  {
    "id": "88786",
    "name": "Normandy",
    "popularity": 163328
  },
  {
    "id": "88788",
    "name": "Navarra",
    "popularity": 17956
  },
  {
    "id": "88791",
    "name": "Bourgogne-Franche-Comte",
    "popularity": 62080
  },
  {
    "id": "88794",
    "name": "Western Poland",
    "popularity": 11291
  },
  {
    "id": "88807",
    "name": "South Jutland",
    "popularity": 15480
  },
  {
    "id": "88809",
    "name": "Styria Region",
    "popularity": 3804
  },
  {
    "id": "88810",
    "name": "Adjara Region",
    "popularity": 11990
  },
  {
    "id": "88813",
    "name": "Centre-Val de Loire",
    "popularity": 98628
  },
  {
    "id": "88817",
    "name": "Dingle Peninsula",
    "popularity": 10147
  },
  {
    "id": "88825",
    "name": "Crimea",
    "popularity": 31385
  },
  {
    "id": "88829",
    "name": "Upper Austria",
    "popularity": 16960
  },
  {
    "id": "88843",
    "name": "Swiss Alps",
    "popularity": 53487
  },
  {
    "id": "88844",
    "name": "Lake Maggiore",
    "popularity": 3582
  },
  {
    "id": "88846",
    "name": "English Riviera",
    "popularity": 35600
  },
  {
    "id": "88850",
    "name": "Marche",
    "popularity": 65150
  },
  {
    "id": "88854",
    "name": "Basque Country",
    "popularity": 28869
  },
  {
    "id": "88860",
    "name": "Southeast Romania",
    "popularity": 5112
  },
  {
    "id": "88861",
    "name": "Lapland",
    "popularity": 12788
  },
  {
    "id": "88865",
    "name": "West Jutland",
    "popularity": 2350
  },
  {
    "id": "88870",
    "name": "Extremadura",
    "popularity": 34901
  },
  {
    "id": "88877",
    "name": "Southwest Finland",
    "popularity": 4282
  },
  {
    "id": "88886",
    "name": "Vojvodina",
    "popularity": 5162
  },
  {
    "id": "88896",
    "name": "Northeast Romania",
    "popularity": 5430
  },
  {
    "id": "88899",
    "name": "Jandia Peninsula",
    "popularity": 10918
  },
  {
    "id": "88924",
    "name": "Basse-Normandie",
    "popularity": 111963
  },
  {
    "id": "88926",
    "name": "Lasithi Prefecture",
    "popularity": 25737
  },
  {
    "id": "88927",
    "name": "Pilsen Region",
    "popularity": 5241
  },
  {
    "id": "88930",
    "name": "North Caucasian District",
    "popularity": 13192
  },
  {
    "id": "88931",
    "name": "Bearn-Basque Country",
    "popularity": 6612
  },
  {
    "id": "88937",
    "name": "Southern Norway",
    "popularity": 4091
  },
  {
    "id": "88942",
    "name": "Northeast Region",
    "popularity": 14652
  },
  {
    "id": "88947",
    "name": "Karlovy Vary Region",
    "popularity": 10091
  },
  {
    "id": "88958",
    "name": "Molise",
    "popularity": 5532
  },
  {
    "id": "88959",
    "name": "Piraeus Region",
    "popularity": 3432
  },
  {
    "id": "88966",
    "name": "Moravian-Silesian Region",
    "popularity": 2674
  },
  {
    "id": "88969",
    "name": "Kosice Region",
    "popularity": 3392
  },
  {
    "id": "88972",
    "name": "Lower Austria",
    "popularity": 9829
  },
  {
    "id": "88974",
    "name": "Banska Bystrica Region",
    "popularity": 2130
  },
  {
    "id": "88980",
    "name": "Argolis Region",
    "popularity": 13346
  },
  {
    "id": "88981",
    "name": "Peloponnese",
    "popularity": 34060
  },
  {
    "id": "88984",
    "name": "Southern Great Plain",
    "popularity": 2708
  },
  {
    "id": "89000",
    "name": "Lochaber",
    "popularity": 18423
  },
  {
    "id": "89004",
    "name": "Olomouc Region",
    "popularity": 3008
  },
  {
    "id": "89011",
    "name": "Nitra Region",
    "popularity": 1091
  },
  {
    "id": "89012",
    "name": "Eastern Poland",
    "popularity": 9366
  },
  {
    "id": "89017",
    "name": "Zilina Region",
    "popularity": 4775
  },
  {
    "id": "89024",
    "name": "Aviemore and the Cairngorms",
    "popularity": 14407
  },
  {
    "id": "89025",
    "name": "Magnesia Region",
    "popularity": 2307
  },
  {
    "id": "89026",
    "name": "Thessaly",
    "popularity": 13581
  },
  {
    "id": "89047",
    "name": "Isle of Purbeck",
    "popularity": 10989
  },
  {
    "id": "89050",
    "name": "Ioannina Region",
    "popularity": 6381
  },
  {
    "id": "89051",
    "name": "Epirus",
    "popularity": 14194
  },
  {
    "id": "89059",
    "name": "Northern Ostrobothnia",
    "popularity": 1460
  },
  {
    "id": "89068",
    "name": "Vorarlberg",
    "popularity": 5192
  },
  {
    "id": "89069",
    "name": "Dordogne",
    "popularity": 45162
  },
  {
    "id": "89076",
    "name": "Liberec Region",
    "popularity": 3522
  },
  {
    "id": "89077",
    "name": "Slovenian Littoral Region",
    "popularity": 9102
  },
  {
    "id": "89087",
    "name": "Slovenian Istria",
    "popularity": 4166
  },
  {
    "id": "89088",
    "name": "Ostrobothnia",
    "popularity": 597
  },
  {
    "id": "89092",
    "name": "South Ayrshire",
    "popularity": 7789
  },
  {
    "id": "89099",
    "name": "Republic of Mordovia",
    "popularity": 779
  },
  {
    "id": "89101",
    "name": "Northern Savonia",
    "popularity": 998
  },
  {
    "id": "89108",
    "name": "Grodno Region",
    "popularity": 2702
  },
  {
    "id": "89113",
    "name": "Kymenlaakso",
    "popularity": 1509
  },
  {
    "id": "89115",
    "name": "Copenhagen Region",
    "popularity": 12553
  },
  {
    "id": "89120",
    "name": "Turkish Black Sea Coast",
    "popularity": 15409
  },
  {
    "id": "89130",
    "name": "Central Finland",
    "popularity": 617
  },
  {
    "id": "89134",
    "name": "Trnava Region",
    "popularity": 897
  },
  {
    "id": "89140",
    "name": "Presov Region",
    "popularity": 3044
  },
  {
    "id": "89143",
    "name": "Imereti Region",
    "popularity": 2609
  },
  {
    "id": "89146",
    "name": "Republika Srpska",
    "popularity": 1799
  },
  {
    "id": "89149",
    "name": "Messenia Region",
    "popularity": 6288
  },
  {
    "id": "89150",
    "name": "South Karelia",
    "popularity": 1656
  },
  {
    "id": "89154",
    "name": "Lake Maggiore",
    "popularity": 3472
  },
  {
    "id": "89165",
    "name": "Norrbotten County",
    "popularity": 3615
  },
  {
    "id": "89168",
    "name": "Vidzeme Region",
    "popularity": 3587
  },
  {
    "id": "89170",
    "name": "Central Serbia",
    "popularity": 5169
  },
  {
    "id": "89179",
    "name": "Lake Maggiore",
    "popularity": 13650
  },
  {
    "id": "89181",
    "name": "Trencin Region",
    "popularity": 1794
  },
  {
    "id": "89182",
    "name": "Central Transdanubia",
    "popularity": 7112
  },
  {
    "id": "89195",
    "name": "Engadin St. Moritz",
    "popularity": 5033
  },
  {
    "id": "89202",
    "name": "Kurzeme Region",
    "popularity": 1765
  },
  {
    "id": "89215",
    "name": "Central Bohemian Region",
    "popularity": 11138
  },
  {
    "id": "89217",
    "name": "Brest Region",
    "popularity": 3446
  },
  {
    "id": "89218",
    "name": "Reykjanes Peninsula",
    "popularity": 3550
  },
  {
    "id": "89220",
    "name": "Luberon",
    "popularity": 15306
  },
  {
    "id": "89225",
    "name": "Northern Great Plain",
    "popularity": 1709
  },
  {
    "id": "89226",
    "name": "St Davids Peninsula",
    "popularity": 4867
  },
  {
    "id": "89228",
    "name": "Abkhazia",
    "popularity": 5154
  },
  {
    "id": "89230",
    "name": "Aland",
    "popularity": 946
  },
  {
    "id": "89231",
    "name": "North Karelia",
    "popularity": 567
  },
  {
    "id": "89237",
    "name": "Trikala Region",
    "popularity": 9632
  },
  {
    "id": "89238",
    "name": "South Region",
    "popularity": 49298
  },
  {
    "id": "89243",
    "name": "Tavastia Proper",
    "popularity": 1483
  },
  {
    "id": "89244",
    "name": "Burgenland",
    "popularity": 2582
  },
  {
    "id": "89246",
    "name": "Val Gardena",
    "popularity": 7016
  },
  {
    "id": "89248",
    "name": "Northern Hungary",
    "popularity": 5630
  },
  {
    "id": "89253",
    "name": "Slavonia",
    "popularity": 937
  },
  {
    "id": "89256",
    "name": "Jungfrau Region",
    "popularity": 12275
  },
  {
    "id": "89257",
    "name": "Rhodope Region",
    "popularity": 264
  },
  {
    "id": "89258",
    "name": "East Macedonia and Thrace",
    "popularity": 5260
  },
  {
    "id": "89260",
    "name": "Sevenoaks District",
    "popularity": 11664
  },
  {
    "id": "89266",
    "name": "Vitebsk Region",
    "popularity": 2071
  },
  {
    "id": "89270",
    "name": "Preveza Region",
    "popularity": 5596
  },
  {
    "id": "89271",
    "name": "Southern Savonia",
    "popularity": 1662
  },
  {
    "id": "89275",
    "name": "Elis Region",
    "popularity": 7584
  },
  {
    "id": "89276",
    "name": "West Greece",
    "popularity": 12135
  },
  {
    "id": "89278",
    "name": "East Ayrshire",
    "popularity": 2203
  },
  {
    "id": "89280",
    "name": "Berry",
    "popularity": 8703
  },
  {
    "id": "89284",
    "name": "Grand Massif",
    "popularity": 1060
  },
  {
    "id": "89286",
    "name": "Southern Transdanubia",
    "popularity": 3369
  },
  {
    "id": "89304",
    "name": "Larissa Region",
    "popularity": 682
  },
  {
    "id": "89308",
    "name": "Pardubice Region",
    "popularity": 1157
  },
  {
    "id": "89311",
    "name": "Gomel Region",
    "popularity": 680
  },
  {
    "id": "89317",
    "name": "Achaea Region",
    "popularity": 3396
  },
  {
    "id": "89322",
    "name": "Hradec Kralove Region",
    "popularity": 2806
  },
  {
    "id": "89327",
    "name": "Karlovac County",
    "popularity": 1081
  },
  {
    "id": "89346",
    "name": "Kavala Region",
    "popularity": 2469
  },
  {
    "id": "89352",
    "name": "Mogilev Region",
    "popularity": 713
  },
  {
    "id": "89354",
    "name": "Southern Ostrobothnia",
    "popularity": 340
  },
  {
    "id": "89360",
    "name": "Corinthia Region",
    "popularity": 5105
  },
  {
    "id": "89364",
    "name": "Odintsovsky District",
    "popularity": 564
  },
  {
    "id": "89367",
    "name": "Kerch Peninsula",
    "popularity": 1105
  },
  {
    "id": "89369",
    "name": "East Region",
    "popularity": 8231
  },
  {
    "id": "89377",
    "name": "Latgale Region",
    "popularity": 817
  },
  {
    "id": "89386",
    "name": "Southwest Romania",
    "popularity": 1891
  },
  {
    "id": "89389",
    "name": "Lower Carniola Region",
    "popularity": 1988
  },
  {
    "id": "89403",
    "name": "Western Transdanubia",
    "popularity": 1796
  },
  {
    "id": "89404",
    "name": "Torfaen",
    "popularity": 4264
  },
  {
    "id": "89412",
    "name": "Evros Region",
    "popularity": 746
  },
  {
    "id": "89417",
    "name": "East Attica Region",
    "popularity": 5383
  },
  {
    "id": "89418",
    "name": "Jamtland and Harjedalen",
    "popularity": 1100
  },
  {
    "id": "89424",
    "name": "Varazdin County",
    "popularity": 678
  },
  {
    "id": "89431",
    "name": "Midnight Sun Coast",
    "popularity": 3193
  },
  {
    "id": "89432",
    "name": "Satakunta",
    "popularity": 823
  },
  {
    "id": "89439",
    "name": "Halkidiki Region",
    "popularity": 10349
  },
  {
    "id": "89447",
    "name": "Southern Romania",
    "popularity": 9491
  },
  {
    "id": "89449",
    "name": "North Ayrshire",
    "popularity": 2176
  },
  {
    "id": "89453",
    "name": "Vysocina Region",
    "popularity": 2164
  },
  {
    "id": "89465",
    "name": "Westfjords Region",
    "popularity": 1765
  },
  {
    "id": "89468",
    "name": "Usti nad Labem Region",
    "popularity": 4866
  },
  {
    "id": "89469",
    "name": "Zlin Region",
    "popularity": 1929
  },
  {
    "id": "89470",
    "name": "Laconia Region",
    "popularity": 7617
  },
  {
    "id": "89476",
    "name": "Cooley Peninsula",
    "popularity": 703
  },
  {
    "id": "89480",
    "name": "Prekmurje Region",
    "popularity": 175
  },
  {
    "id": "89497",
    "name": "Euboea Region",
    "popularity": 2035
  },
  {
    "id": "89498",
    "name": "Central Greece",
    "popularity": 12047
  },
  {
    "id": "89499",
    "name": "Angermanland",
    "popularity": 369
  },
  {
    "id": "89501",
    "name": "The Burren",
    "popularity": 5171
  },
  {
    "id": "89502",
    "name": "West Region",
    "popularity": 6318
  },
  {
    "id": "89503",
    "name": "Kakheti Region",
    "popularity": 2910
  },
  {
    "id": "89513",
    "name": "Xanthi Region",
    "popularity": 896
  },
  {
    "id": "89519",
    "name": "West Dunbartonshire",
    "popularity": 4125
  },
  {
    "id": "89522",
    "name": "Kintyre Peninsula",
    "popularity": 699
  },
  {
    "id": "89531",
    "name": "Mtskheta-Mtianeti Region",
    "popularity": 4265
  },
  {
    "id": "89543",
    "name": "Drama Region",
    "popularity": 524
  },
  {
    "id": "89546",
    "name": "Zemgale Region",
    "popularity": 1533
  },
  {
    "id": "89549",
    "name": "Thesprotia Region",
    "popularity": 1677
  },
  {
    "id": "89550",
    "name": "Caithness and Sutherland",
    "popularity": 11063
  },
  {
    "id": "89558",
    "name": "Pella Region",
    "popularity": 2086
  },
  {
    "id": "89559",
    "name": "Cowal Peninsula",
    "popularity": 1153
  },
  {
    "id": "89561",
    "name": "Bearn",
    "popularity": 2779
  },
  {
    "id": "89568",
    "name": "Loch Ness Region",
    "popularity": 8578
  },
  {
    "id": "89579",
    "name": "Kastoria Region",
    "popularity": 2179
  },
  {
    "id": "89580",
    "name": "West Macedonia",
    "popularity": 3128
  },
  {
    "id": "89581",
    "name": "Glencoe",
    "popularity": 3214
  },
  {
    "id": "89584",
    "name": "Samegrelo-Zemo Svaneti Region",
    "popularity": 1103
  },
  {
    "id": "89585",
    "name": "Serres Region",
    "popularity": 958
  },
  {
    "id": "89593",
    "name": "Roseland Peninsula",
    "popularity": 1771
  },
  {
    "id": "89594",
    "name": "Pieria Region",
    "popularity": 1785
  },
  {
    "id": "89597",
    "name": "Arkadia Region",
    "popularity": 1867
  },
  {
    "id": "89600",
    "name": "Imathia Region",
    "popularity": 1542
  },
  {
    "id": "89619",
    "name": "Kainuu",
    "popularity": 426
  },
  {
    "id": "89623",
    "name": "Sisak-Moslavina County",
    "popularity": 113
  },
  {
    "id": "89626",
    "name": "Minsk Region",
    "popularity": 2593
  },
  {
    "id": "89627",
    "name": "Cape Finisterre",
    "popularity": 2537
  },
  {
    "id": "89628",
    "name": "Aetolia-Acarnania Region",
    "popularity": 1211
  },
  {
    "id": "89634",
    "name": "Inner Carniola Region",
    "popularity": 9261
  },
  {
    "id": "89639",
    "name": "Loch Tay",
    "popularity": 1177
  },
  {
    "id": "89645",
    "name": "Ross and Cromarty",
    "popularity": 5330
  },
  {
    "id": "89646",
    "name": "Lochalsh",
    "popularity": 4506
  },
  {
    "id": "89648",
    "name": "Phocis Region",
    "popularity": 7743
  },
  {
    "id": "89654",
    "name": "Samtskhe-Javakheti Region",
    "popularity": 1953
  },
  {
    "id": "89669",
    "name": "Mt. Athos Peninsula",
    "popularity": 447
  },
  {
    "id": "89677",
    "name": "Kozani Region",
    "popularity": 140
  },
  {
    "id": "89691",
    "name": "Karditsa Region",
    "popularity": 532
  },
  {
    "id": "89695",
    "name": "Northwest Region",
    "popularity": 1295
  },
  {
    "id": "89696",
    "name": "Evrytania Region",
    "popularity": 1079
  },
  {
    "id": "89706",
    "name": "Blaenau Gwent",
    "popularity": 961
  },
  {
    "id": "89715",
    "name": "Shida Kartli Region",
    "popularity": 1522
  },
  {
    "id": "89719",
    "name": "Central Ostrobothnia",
    "popularity": 85
  },
  {
    "id": "89724",
    "name": "Engadin Scuol",
    "popularity": 589
  },
  {
    "id": "89752",
    "name": "Bohuslan",
    "popularity": 368
  },
  {
    "id": "89760",
    "name": "Florina Region",
    "popularity": 713
  },
  {
    "id": "89767",
    "name": "Portes du Soleil",
    "popularity": 116
  },
  {
    "id": "89827",
    "name": "West Attica Region",
    "popularity": 296
  },
  {
    "id": "89842",
    "name": "Arta Region",
    "popularity": 341
  },
  {
    "id": "89854",
    "name": "Duddon Valley",
    "popularity": 558
  },
  {
    "id": "89859",
    "name": "Kras",
    "popularity": 60
  },
  {
    "id": "89877",
    "name": "Phthiotis Region",
    "popularity": 735
  },
  {
    "id": "89880",
    "name": "Vale of Glendalough",
    "popularity": 3472
  },
  {
    "id": "89886",
    "name": "Boeotia Region",
    "popularity": 671
  },
  {
    "id": "89893",
    "name": "Klopeinersee",
    "popularity": 177
  },
  {
    "id": "89906",
    "name": "Grevena Region",
    "popularity": 197
  },
  {
    "id": "89928",
    "name": "Mull of Galloway",
    "popularity": 1022
  },
  {
    "id": "89954",
    "name": "Kilkis Region",
    "popularity": 171
  },
  {
    "id": "89972",
    "name": "Carinthia Region",
    "popularity": 61
  },
  {
    "id": "89980",
    "name": "Knoydart Peninsula",
    "popularity": 5
  },
  {
    "id": "90035",
    "name": "Racha-Lechkhumi and Kvemo Svaneti Region",
    "popularity": 25
  },
  {
    "id": "90061",
    "name": "Guria Region",
    "popularity": 131
  },
  {
    "id": "90070",
    "name": "Ardnamurchan Peninsula",
    "popularity": 404
  },
  {
    "id": "90071",
    "name": "Kvemo Kartli Region",
    "popularity": 29
  },
  {
    "id": "90220",
    "name": "Thasos Region",
    "popularity": 617
  },
  {
    "id": "90245",
    "name": "Morvern Peninsula",
    "popularity": 4
  },
  {
    "id": "90248",
    "name": "Laihia",
    "popularity": 1
  },
  {
    "id": "90366",
    "name": "Western Finland",
    "popularity": 206
  },
  {
    "id": "90381",
    "name": "Canadian Rockies",
    "popularity": 91547
  },
  {
    "id": "90383",
    "name": "Newfoundland",
    "popularity": 26499
  },
  {
    "id": "90392",
    "name": "Kootenay Rockies",
    "popularity": 18199
  },
  {
    "id": "90400",
    "name": "Southwest Nova Scotia",
    "popularity": 12891
  },
  {
    "id": "90411",
    "name": "Central Florida",
    "popularity": 469921
  },
  {
    "id": "90418",
    "name": "Texas Gulf Coast",
    "popularity": 105678
  },
  {
    "id": "90424",
    "name": "Coastal South Carolina",
    "popularity": 169957
  },
  {
    "id": "90428",
    "name": "Georgia Coast",
    "popularity": 98287
  },
  {
    "id": "90434",
    "name": "Central Arizona",
    "popularity": 81320
  },
  {
    "id": "90438",
    "name": "Southwest Gulf Coast",
    "popularity": 148699
  },
  {
    "id": "90452",
    "name": "North Carolina Coast",
    "popularity": 56246
  },
  {
    "id": "90454",
    "name": "Finger Lakes",
    "popularity": 58117
  },
  {
    "id": "90456",
    "name": "Florida Panhandle",
    "popularity": 76061
  },
  {
    "id": "90460",
    "name": "DownEast and Acadia Maine",
    "popularity": 27864
  },
  {
    "id": "90461",
    "name": "Wasatch Range",
    "popularity": 24351
  },
  {
    "id": "90473",
    "name": "Lake Tahoe (California)",
    "popularity": 11386
  },
  {
    "id": "90478",
    "name": "Jersey Shore",
    "popularity": 52988
  },
  {
    "id": "90482",
    "name": "Cape Cod",
    "popularity": 37101
  },
  {
    "id": "90488",
    "name": "Outer Banks",
    "popularity": 28248
  },
  {
    "id": "90490",
    "name": "Golden Isles of Georgia",
    "popularity": 13134
  },
  {
    "id": "90494",
    "name": "White Mountains",
    "popularity": 28738
  },
  {
    "id": "90495",
    "name": "Tri-Valley",
    "popularity": 2727
  },
  {
    "id": "90496",
    "name": "Cape Ann",
    "popularity": 6793
  },
  {
    "id": "90503",
    "name": "Oregon Coast",
    "popularity": 56394
  },
  {
    "id": "90507",
    "name": "Long Island",
    "popularity": 21983
  },
  {
    "id": "90511",
    "name": "Mid Coast Maine",
    "popularity": 16852
  },
  {
    "id": "90512",
    "name": "Kennebunks",
    "popularity": 3958
  },
  {
    "id": "90514",
    "name": "Upper Peninsula",
    "popularity": 37099
  },
  {
    "id": "90543",
    "name": "Berkshires",
    "popularity": 14337
  },
  {
    "id": "90545",
    "name": "Lake Tahoe (Nevada)",
    "popularity": 3325
  },
  {
    "id": "90548",
    "name": "Green Mountains",
    "popularity": 4517
  },
  {
    "id": "90551",
    "name": "Catskill Region",
    "popularity": 5068
  },
  {
    "id": "90560",
    "name": "North Fork",
    "popularity": 3825
  },
  {
    "id": "90589",
    "name": "Northeast Kingdom",
    "popularity": 2119
  },
  {
    "id": "90614",
    "name": "Gratiot County",
    "popularity": 18
  },
  {
    "id": "90617",
    "name": "Sunshine Coast",
    "popularity": 2177
  },
  {
    "id": "90627",
    "name": "Cariboo",
    "popularity": 1292
  },
  {
    "id": "90634",
    "name": "Labrador",
    "popularity": 407
  },
  {
    "id": "90640",
    "name": "Lake of the Woods",
    "popularity": 1
  },
  {
    "id": "90641",
    "name": "Victoria Island",
    "popularity": 4
  },
  {
    "id": "90653",
    "name": "Belize Cayes",
    "popularity": 12968
  },
  {
    "id": "90658",
    "name": "Belize District",
    "popularity": 6093
  },
  {
    "id": "90659",
    "name": "Granada Department",
    "popularity": 7439
  },
  {
    "id": "90661",
    "name": "Rivas Department",
    "popularity": 5055
  },
  {
    "id": "90664",
    "name": "Cayo",
    "popularity": 7955
  },
  {
    "id": "90665",
    "name": "Managua Department",
    "popularity": 2383
  },
  {
    "id": "90667",
    "name": "Stann Creek",
    "popularity": 1697
  },
  {
    "id": "90668",
    "name": "Leon Department",
    "popularity": 4237
  },
  {
    "id": "90674",
    "name": "Lake Atitlan",
    "popularity": 2449
  },
  {
    "id": "90676",
    "name": "Western Highlands",
    "popularity": 3541
  },
  {
    "id": "90687",
    "name": "Matagalpa Department",
    "popularity": 535
  },
  {
    "id": "90691",
    "name": "Masaya Department",
    "popularity": 2631
  },
  {
    "id": "90695",
    "name": "Esteli Department",
    "popularity": 339
  },
  {
    "id": "90701",
    "name": "Southern Atlantic Autonomous Region",
    "popularity": 46
  },
  {
    "id": "90706",
    "name": "Rio San Juan Department",
    "popularity": 281
  },
  {
    "id": "90707",
    "name": "Jinotega Department",
    "popularity": 133
  },
  {
    "id": "90712",
    "name": "Sarapiqui",
    "popularity": 1150
  },
  {
    "id": "90714",
    "name": "Madriz Department",
    "popularity": 351
  },
  {
    "id": "90715",
    "name": "Carazo Department",
    "popularity": 76
  },
  {
    "id": "90721",
    "name": "Chinandega Department",
    "popularity": 138
  },
  {
    "id": "90724",
    "name": "Corozal",
    "popularity": 173
  },
  {
    "id": "90727",
    "name": "Guna Yala Region",
    "popularity": 1693
  },
  {
    "id": "90733",
    "name": "Nueva Segovia Department",
    "popularity": 7
  },
  {
    "id": "90739",
    "name": "Northern Atlantic Autonomous Region",
    "popularity": 34
  },
  {
    "id": "90742",
    "name": "Lake Gatun",
    "popularity": 28
  },
  {
    "id": "90752",
    "name": "Boaco Department",
    "popularity": 1
  },
  {
    "id": "90755",
    "name": "Marrakech-Safi",
    "popularity": 171840
  },
  {
    "id": "90757",
    "name": "Arusha Region",
    "popularity": 10017
  },
  {
    "id": "90765",
    "name": "Fes-Meknes",
    "popularity": 18324
  },
  {
    "id": "90767",
    "name": "Red Sea and Sinai",
    "popularity": 62687
  },
  {
    "id": "90768",
    "name": "Casablanca-Settat",
    "popularity": 16833
  },
  {
    "id": "90773",
    "name": "Kilimanjaro Region",
    "popularity": 4864
  },
  {
    "id": "90777",
    "name": "Souss-Massa",
    "popularity": 29494
  },
  {
    "id": "90778",
    "name": "Nile River Valley",
    "popularity": 42632
  },
  {
    "id": "90780",
    "name": "Meknes-Tafilalet Region",
    "popularity": 7939
  },
  {
    "id": "90784",
    "name": "Dar Es Salaam Region",
    "popularity": 2827
  },
  {
    "id": "90787",
    "name": "Tanger-Tetouan-Al Hoceima",
    "popularity": 12686
  },
  {
    "id": "90792",
    "name": "Khomas Region",
    "popularity": 6193
  },
  {
    "id": "90802",
    "name": "Erongo Region",
    "popularity": 3925
  },
  {
    "id": "90803",
    "name": "Rabat-Sale-Kenitra",
    "popularity": 10866
  },
  {
    "id": "90805",
    "name": "Dakar Region",
    "popularity": 4100
  },
  {
    "id": "90812",
    "name": "Lagos State",
    "popularity": 1952
  },
  {
    "id": "90822",
    "name": "Doukkala-Abda Region",
    "popularity": 1533
  },
  {
    "id": "90825",
    "name": "Lagunes Region",
    "popularity": 700
  },
  {
    "id": "90829",
    "name": "Amhara Region",
    "popularity": 5905
  },
  {
    "id": "90845",
    "name": "Maekel Region",
    "popularity": 294
  },
  {
    "id": "90849",
    "name": "Central Region",
    "popularity": 364
  },
  {
    "id": "90854",
    "name": "Maritime Region",
    "popularity": 517
  },
  {
    "id": "90865",
    "name": "Mwanza Region",
    "popularity": 150
  },
  {
    "id": "90868",
    "name": "Centre Region",
    "popularity": 294
  },
  {
    "id": "90870",
    "name": "Littoral Region",
    "popularity": 206
  },
  {
    "id": "90874",
    "name": "Ashanti Region",
    "popularity": 332
  },
  {
    "id": "90887",
    "name": "Centre Region",
    "popularity": 373
  },
  {
    "id": "90892",
    "name": "Saint-Louis Region",
    "popularity": 493
  },
  {
    "id": "90893",
    "name": "Iringa Region",
    "popularity": 500
  },
  {
    "id": "90895",
    "name": "Tanga Region",
    "popularity": 319
  },
  {
    "id": "90896",
    "name": "Tigray Region",
    "popularity": 1295
  },
  {
    "id": "90898",
    "name": "Southern Region",
    "popularity": 450
  },
  {
    "id": "90902",
    "name": "Taza-Al Hoceima-Taounate Region",
    "popularity": 208
  },
  {
    "id": "90907",
    "name": "Karas Region",
    "popularity": 2235
  },
  {
    "id": "90908",
    "name": "Northern Red Sea Region",
    "popularity": 42
  },
  {
    "id": "90911",
    "name": "La Petite Cote",
    "popularity": 1181
  },
  {
    "id": "90913",
    "name": "Thies Region",
    "popularity": 1186
  },
  {
    "id": "90914",
    "name": "Beni Mellal-Khenifra",
    "popularity": 1734
  },
  {
    "id": "90916",
    "name": "Conakry Region",
    "popularity": 118
  },
  {
    "id": "90918",
    "name": "Oriental",
    "popularity": 827
  },
  {
    "id": "90926",
    "name": "Pwani Region",
    "popularity": 1147
  },
  {
    "id": "90933",
    "name": "Southern Nations, Nationalities, and People's Region",
    "popularity": 1256
  },
  {
    "id": "90937",
    "name": "Morogoro Region",
    "popularity": 788
  },
  {
    "id": "90939",
    "name": "Oshikoto Region",
    "popularity": 1609
  },
  {
    "id": "90942",
    "name": "Zululand",
    "popularity": 385
  },
  {
    "id": "90945",
    "name": "Dodoma Region",
    "popularity": 43
  },
  {
    "id": "90949",
    "name": "Plateaux Region",
    "popularity": 86
  },
  {
    "id": "90954",
    "name": "Central Region",
    "popularity": 1803
  },
  {
    "id": "90957",
    "name": "Haut-Sassandra Region",
    "popularity": 36
  },
  {
    "id": "90960",
    "name": "Waterberg",
    "popularity": 382
  },
  {
    "id": "90967",
    "name": "Mbeya Region",
    "popularity": 89
  },
  {
    "id": "90968",
    "name": "Zinder Region",
    "popularity": 12
  },
  {
    "id": "90969",
    "name": "Harari Region",
    "popularity": 182
  },
  {
    "id": "90970",
    "name": "Hauts-Bassins",
    "popularity": 89
  },
  {
    "id": "90972",
    "name": "Gharb-Chrarda-Beni Hssen Region",
    "popularity": 74
  },
  {
    "id": "90976",
    "name": "Otjozondjupa Region",
    "popularity": 1359
  },
  {
    "id": "90977",
    "name": "Cascades Region",
    "popularity": 128
  },
  {
    "id": "90979",
    "name": "Northern Region",
    "popularity": 190
  },
  {
    "id": "90980",
    "name": "Central Plateau",
    "popularity": 341
  },
  {
    "id": "90988",
    "name": "Northern Region",
    "popularity": 103
  },
  {
    "id": "90989",
    "name": "Northwest Region",
    "popularity": 38
  },
  {
    "id": "90992",
    "name": "Western Region",
    "popularity": 200
  },
  {
    "id": "90995",
    "name": "Agadez Region",
    "popularity": 28
  },
  {
    "id": "90996",
    "name": "Southwest Region",
    "popularity": 276
  },
  {
    "id": "91002",
    "name": "Lacs Region",
    "popularity": 180
  },
  {
    "id": "91003",
    "name": "Cape Agulhas",
    "popularity": 960
  },
  {
    "id": "91005",
    "name": "South Region",
    "popularity": 272
  },
  {
    "id": "91007",
    "name": "Segou Region",
    "popularity": 27
  },
  {
    "id": "91009",
    "name": "Omaheke Region",
    "popularity": 79
  },
  {
    "id": "91011",
    "name": "Dix-Huit Montagnes Region",
    "popularity": 23
  },
  {
    "id": "91012",
    "name": "Anseba Region",
    "popularity": 15
  },
  {
    "id": "91013",
    "name": "Volta Region",
    "popularity": 248
  },
  {
    "id": "91019",
    "name": "Oromiya Region",
    "popularity": 350
  },
  {
    "id": "91023",
    "name": "Fatick Region",
    "popularity": 342
  },
  {
    "id": "91028",
    "name": "Caprivi Region",
    "popularity": 129
  },
  {
    "id": "91031",
    "name": "Lindi Region",
    "popularity": 116
  },
  {
    "id": "91039",
    "name": "Ziguinchor Region",
    "popularity": 110
  },
  {
    "id": "91041",
    "name": "Casamance",
    "popularity": 131
  },
  {
    "id": "91044",
    "name": "Kavango Region",
    "popularity": 24
  },
  {
    "id": "91045",
    "name": "Hardap Region",
    "popularity": 554
  },
  {
    "id": "91052",
    "name": "Okavango Delta",
    "popularity": 842
  },
  {
    "id": "91054",
    "name": "Upper East Region",
    "popularity": 35
  },
  {
    "id": "91056",
    "name": "Tombouctou Region",
    "popularity": 14
  },
  {
    "id": "91057",
    "name": "Guelmim-Oued Noun",
    "popularity": 46
  },
  {
    "id": "91058",
    "name": "Ennedi Region",
    "popularity": 9
  },
  {
    "id": "91059",
    "name": "Mopti Region",
    "popularity": 90
  },
  {
    "id": "91062",
    "name": "Kaolack Region",
    "popularity": 10
  },
  {
    "id": "91064",
    "name": "Kagera Region",
    "popularity": 8
  },
  {
    "id": "91068",
    "name": "West Region",
    "popularity": 47
  },
  {
    "id": "91069",
    "name": "Est Region",
    "popularity": 0
  },
  {
    "id": "91080",
    "name": "Adamawa Region",
    "popularity": 4
  },
  {
    "id": "91083",
    "name": "Brong-Ahafo Region",
    "popularity": 33
  },
  {
    "id": "91084",
    "name": "Adrar Region",
    "popularity": 54
  },
  {
    "id": "91090",
    "name": "Eastern Region",
    "popularity": 81
  },
  {
    "id": "91098",
    "name": "Tillaberi Region",
    "popularity": 8
  },
  {
    "id": "91101",
    "name": "Gao Region",
    "popularity": 9
  },
  {
    "id": "91107",
    "name": "Ombella-M'Poko Prefecture",
    "popularity": 4
  },
  {
    "id": "91110",
    "name": "Haute-Kotto Prefecture",
    "popularity": 2
  },
  {
    "id": "91118",
    "name": "Lac Region",
    "popularity": 1
  },
  {
    "id": "91120",
    "name": "Kigoma Region",
    "popularity": 85
  },
  {
    "id": "91127",
    "name": "Kolda Region",
    "popularity": 21
  },
  {
    "id": "91128",
    "name": "Chaouia-Ouardigha Region",
    "popularity": 5
  },
  {
    "id": "91129",
    "name": "Logone Occidental Region",
    "popularity": 0
  },
  {
    "id": "91130",
    "name": "Savanes Region",
    "popularity": 2
  },
  {
    "id": "91138",
    "name": "Kedougou Region",
    "popularity": 3
  },
  {
    "id": "91139",
    "name": "Kara Region",
    "popularity": 37
  },
  {
    "id": "91140",
    "name": "Rukwa Region",
    "popularity": 24
  },
  {
    "id": "91141",
    "name": "Sud-Comoe Region",
    "popularity": 38
  },
  {
    "id": "91142",
    "name": "Sangha-Mbaere Prefecture",
    "popularity": 13
  },
  {
    "id": "91143",
    "name": "Laayoune-Sakia El Hamra",
    "popularity": 18
  },
  {
    "id": "91145",
    "name": "Afar Region",
    "popularity": 429
  },
  {
    "id": "91150",
    "name": "Louga Region",
    "popularity": 1
  },
  {
    "id": "91161",
    "name": "Sud-Bandama",
    "popularity": 4
  },
  {
    "id": "91162",
    "name": "Oshana Region",
    "popularity": 5
  },
  {
    "id": "91168",
    "name": "Mara Region",
    "popularity": 28
  },
  {
    "id": "91171",
    "name": "Gambela Region",
    "popularity": 4
  },
  {
    "id": "91172",
    "name": "Upper West Region",
    "popularity": 17
  },
  {
    "id": "91174",
    "name": "Diourbel Region",
    "popularity": 22
  },
  {
    "id": "91176",
    "name": "Manyara Region",
    "popularity": 5
  },
  {
    "id": "91177",
    "name": "Labe Region",
    "popularity": 2
  },
  {
    "id": "91178",
    "name": "Trarza Region",
    "popularity": 18
  },
  {
    "id": "91188",
    "name": "Kindia Region",
    "popularity": 19
  },
  {
    "id": "91191",
    "name": "Centre-Ouest Region",
    "popularity": 3
  },
  {
    "id": "91193",
    "name": "Omusati Region",
    "popularity": 56
  },
  {
    "id": "91197",
    "name": "Mtwara Region",
    "popularity": 0
  },
  {
    "id": "91198",
    "name": "Vallee du Bandama Region",
    "popularity": 0
  },
  {
    "id": "91201",
    "name": "Centre-Sud Region",
    "popularity": 5
  },
  {
    "id": "91203",
    "name": "Nord Region",
    "popularity": 2
  },
  {
    "id": "91204",
    "name": "Tabora Region",
    "popularity": 2
  },
  {
    "id": "91207",
    "name": "Sahel Region",
    "popularity": 3
  },
  {
    "id": "91208",
    "name": "Savanes Region",
    "popularity": 1
  },
  {
    "id": "91209",
    "name": "Centrale Region",
    "popularity": 2
  },
  {
    "id": "91210",
    "name": "North Region",
    "popularity": 5
  },
  {
    "id": "91212",
    "name": "Sud-Ouest Region",
    "popularity": 8
  },
  {
    "id": "91215",
    "name": "Southern Region",
    "popularity": 4
  },
  {
    "id": "91217",
    "name": "Sikasso Region",
    "popularity": 0
  },
  {
    "id": "91218",
    "name": "Kayes Region",
    "popularity": 9
  },
  {
    "id": "91230",
    "name": "Westmoreland Parish",
    "popularity": 15145
  },
  {
    "id": "91231",
    "name": "Saint Ann Parish",
    "popularity": 37454
  },
  {
    "id": "91240",
    "name": "Kingston Parish",
    "popularity": 4742
  },
  {
    "id": "91251",
    "name": "Trelawny Parish",
    "popularity": 797
  },
  {
    "id": "91268",
    "name": "Ouest Department",
    "popularity": 783
  },
  {
    "id": "91280",
    "name": "Hanover Parish",
    "popularity": 2063
  },
  {
    "id": "91281",
    "name": "Saint Elizabeth Parish",
    "popularity": 2455
  },
  {
    "id": "91295",
    "name": "Nord Department",
    "popularity": 1173
  },
  {
    "id": "91297",
    "name": "Saint Catherine Parish",
    "popularity": 169
  },
  {
    "id": "91300",
    "name": "Sud-Est Department",
    "popularity": 342
  },
  {
    "id": "91316",
    "name": "Sud Department",
    "popularity": 61
  },
  {
    "id": "91325",
    "name": "Saint Andrew Parish",
    "popularity": 69
  },
  {
    "id": "91326",
    "name": "Centre Department",
    "popularity": 6
  },
  {
    "id": "91327",
    "name": "Saint Mary Parish",
    "popularity": 46
  },
  {
    "id": "91331",
    "name": "Manchester Parish",
    "popularity": 3
  },
  {
    "id": "91333",
    "name": "Grand'Anse Department",
    "popularity": 4
  },
  {
    "id": "91341",
    "name": "Central Mexico and Gulf Coast",
    "popularity": 258582
  },
  {
    "id": "91344",
    "name": "Riviera Maya",
    "popularity": 188085
  },
  {
    "id": "91348",
    "name": "Yucatan Peninsula",
    "popularity": 405525
  },
  {
    "id": "91352",
    "name": "Baja California",
    "popularity": 53177
  },
  {
    "id": "91353",
    "name": "Southern Mexico",
    "popularity": 54730
  },
  {
    "id": "91358",
    "name": "Northern Mexico",
    "popularity": 24739
  },
  {
    "id": "91361",
    "name": "Pacific Coast",
    "popularity": 50043
  },
  {
    "id": "91364",
    "name": "Riviera Nayarit",
    "popularity": 9502
  },
  {
    "id": "91369",
    "name": "Costa Maya",
    "popularity": 5289
  },
  {
    "id": "91385",
    "name": "Costalegre",
    "popularity": 915
  },
  {
    "id": "91390",
    "name": "Canterbury Region",
    "popularity": 52885
  },
  {
    "id": "91391",
    "name": "Brisbane Region",
    "popularity": 65032
  },
  {
    "id": "91392",
    "name": "South Island",
    "popularity": 167117
  },
  {
    "id": "91395",
    "name": "North Island",
    "popularity": 277377
  },
  {
    "id": "91400",
    "name": "Otago Region",
    "popularity": 60996
  },
  {
    "id": "91401",
    "name": "Cairns Region",
    "popularity": 37191
  },
  {
    "id": "91402",
    "name": "Australian Capital Territory",
    "popularity": 42179
  },
  {
    "id": "91408",
    "name": "Top End",
    "popularity": 35700
  },
  {
    "id": "91412",
    "name": "Bay of Plenty Region",
    "popularity": 53671
  },
  {
    "id": "91414",
    "name": "Sunshine Coast",
    "popularity": 31368
  },
  {
    "id": "91419",
    "name": "Nelson-Tasman Region",
    "popularity": 9361
  },
  {
    "id": "91422",
    "name": "Waikato Region",
    "popularity": 42302
  },
  {
    "id": "91423",
    "name": "Kimberley Region",
    "popularity": 13685
  },
  {
    "id": "91425",
    "name": "Red Centre",
    "popularity": 20795
  },
  {
    "id": "91428",
    "name": "Marlborough Region",
    "popularity": 7467
  },
  {
    "id": "91432",
    "name": "Taranaki Region",
    "popularity": 8685
  },
  {
    "id": "91434",
    "name": "Northland Region",
    "popularity": 22160
  },
  {
    "id": "91435",
    "name": "Bay of Islands",
    "popularity": 12027
  },
  {
    "id": "91436",
    "name": "Blue Mountains",
    "popularity": 18047
  },
  {
    "id": "91442",
    "name": "Scenic Rim",
    "popularity": 2289
  },
  {
    "id": "91445",
    "name": "Coral Coast",
    "popularity": 3407
  },
  {
    "id": "91447",
    "name": "Barossa Valley",
    "popularity": 7713
  },
  {
    "id": "91448",
    "name": "Gisborne Region",
    "popularity": 1425
  },
  {
    "id": "91456",
    "name": "Gippsland",
    "popularity": 7734
  },
  {
    "id": "91462",
    "name": "Papua Region",
    "popularity": 1147
  },
  {
    "id": "91464",
    "name": "Gympie Region",
    "popularity": 1828
  },
  {
    "id": "91465",
    "name": "Daintree Region",
    "popularity": 7242
  },
  {
    "id": "91466",
    "name": "Sutherland Shire",
    "popularity": 971
  },
  {
    "id": "91467",
    "name": "Macedon Ranges",
    "popularity": 1669
  },
  {
    "id": "91481",
    "name": "The Pilbara",
    "popularity": 1726
  },
  {
    "id": "91488",
    "name": "Islands Region",
    "popularity": 584
  },
  {
    "id": "91496",
    "name": "Momase Region",
    "popularity": 86
  },
  {
    "id": "91497",
    "name": "Cape York",
    "popularity": 148
  },
  {
    "id": "91500",
    "name": "Highlands Region",
    "popularity": 90
  },
  {
    "id": "91504",
    "name": "Malakula",
    "popularity": 21
  },
  {
    "id": "91527",
    "name": "Tehran Province",
    "popularity": 14019
  },
  {
    "id": "91532",
    "name": "Muscat Governorate",
    "popularity": 16871
  },
  {
    "id": "91542",
    "name": "Isfahan Province",
    "popularity": 12509
  },
  {
    "id": "91543",
    "name": "Fars Province",
    "popularity": 10040
  },
  {
    "id": "91550",
    "name": "Galilee Region",
    "popularity": 14116
  },
  {
    "id": "91553",
    "name": "East Azerbaijan Province",
    "popularity": 1382
  },
  {
    "id": "91556",
    "name": "Yazd Province",
    "popularity": 5357
  },
  {
    "id": "91557",
    "name": "Dhofar Governorate",
    "popularity": 3741
  },
  {
    "id": "91560",
    "name": "Razavi Khorasan Province",
    "popularity": 789
  },
  {
    "id": "91561",
    "name": "Musandam Governorate",
    "popularity": 1217
  },
  {
    "id": "91563",
    "name": "Qazvin Province",
    "popularity": 390
  },
  {
    "id": "91571",
    "name": "Binyamin Region",
    "popularity": 880
  },
  {
    "id": "91572",
    "name": "Hormozgan Province",
    "popularity": 1373
  },
  {
    "id": "91575",
    "name": "Kerman Province",
    "popularity": 981
  },
  {
    "id": "91578",
    "name": "Ad-Dakhiliyah Governorate",
    "popularity": 3475
  },
  {
    "id": "91581",
    "name": "Qom Province",
    "popularity": 236
  },
  {
    "id": "91582",
    "name": "Hamedan Province",
    "popularity": 520
  },
  {
    "id": "91584",
    "name": "Gilan Province",
    "popularity": 488
  },
  {
    "id": "91585",
    "name": "Ardabil Province",
    "popularity": 189
  },
  {
    "id": "91587",
    "name": "Kordestan Province",
    "popularity": 118
  },
  {
    "id": "91590",
    "name": "Dead Sea Region",
    "popularity": 7360
  },
  {
    "id": "91591",
    "name": "Al Batinah Governorate",
    "popularity": 511
  },
  {
    "id": "91592",
    "name": "Ash-Sharqiyah Governorate",
    "popularity": 2523
  },
  {
    "id": "91593",
    "name": "Zanjan Province",
    "popularity": 207
  },
  {
    "id": "91594",
    "name": "Alborz Province",
    "popularity": 162
  },
  {
    "id": "91595",
    "name": "Golestan Province",
    "popularity": 112
  },
  {
    "id": "91598",
    "name": "Khuzestan Province",
    "popularity": 427
  },
  {
    "id": "91601",
    "name": "Bushehr Province",
    "popularity": 69
  },
  {
    "id": "91603",
    "name": "West Azerbaijan Province",
    "popularity": 171
  },
  {
    "id": "91608",
    "name": "Al Buraimi Governorate",
    "popularity": 32
  },
  {
    "id": "91617",
    "name": "Markazi Province",
    "popularity": 22
  },
  {
    "id": "91619",
    "name": "Lorestan Province",
    "popularity": 64
  },
  {
    "id": "91625",
    "name": "Chaharmahal and Bakhtiari Province",
    "popularity": 23
  },
  {
    "id": "91626",
    "name": "Ad-Dhahirah Governorate",
    "popularity": 71
  },
  {
    "id": "91628",
    "name": "Salah ad Din Province",
    "popularity": 4
  },
  {
    "id": "91631",
    "name": "North Khorasan Province",
    "popularity": 11
  },
  {
    "id": "91632",
    "name": "Sistan and Baluchistan Province",
    "popularity": 19
  },
  {
    "id": "91636",
    "name": "Dead Sea Region",
    "popularity": 1576
  },
  {
    "id": "91640",
    "name": "South Khorasan Province",
    "popularity": 9
  },
  {
    "id": "91641",
    "name": "Semnan Province",
    "popularity": 11
  },
  {
    "id": "91642",
    "name": "Ilam Province",
    "popularity": 0
  },
  {
    "id": "91643",
    "name": "Ninawa Province",
    "popularity": 6
  },
  {
    "id": "91645",
    "name": "Hamadan Province",
    "popularity": 0
  },
  {
    "id": "91649",
    "name": "Dead Sea Region",
    "popularity": 511
  },
  {
    "id": "91650",
    "name": "Jordan Valley",
    "popularity": 3
  }
]