[
    {
        "continent": null,
        "continent_title": null,
        "city": "Paris",
        "url": "https://www.visitacity.com/en/paris"
    },
    {
        "continent": null,
        "continent_title": null,
        "city": "Rome",
        "url": "https://www.visitacity.com/en/rome"
    },
    {
        "continent": null,
        "continent_title": null,
        "city": "London",
        "url": "https://www.visitacity.com/en/london"
    },
    {
        "continent": null,
        "continent_title": null,
        "city": "Amsterdam",
        "url": "https://www.visitacity.com/en/amsterdam"
    },
    {
        "continent": null,
        "continent_title": null,
        "city": "Barcelona",
        "url": "https://www.visitacity.com/en/barcelona"
    },
    {
        "continent": "Europe",
        "continent_title": "Europe",
        "city": "Catalonia",
        "url": "https://www.visitacity.com/en/catalonia"
    },
    {
        "continent": "Europe",
        "continent_title": "Europe",
        "city": "Tuscany",
        "url": "https://www.visitacity.com/en/tuscany"
    },
    {
        "continent": "Europe",
        "continent_title": "Europe",
        "city": "North Holland",
        "url": "https://www.visitacity.com/en/north-holland"
    },
    {
        "continent": "Europe",
        "continent_title": "Europe",
        "city": "Vienna",
        "url": "https://www.visitacity.com/en/vienna"
    },
    {
        "continent": "Europe",
        "continent_title": "Europe",
        "city": "Venice",
        "url": "https://www.visitacity.com/en/venice"
    },
    {
        "continent": "Europe",
        "continent_title": "Europe",
        "city": "Florence",
        "url": "https://www.visitacity.com/en/florence"
    },
    {
        "continent": "Europe",
        "continent_title": "Europe",
        "city": "Prague",
        "url": "https://www.visitacity.com/en/prague"
    },
    {
        "continent": "Europe",
        "continent_title": "Europe",
        "city": "Madrid",
        "url": "https://www.visitacity.com/en/madrid"
    },
    {
        "continent": "Europe",
        "continent_title": "Europe",
        "city": "Budapest",
        "url": "https://www.visitacity.com/en/budapest"
    },
    {
        "continent": "Europe",
        "continent_title": "Europe",
        "city": "Berlin",
        "url": "https://www.visitacity.com/en/berlin"
    },
    {
        "continent": "Europe",
        "continent_title": "Europe",
        "city": "Andalucia & Costa del Sol",
        "url": "https://www.visitacity.com/en/andalucia--costa-del-sol"
    },
    {
        "continent": "Europe",
        "continent_title": "Europe",
        "city": "Lisbon",
        "url": "https://www.visitacity.com/en/lisbon"
    },
    {
        "continent": "Europe",
        "continent_title": "Europe",
        "city": "Milan",
        "url": "https://www.visitacity.com/en/milan"
    },
    {
        "continent": "Europe",
        "continent_title": "Europe",
        "city": "Athens",
        "url": "https://www.visitacity.com/en/athens"
    },
    {
        "continent": "Europe",
        "continent_title": "Europe",
        "city": "Bavaria",
        "url": "https://www.visitacity.com/en/bavaria"
    },
    {
        "continent": "Europe",
        "continent_title": "Europe",
        "city": "Brussels",
        "url": "https://www.visitacity.com/en/brussels"
    },
    {
        "continent": "Europe",
        "continent_title": "Europe",
        "city": "Amalfi Coast",
        "url": "https://www.visitacity.com/en/amalfi-coast"
    },
    {
        "continent": "Europe",
        "continent_title": "Europe",
        "city": "Munich",
        "url": "https://www.visitacity.com/en/munich"
    },
    {
        "continent": "Europe",
        "continent_title": "Europe",
        "city": "Copenhagen",
        "url": "https://www.visitacity.com/en/copenhagen"
    },
    {
        "continent": "Europe",
        "continent_title": "Europe",
        "city": "Dublin",
        "url": "https://www.visitacity.com/en/dublin"
    },
    {
        "continent": "Europe",
        "continent_title": "Europe",
        "city": "Edinburgh",
        "url": "https://www.visitacity.com/en/edinburgh"
    },
    {
        "continent": "Europe",
        "continent_title": "Europe",
        "city": "Seville",
        "url": "https://www.visitacity.com/en/seville"
    },
    {
        "continent": "Europe",
        "continent_title": "Europe",
        "city": "Porto",
        "url": "https://www.visitacity.com/en/porto"
    },
    {
        "continent": "Europe",
        "continent_title": "Europe",
        "city": "Flanders",
        "url": "https://www.visitacity.com/en/flanders"
    },
    {
        "continent": "Europe",
        "continent_title": "Europe",
        "city": "French Riviera - Cote d'Azur",
        "url": "https://www.visitacity.com/en/french-riviera"
    },
    {
        "continent": "Europe",
        "continent_title": "Europe",
        "city": "Zurich",
        "url": "https://www.visitacity.com/en/zurich"
    },
    {
        "continent": "Europe",
        "continent_title": "Europe",
        "city": "Naples",
        "url": "https://www.visitacity.com/en/naples"
    },
    {
        "continent": "Europe",
        "continent_title": "Europe",
        "city": "Stockholm",
        "url": "https://www.visitacity.com/en/stockholm"
    },
    {
        "continent": "Europe",
        "continent_title": "Europe",
        "city": "Salzburg",
        "url": "https://www.visitacity.com/en/salzburg"
    },
    {
        "continent": "Europe",
        "continent_title": "Europe",
        "city": "Sicily",
        "url": "https://www.visitacity.com/en/sicily"
    },
    {
        "continent": "Europe",
        "continent_title": "Europe",
        "city": "Bruges",
        "url": "https://www.visitacity.com/en/bruges"
    },
    {
        "continent": "Europe",
        "continent_title": "Europe",
        "city": "Verona",
        "url": "https://www.visitacity.com/en/verona"
    },
    {
        "continent": "Europe",
        "continent_title": "Europe",
        "city": "Krakow",
        "url": "https://www.visitacity.com/en/krakow"
    },
    {
        "continent": "Europe",
        "continent_title": "Europe",
        "city": "Valencia",
        "url": "https://www.visitacity.com/en/valencia"
    },
    {
        "continent": "Europe",
        "continent_title": "Europe",
        "city": "Geneva",
        "url": "https://www.visitacity.com/en/geneva"
    },
    {
        "continent": "Europe",
        "continent_title": "Europe",
        "city": "Frankfurt",
        "url": "https://www.visitacity.com/en/frankfurt"
    },
    {
        "continent": "Europe",
        "continent_title": "Europe",
        "city": "Pisa",
        "url": "https://www.visitacity.com/en/pisa"
    },
    {
        "continent": "Europe",
        "continent_title": "Europe",
        "city": "Granada",
        "url": "https://www.visitacity.com/en/granada"
    },
    {
        "continent": "Europe",
        "continent_title": "Europe",
        "city": "Bologna",
        "url": "https://www.visitacity.com/en/bologna"
    },
    {
        "continent": "Europe",
        "continent_title": "Europe",
        "city": "Nice",
        "url": "https://www.visitacity.com/en/nice"
    },
    {
        "continent": "Europe",
        "continent_title": "Europe",
        "city": "Oslo",
        "url": "https://www.visitacity.com/en/oslo"
    },
    {
        "continent": "Europe",
        "continent_title": "Europe",
        "city": "Malaga",
        "url": "https://www.visitacity.com/en/malaga"
    },
    {
        "continent": "Europe",
        "continent_title": "Europe",
        "city": "Dubrovnik",
        "url": "https://www.visitacity.com/en/dubrovnik"
    },
    {
        "continent": "Europe",
        "continent_title": "Europe",
        "city": "Italy",
        "url": "https://www.visitacity.com/en/italy"
    },
    {
        "continent": "Europe",
        "continent_title": "Europe",
        "city": "Reykjavik",
        "url": "https://www.visitacity.com/en/reykjavik"
    },
    {
        "continent": "Europe",
        "continent_title": "Europe",
        "city": "Cordoba",
        "url": "https://www.visitacity.com/en/cordoba"
    },
    {
        "continent": "Europe",
        "continent_title": "Europe",
        "city": "Lucerne",
        "url": "https://www.visitacity.com/en/lucerne"
    },
    {
        "continent": "Europe",
        "continent_title": "Europe",
        "city": "South Holland",
        "url": "https://www.visitacity.com/en/south-holland"
    },
    {
        "continent": "Europe",
        "continent_title": "Europe",
        "city": "Helsinki",
        "url": "https://www.visitacity.com/en/helsinki"
    },
    {
        "continent": "Europe",
        "continent_title": "Europe",
        "city": "Lower Saxony",
        "url": "https://www.visitacity.com/en/lower-saxony"
    },
    {
        "continent": "Europe",
        "continent_title": "Europe",
        "city": "Warsaw",
        "url": "https://www.visitacity.com/en/warsaw"
    },
    {
        "continent": "Europe",
        "continent_title": "Europe",
        "city": "Hamburg",
        "url": "https://www.visitacity.com/en/hamburg"
    },
    {
        "continent": "Europe",
        "continent_title": "Europe",
        "city": "Marseille",
        "url": "https://www.visitacity.com/en/marseille"
    },
    {
        "continent": "Europe",
        "continent_title": "Europe",
        "city": "Glasgow",
        "url": "https://www.visitacity.com/en/glasgow"
    },
    {
        "continent": "Europe",
        "continent_title": "Europe",
        "city": "Bordeaux",
        "url": "https://www.visitacity.com/en/bordeaux"
    },
    {
        "continent": "Europe",
        "continent_title": "Europe",
        "city": "Palermo",
        "url": "https://www.visitacity.com/en/palermo"
    },
    {
        "continent": "Europe",
        "continent_title": "Europe",
        "city": "Split",
        "url": "https://www.visitacity.com/en/split"
    },
    {
        "continent": "Europe",
        "continent_title": "Europe",
        "city": "Lyon",
        "url": "https://www.visitacity.com/en/lyon"
    },
    {
        "continent": "Europe",
        "continent_title": "Europe",
        "city": "Toledo",
        "url": "https://www.visitacity.com/en/toledo"
    },
    {
        "continent": "Europe",
        "continent_title": "Europe",
        "city": "Cologne",
        "url": "https://www.visitacity.com/en/cologne"
    },
    {
        "continent": "Europe",
        "continent_title": "Europe",
        "city": "Basque Country",
        "url": "https://www.visitacity.com/en/basque-country"
    },
    {
        "continent": "Europe",
        "continent_title": "Europe",
        "city": "Cinque Terre",
        "url": "https://www.visitacity.com/en/cinque-terre"
    },
    {
        "continent": "Europe",
        "continent_title": "Europe",
        "city": "Bucharest",
        "url": "https://www.visitacity.com/en/bucharest"
    },
    {
        "continent": "Europe",
        "continent_title": "Europe",
        "city": "Siena",
        "url": "https://www.visitacity.com/en/siena"
    },
    {
        "continent": "Europe",
        "continent_title": "Europe",
        "city": "Ljubljana",
        "url": "https://www.visitacity.com/en/ljubljana"
    },
    {
        "continent": "Europe",
        "continent_title": "Europe",
        "city": "Baden-W\u00fcrttemberg",
        "url": "https://www.visitacity.com/en/badenwrttemberg"
    },
    {
        "continent": "Europe",
        "continent_title": "Europe",
        "city": "Manchester",
        "url": "https://www.visitacity.com/en/manchester"
    },
    {
        "continent": "Europe",
        "continent_title": "Europe",
        "city": "Zagreb",
        "url": "https://www.visitacity.com/en/zagreb"
    },
    {
        "continent": "Europe",
        "continent_title": "Europe",
        "city": "Provence",
        "url": "https://www.visitacity.com/en/provence"
    },
    {
        "continent": "Europe",
        "continent_title": "Europe",
        "city": "Belfast",
        "url": "https://www.visitacity.com/en/belfast"
    },
    {
        "continent": "Europe",
        "continent_title": "Europe",
        "city": "Liverpool",
        "url": "https://www.visitacity.com/en/liverpool"
    },
    {
        "continent": "Europe",
        "continent_title": "Europe",
        "city": "Ghent",
        "url": "https://www.visitacity.com/en/ghent"
    },
    {
        "continent": "Europe",
        "continent_title": "Europe",
        "city": "Strasbourg",
        "url": "https://www.visitacity.com/en/strasbourg"
    },
    {
        "continent": "Europe",
        "continent_title": "Europe",
        "city": "St Petersburg",
        "url": "https://www.visitacity.com/en/st-petersburg"
    },
    {
        "continent": "Europe",
        "continent_title": "Europe",
        "city": "Normandy",
        "url": "https://www.visitacity.com/en/normandy"
    },
    {
        "continent": "Europe",
        "continent_title": "Europe",
        "city": "Monaco",
        "url": "https://www.visitacity.com/en/monaco"
    },
    {
        "continent": "Europe",
        "continent_title": "Europe",
        "city": "Sorrento",
        "url": "https://www.visitacity.com/en/sorrento"
    },
    {
        "continent": "Europe",
        "continent_title": "Europe",
        "city": "Valletta",
        "url": "https://www.visitacity.com/en/valletta"
    },
    {
        "continent": "Europe",
        "continent_title": "Europe",
        "city": "Rotterdam",
        "url": "https://www.visitacity.com/en/rotterdam"
    },
    {
        "continent": "Europe",
        "continent_title": "Europe",
        "city": "Saxony",
        "url": "https://www.visitacity.com/en/saxony"
    },
    {
        "continent": "Europe",
        "continent_title": "Europe",
        "city": "Nuremberg",
        "url": "https://www.visitacity.com/en/nuremberg"
    },
    {
        "continent": "Europe",
        "continent_title": "Europe",
        "city": "Tallinn",
        "url": "https://www.visitacity.com/en/tallinn"
    },
    {
        "continent": "Europe",
        "continent_title": "Europe",
        "city": "Bath",
        "url": "https://www.visitacity.com/en/bath"
    },
    {
        "continent": "Europe",
        "continent_title": "Europe",
        "city": "Capri",
        "url": "https://www.visitacity.com/en/capri"
    },
    {
        "continent": "Europe",
        "continent_title": "Europe",
        "city": "Turin",
        "url": "https://www.visitacity.com/en/turin"
    },
    {
        "continent": "Europe",
        "continent_title": "Europe",
        "city": "Catania",
        "url": "https://www.visitacity.com/en/catania"
    },
    {
        "continent": "Europe",
        "continent_title": "Europe",
        "city": "Antwerp",
        "url": "https://www.visitacity.com/en/antwerp"
    },
    {
        "continent": "Europe",
        "continent_title": "Europe",
        "city": "Bilbao",
        "url": "https://www.visitacity.com/en/bilbao"
    },
    {
        "continent": "Europe",
        "continent_title": "Europe",
        "city": "Cork & Kerry",
        "url": "https://www.visitacity.com/en/cork-and-kerry"
    },
    {
        "continent": "Europe",
        "continent_title": "Europe",
        "city": "Bergen",
        "url": "https://www.visitacity.com/en/bergen"
    },
    {
        "continent": "Europe",
        "continent_title": "Europe",
        "city": "Luxembourg City",
        "url": "https://www.visitacity.com/en/luxembourg-city"
    },
    {
        "continent": "Europe",
        "continent_title": "Europe",
        "city": "York",
        "url": "https://www.visitacity.com/en/york"
    },
    {
        "continent": "Europe",
        "continent_title": "Europe",
        "city": "Pompeii",
        "url": "https://www.visitacity.com/en/pompeii"
    },
    {
        "continent": "Europe",
        "continent_title": "Europe",
        "city": "Dresden",
        "url": "https://www.visitacity.com/en/dresden"
    },
    {
        "continent": "Europe",
        "continent_title": "Europe",
        "city": "Bern",
        "url": "https://www.visitacity.com/en/bern"
    },
    {
        "continent": "Europe",
        "continent_title": "Europe",
        "city": "Oxford",
        "url": "https://www.visitacity.com/en/oxford"
    },
    {
        "continent": "Europe",
        "continent_title": "Europe",
        "city": "Belgrade",
        "url": "https://www.visitacity.com/en/belgrade"
    },
    {
        "continent": "Europe",
        "continent_title": "Europe",
        "city": "Basel",
        "url": "https://www.visitacity.com/en/basel"
    },
    {
        "continent": "Europe",
        "continent_title": "Europe",
        "city": "Lucca",
        "url": "https://www.visitacity.com/en/lucca"
    },
    {
        "continent": "Europe",
        "continent_title": "Europe",
        "city": "France",
        "url": "https://www.visitacity.com/en/france"
    },
    {
        "continent": "Europe",
        "continent_title": "Europe",
        "city": "Innsbruck",
        "url": "https://www.visitacity.com/en/innsbruck"
    },
    {
        "continent": "Europe",
        "continent_title": "Europe",
        "city": "Loire Valley",
        "url": "https://www.visitacity.com/en/loire-valley"
    },
    {
        "continent": "Europe",
        "continent_title": "Europe",
        "city": "Toulouse",
        "url": "https://www.visitacity.com/en/toulouse"
    },
    {
        "continent": "Europe",
        "continent_title": "Europe",
        "city": "The Hague",
        "url": "https://www.visitacity.com/en/the-hague"
    },
    {
        "continent": "Europe",
        "continent_title": "Europe",
        "city": "Sofia",
        "url": "https://www.visitacity.com/en/sofia"
    },
    {
        "continent": "Europe",
        "continent_title": "Europe",
        "city": "Cannes",
        "url": "https://www.visitacity.com/en/cannes"
    },
    {
        "continent": "Europe",
        "continent_title": "Europe",
        "city": "Dusseldorf",
        "url": "https://www.visitacity.com/en/dusseldorf"
    },
    {
        "continent": "Europe",
        "continent_title": "Europe",
        "city": "Amalfi",
        "url": "https://www.visitacity.com/en/amalfi"
    },
    {
        "continent": "Europe",
        "continent_title": "Europe",
        "city": "Taormina",
        "url": "https://www.visitacity.com/en/taormina"
    },
    {
        "continent": "Europe",
        "continent_title": "Europe",
        "city": "Stuttgart",
        "url": "https://www.visitacity.com/en/stuttgart"
    },
    {
        "continent": "Europe",
        "continent_title": "Europe",
        "city": "Avignon",
        "url": "https://www.visitacity.com/en/avignon"
    },
    {
        "continent": "Europe",
        "continent_title": "Europe",
        "city": "Bergamo",
        "url": "https://www.visitacity.com/en/bergamo"
    },
    {
        "continent": "Europe",
        "continent_title": "Europe",
        "city": "Colmar",
        "url": "https://www.visitacity.com/en/colmar"
    },
    {
        "continent": "Europe",
        "continent_title": "Europe",
        "city": "Padua",
        "url": "https://www.visitacity.com/en/padua"
    },
    {
        "continent": "Europe",
        "continent_title": "Europe",
        "city": "Bari",
        "url": "https://www.visitacity.com/en/bari"
    },
    {
        "continent": "Europe",
        "continent_title": "Europe",
        "city": "Cambridge",
        "url": "https://www.visitacity.com/en/cambridge"
    },
    {
        "continent": "Europe",
        "continent_title": "Europe",
        "city": "Cadiz",
        "url": "https://www.visitacity.com/en/cdiz"
    },
    {
        "continent": "Europe",
        "continent_title": "Europe",
        "city": "San Gimignano",
        "url": "https://www.visitacity.com/en/san-gimignano"
    },
    {
        "continent": "Europe",
        "continent_title": "Europe",
        "city": "Malm\u00f6",
        "url": "https://www.visitacity.com/en/malm"
    },
    {
        "continent": "Europe",
        "continent_title": "Europe",
        "city": "Zadar",
        "url": "https://www.visitacity.com/en/zadar"
    },
    {
        "continent": "Europe",
        "continent_title": "Europe",
        "city": "Heidelberg",
        "url": "https://www.visitacity.com/en/heidelberg"
    },
    {
        "continent": "Europe",
        "continent_title": "Europe",
        "city": "Italian Lakes",
        "url": "https://www.visitacity.com/en/italian-lakes"
    },
    {
        "continent": "Europe",
        "continent_title": "Europe",
        "city": "Assisi",
        "url": "https://www.visitacity.com/en/assisi"
    },
    {
        "continent": "Europe",
        "continent_title": "Europe",
        "city": "Trieste",
        "url": "https://www.visitacity.com/en/trieste"
    },
    {
        "continent": "Europe",
        "continent_title": "Europe",
        "city": "Cork",
        "url": "https://www.visitacity.com/en/cork"
    },
    {
        "continent": "Europe",
        "continent_title": "Europe",
        "city": "San Sebastian",
        "url": "https://www.visitacity.com/en/san-sebastin"
    },
    {
        "continent": "Europe",
        "continent_title": "Europe",
        "city": "England",
        "url": "https://www.visitacity.com/en/england"
    },
    {
        "continent": "Europe",
        "continent_title": "Europe",
        "city": "Gothenburg",
        "url": "https://www.visitacity.com/en/gothenburg"
    },
    {
        "continent": "Europe",
        "continent_title": "Europe",
        "city": "Segovia",
        "url": "https://www.visitacity.com/en/segovia"
    },
    {
        "continent": "Europe",
        "continent_title": "Europe",
        "city": "Galway",
        "url": "https://www.visitacity.com/en/galway"
    },
    {
        "continent": "Europe",
        "continent_title": "Europe",
        "city": "Lille",
        "url": "https://www.visitacity.com/en/lille"
    },
    {
        "continent": "Europe",
        "continent_title": "Europe",
        "city": "Bristol",
        "url": "https://www.visitacity.com/en/bristol"
    },
    {
        "continent": "Europe",
        "continent_title": "Europe",
        "city": "Spain",
        "url": "https://www.visitacity.com/en/spain"
    },
    {
        "continent": "Europe",
        "continent_title": "Europe",
        "city": "Alicante",
        "url": "https://www.visitacity.com/en/alicante"
    },
    {
        "continent": "Europe",
        "continent_title": "Europe",
        "city": "Zaragoza",
        "url": "https://www.visitacity.com/en/zaragoza"
    },
    {
        "continent": "Europe",
        "continent_title": "Europe",
        "city": "Cardiff",
        "url": "https://www.visitacity.com/en/cardiff"
    },
    {
        "continent": "Europe",
        "continent_title": "Europe",
        "city": "Gibraltar",
        "url": "https://www.visitacity.com/en/gibraltar"
    },
    {
        "continent": "Europe",
        "continent_title": "Europe",
        "city": "Messina",
        "url": "https://www.visitacity.com/en/messina"
    },
    {
        "continent": "Europe",
        "continent_title": "Europe",
        "city": "Salamanca",
        "url": "https://www.visitacity.com/en/salamanca"
    },
    {
        "continent": "Europe",
        "continent_title": "Europe",
        "city": "Ravenna",
        "url": "https://www.visitacity.com/en/ravenna"
    },
    {
        "continent": "Europe",
        "continent_title": "Europe",
        "city": "Ireland",
        "url": "https://www.visitacity.com/en/ireland"
    },
    {
        "continent": "Europe",
        "continent_title": "Europe",
        "city": "Wallonia",
        "url": "https://www.visitacity.com/en/wallonia"
    },
    {
        "continent": "Europe",
        "continent_title": "Europe",
        "city": "Annecy",
        "url": "https://www.visitacity.com/en/annecy"
    },
    {
        "continent": "Europe",
        "continent_title": "Europe",
        "city": "Playa Blanca",
        "url": "https://www.visitacity.com/en/playa-blanca"
    },
    {
        "continent": "Europe",
        "continent_title": "Europe",
        "city": "Canary Islands",
        "url": "https://www.visitacity.com/en/canary-islands"
    },
    {
        "continent": "Europe",
        "continent_title": "Europe",
        "city": "Funchal",
        "url": "https://www.visitacity.com/en/funchal"
    },
    {
        "continent": "Europe",
        "continent_title": "Europe",
        "city": "Montpellier",
        "url": "https://www.visitacity.com/en/montpellier"
    },
    {
        "continent": "Europe",
        "continent_title": "Europe",
        "city": "Utrecht",
        "url": "https://www.visitacity.com/en/utrecht"
    },
    {
        "continent": "Europe",
        "continent_title": "Europe",
        "city": "Potsdam",
        "url": "https://www.visitacity.com/en/potsdam"
    },
    {
        "continent": "Europe",
        "continent_title": "Europe",
        "city": "Killarney",
        "url": "https://www.visitacity.com/en/killarney"
    },
    {
        "continent": "Europe",
        "continent_title": "Europe",
        "city": "Parma",
        "url": "https://www.visitacity.com/en/parma"
    },
    {
        "continent": "Europe",
        "continent_title": "Europe",
        "city": "Cagliari",
        "url": "https://www.visitacity.com/en/cagliari"
    },
    {
        "continent": "Europe",
        "continent_title": "Europe",
        "city": "Faro",
        "url": "https://www.visitacity.com/en/faro"
    },
    {
        "continent": "Europe",
        "continent_title": "Europe",
        "city": "Lausanne",
        "url": "https://www.visitacity.com/en/lausanne"
    },
    {
        "continent": "Europe",
        "continent_title": "Europe",
        "city": "Lecce",
        "url": "https://www.visitacity.com/en/lecce"
    },
    {
        "continent": "Europe",
        "continent_title": "Europe",
        "city": "Maastricht",
        "url": "https://www.visitacity.com/en/maastricht"
    },
    {
        "continent": "Europe",
        "continent_title": "Europe",
        "city": "Girona",
        "url": "https://www.visitacity.com/en/girona"
    },
    {
        "continent": "Europe",
        "continent_title": "Europe",
        "city": "Tromso",
        "url": "https://www.visitacity.com/en/tromso"
    },
    {
        "continent": "Europe",
        "continent_title": "Europe",
        "city": "Birmingham",
        "url": "https://www.visitacity.com/en/birmingham"
    },
    {
        "continent": "Europe",
        "continent_title": "Europe",
        "city": "Livorno",
        "url": "https://www.visitacity.com/en/livorno"
    },
    {
        "continent": "Europe",
        "continent_title": "Europe",
        "city": "Hallstatt",
        "url": "https://www.visitacity.com/en/hallstatt"
    },
    {
        "continent": "Europe",
        "continent_title": "Europe",
        "city": "Inverness",
        "url": "https://www.visitacity.com/en/inverness"
    },
    {
        "continent": "Europe",
        "continent_title": "Europe",
        "city": "Matera",
        "url": "https://www.visitacity.com/en/matera"
    },
    {
        "continent": "Europe",
        "continent_title": "Europe",
        "city": "Santiago de Compostela",
        "url": "https://www.visitacity.com/en/santiago-de-compostela"
    },
    {
        "continent": "Europe",
        "continent_title": "Europe",
        "city": "Rouen",
        "url": "https://www.visitacity.com/en/rouen"
    },
    {
        "continent": "Europe",
        "continent_title": "Europe",
        "city": "Leipzig",
        "url": "https://www.visitacity.com/en/leipzig"
    },
    {
        "continent": "Europe",
        "continent_title": "Europe",
        "city": "Ibiza",
        "url": "https://www.visitacity.com/en/ibiza"
    },
    {
        "continent": "Europe",
        "continent_title": "Europe",
        "city": "Kyiv",
        "url": "https://www.visitacity.com/en/kiev"
    },
    {
        "continent": "Europe",
        "continent_title": "Europe",
        "city": "Aix-en-Provence",
        "url": "https://www.visitacity.com/en/aixenprovence"
    },
    {
        "continent": "Europe",
        "continent_title": "Europe",
        "city": "Sarajevo",
        "url": "https://www.visitacity.com/en/sarajevo"
    },
    {
        "continent": "Europe",
        "continent_title": "Europe",
        "city": "Lagos",
        "url": "https://www.visitacity.com/en/lagos"
    },
    {
        "continent": "Europe",
        "continent_title": "Europe",
        "city": "Modena",
        "url": "https://www.visitacity.com/en/modena"
    },
    {
        "continent": "Europe",
        "continent_title": "Europe",
        "city": "Bremen",
        "url": "https://www.visitacity.com/en/bremen"
    },
    {
        "continent": "Europe",
        "continent_title": "Europe",
        "city": "Izmir",
        "url": "https://www.visitacity.com/en/izmir"
    },
    {
        "continent": "Europe",
        "continent_title": "Europe",
        "city": "Reims",
        "url": "https://www.visitacity.com/en/reims"
    },
    {
        "continent": "Europe",
        "continent_title": "Europe",
        "city": "Brighton",
        "url": "https://www.visitacity.com/en/brighton"
    },
    {
        "continent": "Europe",
        "continent_title": "Europe",
        "city": "San Marino",
        "url": "https://www.visitacity.com/en/san-marino"
    },
    {
        "continent": "Europe",
        "continent_title": "Europe",
        "city": "Perugia",
        "url": "https://www.visitacity.com/en/perugia"
    },
    {
        "continent": "Europe",
        "continent_title": "Europe",
        "city": "Germany",
        "url": "https://www.visitacity.com/en/germany"
    },
    {
        "continent": "Europe",
        "continent_title": "Europe",
        "city": "Carcassonne",
        "url": "https://www.visitacity.com/en/carcassonne"
    },
    {
        "continent": "Europe",
        "continent_title": "Europe",
        "city": "Graz",
        "url": "https://www.visitacity.com/en/graz"
    },
    {
        "continent": "Europe",
        "continent_title": "Europe",
        "city": "Marbella",
        "url": "https://www.visitacity.com/en/marbella"
    },
    {
        "continent": "Europe",
        "continent_title": "Europe",
        "city": "Trier",
        "url": "https://www.visitacity.com/en/trier"
    },
    {
        "continent": "Europe",
        "continent_title": "Europe",
        "city": "Nimes",
        "url": "https://www.visitacity.com/en/nimes"
    },
    {
        "continent": "Europe",
        "continent_title": "Europe",
        "city": "Ferrara",
        "url": "https://www.visitacity.com/en/ferrara"
    },
    {
        "continent": "Europe",
        "continent_title": "Europe",
        "city": "Rimini",
        "url": "https://www.visitacity.com/en/rimini"
    },
    {
        "continent": "Europe",
        "continent_title": "Europe",
        "city": "Agrigento",
        "url": "https://www.visitacity.com/en/agrigento"
    },
    {
        "continent": "Europe",
        "continent_title": "Europe",
        "city": "Arles",
        "url": "https://www.visitacity.com/en/arles"
    },
    {
        "continent": "Europe",
        "continent_title": "Europe",
        "city": "Hannover",
        "url": "https://www.visitacity.com/en/hannover"
    },
    {
        "continent": "Europe",
        "continent_title": "Europe",
        "city": "Nantes",
        "url": "https://www.visitacity.com/en/nantes"
    },
    {
        "continent": "Europe",
        "continent_title": "Europe",
        "city": "Vicenza",
        "url": "https://www.visitacity.com/en/vicenza"
    },
    {
        "continent": "Europe",
        "continent_title": "Europe",
        "city": "Bonn",
        "url": "https://www.visitacity.com/en/bonn"
    },
    {
        "continent": "Europe",
        "continent_title": "Europe",
        "city": "Wurzburg",
        "url": "https://www.visitacity.com/en/wurzburg"
    },
    {
        "continent": "Europe",
        "continent_title": "Europe",
        "city": "Ponta Delgada",
        "url": "https://www.visitacity.com/en/ponta-delgada"
    },
    {
        "continent": "Europe",
        "continent_title": "Europe",
        "city": "Orvieto",
        "url": "https://www.visitacity.com/en/orvieto"
    },
    {
        "continent": "Europe",
        "continent_title": "Europe",
        "city": "Newcastle Upon Tyne",
        "url": "https://www.visitacity.com/en/newcastle-upon-tyne"
    },
    {
        "continent": "Europe",
        "continent_title": "Europe",
        "city": "Canterbury",
        "url": "https://www.visitacity.com/en/canterbury"
    },
    {
        "continent": "Europe",
        "continent_title": "Europe",
        "city": "Dijon",
        "url": "https://www.visitacity.com/en/dijon"
    },
    {
        "continent": "Europe",
        "continent_title": "Europe",
        "city": "Tarragona",
        "url": "https://www.visitacity.com/en/tarragona"
    },
    {
        "continent": "Europe",
        "continent_title": "Europe",
        "city": "Santander",
        "url": "https://www.visitacity.com/en/santander"
    },
    {
        "continent": "Europe",
        "continent_title": "Europe",
        "city": "Bamberg",
        "url": "https://www.visitacity.com/en/bamberg"
    },
    {
        "continent": "Europe",
        "continent_title": "Europe",
        "city": "Bayeux",
        "url": "https://www.visitacity.com/en/bayeux"
    },
    {
        "continent": "Europe",
        "continent_title": "Europe",
        "city": "Kilkenny",
        "url": "https://www.visitacity.com/en/kilkenny"
    },
    {
        "continent": "Europe",
        "continent_title": "Europe",
        "city": "Midlands",
        "url": "https://www.visitacity.com/en/midlands"
    },
    {
        "continent": "Europe",
        "continent_title": "Europe",
        "city": "Belgium",
        "url": "https://www.visitacity.com/en/belgium"
    },
    {
        "continent": "Europe",
        "continent_title": "Europe",
        "city": "Liege",
        "url": "https://www.visitacity.com/en/lige"
    },
    {
        "continent": "Europe",
        "continent_title": "Europe",
        "city": "Antibes",
        "url": "https://www.visitacity.com/en/antibes"
    },
    {
        "continent": "Europe",
        "continent_title": "Europe",
        "city": "Leeds",
        "url": "https://www.visitacity.com/en/leeds"
    },
    {
        "continent": "Europe",
        "continent_title": "Europe",
        "city": "Freiburg im Breisgau",
        "url": "https://www.visitacity.com/en/freiburg"
    },
    {
        "continent": "Europe",
        "continent_title": "Europe",
        "city": "Tours",
        "url": "https://www.visitacity.com/en/tours"
    },
    {
        "continent": "Europe",
        "continent_title": "Europe",
        "city": "Trapani",
        "url": "https://www.visitacity.com/en/trapani"
    },
    {
        "continent": "Europe",
        "continent_title": "Europe",
        "city": "Pamplona",
        "url": "https://www.visitacity.com/en/pamplona"
    },
    {
        "continent": "Europe",
        "continent_title": "Europe",
        "city": "Southampton",
        "url": "https://www.visitacity.com/en/southampton"
    },
    {
        "continent": "Europe",
        "continent_title": "Europe",
        "city": "Lourdes",
        "url": "https://www.visitacity.com/en/lourdes"
    },
    {
        "continent": "Europe",
        "continent_title": "Europe",
        "city": "Netherlands",
        "url": "https://www.visitacity.com/en/netherlands"
    },
    {
        "continent": "Europe",
        "continent_title": "Europe",
        "city": "Arezzo",
        "url": "https://www.visitacity.com/en/arezzo"
    },
    {
        "continent": "Europe",
        "continent_title": "Europe",
        "city": "Honfleur",
        "url": "https://www.visitacity.com/en/honfleur"
    },
    {
        "continent": "Europe",
        "continent_title": "Europe",
        "city": "Regensburg",
        "url": "https://www.visitacity.com/en/regensburg"
    },
    {
        "continent": "Europe",
        "continent_title": "Europe",
        "city": "Stratford-upon-Avon",
        "url": "https://www.visitacity.com/en/stratforduponavon"
    },
    {
        "continent": "Europe",
        "continent_title": "Europe",
        "city": "Haarlem",
        "url": "https://www.visitacity.com/en/haarlem"
    },
    {
        "continent": "Europe",
        "continent_title": "Europe",
        "city": "Treviso",
        "url": "https://www.visitacity.com/en/treviso"
    },
    {
        "continent": "Europe",
        "continent_title": "Europe",
        "city": "Brescia",
        "url": "https://www.visitacity.com/en/brescia"
    },
    {
        "continent": "Europe",
        "continent_title": "Europe",
        "city": "Koblenz",
        "url": "https://www.visitacity.com/en/koblenz"
    },
    {
        "continent": "Europe",
        "continent_title": "Europe",
        "city": "Chester",
        "url": "https://www.visitacity.com/en/chester"
    },
    {
        "continent": "Europe",
        "continent_title": "Europe",
        "city": "Bolzano",
        "url": "https://www.visitacity.com/en/bolzano"
    },
    {
        "continent": "Europe",
        "continent_title": "Europe",
        "city": "Salerno",
        "url": "https://www.visitacity.com/en/salerno"
    },
    {
        "continent": "Europe",
        "continent_title": "Europe",
        "city": "Mainz",
        "url": "https://www.visitacity.com/en/mainz"
    },
    {
        "continent": "Europe",
        "continent_title": "Europe",
        "city": "Cartagena, Spain",
        "url": "https://www.visitacity.com/en/cartagena-spain"
    },
    {
        "continent": "Europe",
        "continent_title": "Europe",
        "city": "Caen",
        "url": "https://www.visitacity.com/en/caen"
    },
    {
        "continent": "Europe",
        "continent_title": "Europe",
        "city": "Vigo",
        "url": "https://www.visitacity.com/en/vigo"
    },
    {
        "continent": "Europe",
        "continent_title": "Europe",
        "city": "Aberdeen",
        "url": "https://www.visitacity.com/en/aberdeen"
    },
    {
        "continent": "Europe",
        "continent_title": "Europe",
        "city": "St-Tropez",
        "url": "https://www.visitacity.com/en/sttropez"
    },
    {
        "continent": "Europe",
        "continent_title": "Europe",
        "city": "Nottingham",
        "url": "https://www.visitacity.com/en/nottingham"
    },
    {
        "continent": "Europe",
        "continent_title": "Europe",
        "city": "Giverny",
        "url": "https://www.visitacity.com/en/giverny"
    },
    {
        "continent": "Europe",
        "continent_title": "Europe",
        "city": "Oviedo",
        "url": "https://www.visitacity.com/en/oviedo"
    },
    {
        "continent": "Europe",
        "continent_title": "Europe",
        "city": "Rovaniemi",
        "url": "https://www.visitacity.com/en/rovaniemi"
    },
    {
        "continent": "Europe",
        "continent_title": "Europe",
        "city": "Limerick",
        "url": "https://www.visitacity.com/en/limerick"
    },
    {
        "continent": "Europe",
        "continent_title": "Europe",
        "city": "Le Havre",
        "url": "https://www.visitacity.com/en/le-havre"
    },
    {
        "continent": "Europe",
        "continent_title": "Europe",
        "city": "Windsor",
        "url": "https://www.visitacity.com/en/windsor"
    },
    {
        "continent": "Europe",
        "continent_title": "Europe",
        "city": "Stirling",
        "url": "https://www.visitacity.com/en/stirling"
    },
    {
        "continent": "Europe",
        "continent_title": "Europe",
        "city": "Burgos",
        "url": "https://www.visitacity.com/en/burgos"
    },
    {
        "continent": "Europe",
        "continent_title": "Europe",
        "city": "Nancy",
        "url": "https://www.visitacity.com/en/nancy"
    },
    {
        "continent": "Europe",
        "continent_title": "Europe",
        "city": "Ancona",
        "url": "https://www.visitacity.com/en/ancona"
    },
    {
        "continent": "Europe",
        "continent_title": "Europe",
        "city": "Eindhoven",
        "url": "https://www.visitacity.com/en/eindhoven"
    },
    {
        "continent": "Europe",
        "continent_title": "Europe",
        "city": "Dover",
        "url": "https://www.visitacity.com/en/dover"
    },
    {
        "continent": "Europe",
        "continent_title": "Europe",
        "city": "Trento",
        "url": "https://www.visitacity.com/en/trento"
    },
    {
        "continent": "Europe",
        "continent_title": "Europe",
        "city": "Passau",
        "url": "https://www.visitacity.com/en/passau"
    },
    {
        "continent": "Europe",
        "continent_title": "Europe",
        "city": "Murcia",
        "url": "https://www.visitacity.com/en/murcia"
    },
    {
        "continent": "Europe",
        "continent_title": "Europe",
        "city": "Dortmund",
        "url": "https://www.visitacity.com/en/dortmund"
    },
    {
        "continent": "Europe",
        "continent_title": "Europe",
        "city": "Linz",
        "url": "https://www.visitacity.com/en/linz"
    },
    {
        "continent": "Europe",
        "continent_title": "Europe",
        "city": "Rennes",
        "url": "https://www.visitacity.com/en/rennes"
    },
    {
        "continent": "Europe",
        "continent_title": "Europe",
        "city": "Leon",
        "url": "https://www.visitacity.com/en/leon"
    },
    {
        "continent": "Europe",
        "continent_title": "Europe",
        "city": "La Rochelle",
        "url": "https://www.visitacity.com/en/la-rochelle"
    },
    {
        "continent": "Europe",
        "continent_title": "Europe",
        "city": "Lower Austria & Burgenland",
        "url": "https://www.visitacity.com/en/lower-austria"
    },
    {
        "continent": "Europe",
        "continent_title": "Europe",
        "city": "Valladolid",
        "url": "https://www.visitacity.com/en/valladolid"
    },
    {
        "continent": "Europe",
        "continent_title": "Europe",
        "city": "Leiden",
        "url": "https://www.visitacity.com/en/leiden"
    },
    {
        "continent": "Europe",
        "continent_title": "Europe",
        "city": "Biarritz",
        "url": "https://www.visitacity.com/en/biarritz"
    },
    {
        "continent": "Europe",
        "continent_title": "Europe",
        "city": "Almeria",
        "url": "https://www.visitacity.com/en/almera"
    },
    {
        "continent": "Europe",
        "continent_title": "Europe",
        "city": "Caceres",
        "url": "https://www.visitacity.com/en/caceres"
    },
    {
        "continent": "Europe",
        "continent_title": "Europe",
        "city": "Toulon",
        "url": "https://www.visitacity.com/en/toulon"
    },
    {
        "continent": "Europe",
        "continent_title": "Europe",
        "city": "Perpignan",
        "url": "https://www.visitacity.com/en/perpignan"
    },
    {
        "continent": "Europe",
        "continent_title": "Europe",
        "city": "Gijon",
        "url": "https://www.visitacity.com/en/gijon"
    },
    {
        "continent": "Europe",
        "continent_title": "Europe",
        "city": "Cuenca",
        "url": "https://www.visitacity.com/en/cuenca-spain"
    },
    {
        "continent": "Europe",
        "continent_title": "Europe",
        "city": "Rostock",
        "url": "https://www.visitacity.com/en/rostock"
    },
    {
        "continent": "Europe",
        "continent_title": "Europe",
        "city": "Salisbury",
        "url": "https://www.visitacity.com/en/salisbury"
    },
    {
        "continent": "Europe",
        "continent_title": "Europe",
        "city": "Grenoble",
        "url": "https://www.visitacity.com/en/grenoble"
    },
    {
        "continent": "Europe",
        "continent_title": "Europe",
        "city": "Austria",
        "url": "https://www.visitacity.com/en/austria"
    },
    {
        "continent": "Europe",
        "continent_title": "Europe",
        "city": "Waterford",
        "url": "https://www.visitacity.com/en/waterford"
    },
    {
        "continent": "Europe",
        "continent_title": "Europe",
        "city": "Villefranche-sur-Mer",
        "url": "https://www.visitacity.com/en/villefranchesurmer"
    },
    {
        "continent": "Europe",
        "continent_title": "Europe",
        "city": "Odessa",
        "url": "https://www.visitacity.com/en/odessa"
    },
    {
        "continent": "Europe",
        "continent_title": "Europe",
        "city": "Beaune",
        "url": "https://www.visitacity.com/en/beaune"
    },
    {
        "continent": "Europe",
        "continent_title": "Europe",
        "city": "Blois",
        "url": "https://www.visitacity.com/en/blois"
    },
    {
        "continent": "Europe",
        "continent_title": "Europe",
        "city": "Grasse",
        "url": "https://www.visitacity.com/en/grasse"
    },
    {
        "continent": "Europe",
        "continent_title": "Europe",
        "city": "Norwich",
        "url": "https://www.visitacity.com/en/norwich"
    },
    {
        "continent": "Europe",
        "continent_title": "Europe",
        "city": "Kiel",
        "url": "https://www.visitacity.com/en/kiel"
    },
    {
        "continent": "Europe",
        "continent_title": "Europe",
        "city": "Portsmouth",
        "url": "https://www.visitacity.com/en/portsmouth"
    },
    {
        "continent": "Europe",
        "continent_title": "Europe",
        "city": "Londonderry",
        "url": "https://www.visitacity.com/en/LONDONderry"
    },
    {
        "continent": "Europe",
        "continent_title": "Europe",
        "city": "Groningen",
        "url": "https://www.visitacity.com/en/groningen"
    },
    {
        "continent": "Europe",
        "continent_title": "Europe",
        "city": "Windermere",
        "url": "https://www.visitacity.com/en/windermere"
    },
    {
        "continent": "Europe",
        "continent_title": "Europe",
        "city": "Cobh",
        "url": "https://www.visitacity.com/en/cobh"
    },
    {
        "continent": "Europe",
        "continent_title": "Europe",
        "city": "South West England",
        "url": "https://www.visitacity.com/en/south-west-england"
    },
    {
        "continent": "Europe",
        "continent_title": "Europe",
        "city": "Karlsruhe",
        "url": "https://www.visitacity.com/en/karlsruhe"
    },
    {
        "continent": "Europe",
        "continent_title": "Europe",
        "city": "Alghero",
        "url": "https://www.visitacity.com/en/alghero"
    },
    {
        "continent": "Europe",
        "continent_title": "Europe",
        "city": "Pavia",
        "url": "https://www.visitacity.com/en/pavia"
    },
    {
        "continent": "Europe",
        "continent_title": "Europe",
        "city": "Aosta",
        "url": "https://www.visitacity.com/en/aosta"
    },
    {
        "continent": "Europe",
        "continent_title": "Europe",
        "city": "Konstanz",
        "url": "https://www.visitacity.com/en/konstanz"
    },
    {
        "continent": "Europe",
        "continent_title": "Europe",
        "city": "Gouda",
        "url": "https://www.visitacity.com/en/gouda"
    },
    {
        "continent": "Europe",
        "continent_title": "Europe",
        "city": "Northern Ireland",
        "url": "https://www.visitacity.com/en/northern-ireland"
    },
    {
        "continent": "Europe",
        "continent_title": "Europe",
        "city": "Ypres",
        "url": "https://www.visitacity.com/en/ypres"
    },
    {
        "continent": "Europe",
        "continent_title": "Europe",
        "city": "Dunkirk",
        "url": "https://www.visitacity.com/en/dunkerque"
    },
    {
        "continent": "Europe",
        "continent_title": "Europe",
        "city": "Benidorm",
        "url": "https://www.visitacity.com/en/benidorm"
    },
    {
        "continent": "Europe",
        "continent_title": "Europe",
        "city": "Dundee",
        "url": "https://www.visitacity.com/en/dundee"
    },
    {
        "continent": "Europe",
        "continent_title": "Europe",
        "city": "Plymouth",
        "url": "https://www.visitacity.com/en/plymouth"
    },
    {
        "continent": "Europe",
        "continent_title": "Europe",
        "city": "Donegal",
        "url": "https://www.visitacity.com/en/donegal"
    },
    {
        "continent": "Europe",
        "continent_title": "Europe",
        "city": "Taranto",
        "url": "https://www.visitacity.com/en/taranto"
    },
    {
        "continent": "Europe",
        "continent_title": "Europe",
        "city": "Sete",
        "url": "https://www.visitacity.com/en/ste"
    },
    {
        "continent": "Europe",
        "continent_title": "Europe",
        "city": "Blackpool",
        "url": "https://www.visitacity.com/en/blackpool"
    },
    {
        "continent": "Europe",
        "continent_title": "Europe",
        "city": "Warwick",
        "url": "https://www.visitacity.com/en/warwick"
    },
    {
        "continent": "Europe",
        "continent_title": "Europe",
        "city": "Bournemouth",
        "url": "https://www.visitacity.com/en/bournemouth"
    },
    {
        "continent": "Europe",
        "continent_title": "Europe",
        "city": "Bayonne",
        "url": "https://www.visitacity.com/en/bayonne"
    },
    {
        "continent": "Europe",
        "continent_title": "Europe",
        "city": "Mechelen",
        "url": "https://www.visitacity.com/en/mechelen"
    },
    {
        "continent": "Europe",
        "continent_title": "Europe",
        "city": "Sligo",
        "url": "https://www.visitacity.com/en/sligo"
    },
    {
        "continent": "Europe",
        "continent_title": "Europe",
        "city": "Antequera",
        "url": "https://www.visitacity.com/en/antequera"
    },
    {
        "continent": "Europe",
        "continent_title": "Europe",
        "city": "Keswick",
        "url": "https://www.visitacity.com/en/keswick"
    },
    {
        "continent": "Europe",
        "continent_title": "Europe",
        "city": "Dingle",
        "url": "https://www.visitacity.com/en/dingle"
    },
    {
        "continent": "Europe",
        "continent_title": "Europe",
        "city": "Kenmare",
        "url": "https://www.visitacity.com/en/kenmare"
    },
    {
        "continent": "Europe",
        "continent_title": "Europe",
        "city": "Llandudno",
        "url": "https://www.visitacity.com/en/llandudno"
    },
    {
        "continent": "Europe",
        "continent_title": "Europe",
        "city": "Coventry",
        "url": "https://www.visitacity.com/en/coventry"
    },
    {
        "continent": "Europe",
        "continent_title": "Europe",
        "city": "Scarborough",
        "url": "https://www.visitacity.com/en/scarborough-united-kingdom"
    },
    {
        "continent": "Europe",
        "continent_title": "Europe",
        "city": "Arras",
        "url": "https://www.visitacity.com/en/arras"
    },
    {
        "continent": "Europe",
        "continent_title": "Europe",
        "city": "Klagenfurt",
        "url": "https://www.visitacity.com/en/klagenfurt"
    },
    {
        "continent": "Europe",
        "continent_title": "Europe",
        "city": "Asti",
        "url": "https://www.visitacity.com/en/asti"
    },
    {
        "continent": "Europe",
        "continent_title": "Europe",
        "city": "Weymouth",
        "url": "https://www.visitacity.com/en/weymouth"
    },
    {
        "continent": "Europe",
        "continent_title": "Europe",
        "city": "Alkmaar",
        "url": "https://www.visitacity.com/en/alkmaar"
    },
    {
        "continent": "Europe",
        "continent_title": "Europe",
        "city": "Castile and Le\u00f3n",
        "url": "https://www.visitacity.com/en/castile-and-len"
    },
    {
        "continent": "Europe",
        "continent_title": "Europe",
        "city": "Nijmegen",
        "url": "https://www.visitacity.com/en/nijmegen"
    },
    {
        "continent": "Europe",
        "continent_title": "Europe",
        "city": "Chambery",
        "url": "https://www.visitacity.com/en/chambery"
    },
    {
        "continent": "Europe",
        "continent_title": "Europe",
        "city": "Worcester",
        "url": "https://www.visitacity.com/en/worcester"
    },
    {
        "continent": "Europe",
        "continent_title": "Europe",
        "city": "Munster",
        "url": "https://www.visitacity.com/en/mnster"
    },
    {
        "continent": "Europe",
        "continent_title": "Europe",
        "city": "Pesaro",
        "url": "https://www.visitacity.com/en/pesaro"
    },
    {
        "continent": "Europe",
        "continent_title": "Europe",
        "city": "Tralee",
        "url": "https://www.visitacity.com/en/tralee"
    },
    {
        "continent": "Europe",
        "continent_title": "Europe",
        "city": "Arnhem",
        "url": "https://www.visitacity.com/en/arnhem"
    },
    {
        "continent": "Europe",
        "continent_title": "Europe",
        "city": "Swansea",
        "url": "https://www.visitacity.com/en/swansea-and-gower-peninsula"
    },
    {
        "continent": "Europe",
        "continent_title": "Europe",
        "city": "Dordrecht",
        "url": "https://www.visitacity.com/en/dordrecht"
    },
    {
        "continent": "Europe",
        "continent_title": "Europe",
        "city": "Torrevieja",
        "url": "https://www.visitacity.com/en/torrevieja"
    },
    {
        "continent": "Europe",
        "continent_title": "Europe",
        "city": "Falmouth UK",
        "url": "https://www.visitacity.com/en/falmouth-england"
    },
    {
        "continent": "Europe",
        "continent_title": "Europe",
        "city": "Cognac",
        "url": "https://www.visitacity.com/en/cognac"
    },
    {
        "continent": "Europe",
        "continent_title": "Europe",
        "city": "Ascoli Piceno",
        "url": "https://www.visitacity.com/en/ascoli-piceno"
    },
    {
        "continent": "Europe",
        "continent_title": "Europe",
        "city": "Gaeta",
        "url": "https://www.visitacity.com/en/gaeta"
    },
    {
        "continent": "Europe",
        "continent_title": "Europe",
        "city": "Trujillo",
        "url": "https://www.visitacity.com/en/trojillo"
    },
    {
        "continent": "Europe",
        "continent_title": "Europe",
        "city": "Middelburg",
        "url": "https://www.visitacity.com/en/middelburg"
    },
    {
        "continent": "Europe",
        "continent_title": "Europe",
        "city": "Formentera",
        "url": "https://www.visitacity.com/en/formentera"
    },
    {
        "continent": "Europe",
        "continent_title": "Europe",
        "city": "Ennis",
        "url": "https://www.visitacity.com/en/ennis"
    },
    {
        "continent": "Europe",
        "continent_title": "Europe",
        "city": "Leeuwarden",
        "url": "https://www.visitacity.com/en/leeuwarden"
    },
    {
        "continent": "Europe",
        "continent_title": "Europe",
        "city": "Poole",
        "url": "https://www.visitacity.com/en/poole"
    },
    {
        "continent": "Europe",
        "continent_title": "Europe",
        "city": "Clifden",
        "url": "https://www.visitacity.com/en/clifden"
    },
    {
        "continent": "Europe",
        "continent_title": "Europe",
        "city": "Kendal",
        "url": "https://www.visitacity.com/en/kendal"
    },
    {
        "continent": "Europe",
        "continent_title": "Europe",
        "city": "Terracina",
        "url": "https://www.visitacity.com/en/terracina"
    },
    {
        "continent": "Europe",
        "continent_title": "Europe",
        "city": "Chamonix",
        "url": "https://www.visitacity.com/en/chamonix"
    },
    {
        "continent": "Europe",
        "continent_title": "Europe",
        "city": "Bantry Bay",
        "url": "https://www.visitacity.com/en/bantry-bay"
    },
    {
        "continent": "Europe",
        "continent_title": "Europe",
        "city": "Hoorn",
        "url": "https://www.visitacity.com/en/hoorn"
    },
    {
        "continent": "Europe",
        "continent_title": "Europe",
        "city": "Portofino",
        "url": "https://www.visitacity.com/en/portofino"
    },
    {
        "continent": "Europe",
        "continent_title": "Europe",
        "city": "Garmisch-Partenkirchen",
        "url": "https://www.visitacity.com/en/garmischpartenkirchen"
    },
    {
        "continent": "Europe",
        "continent_title": "Europe",
        "city": "Ischia",
        "url": "https://www.visitacity.com/en/isola-daposischia"
    },
    {
        "continent": "Europe",
        "continent_title": "Europe",
        "city": "Enkhuizen",
        "url": "https://www.visitacity.com/en/enkhuizen"
    },
    {
        "continent": "Europe",
        "continent_title": "Europe",
        "city": "F\u00fcssen",
        "url": "https://www.visitacity.com/en/fssen"
    },
    {
        "continent": "Europe",
        "continent_title": "Europe",
        "city": "Cortina d'Ampezzo",
        "url": "https://www.visitacity.com/en/cortina-dampezzo"
    },
    {
        "continent": "Europe",
        "continent_title": "Europe",
        "city": "Carlisle",
        "url": "https://www.visitacity.com/en/carlisle"
    },
    {
        "continent": "Europe",
        "continent_title": "Europe",
        "city": "Figueres",
        "url": "https://www.visitacity.com/en/figueres"
    },
    {
        "continent": "Europe",
        "continent_title": "Europe",
        "city": "Arrecife",
        "url": "https://www.visitacity.com/en/arrecife"
    },
    {
        "continent": "Europe",
        "continent_title": "Europe",
        "city": "Lindau",
        "url": "https://www.visitacity.com/en/lindau"
    },
    {
        "continent": "Europe",
        "continent_title": "Europe",
        "city": "Wattens",
        "url": "https://www.visitacity.com/en/wattens"
    },
    {
        "continent": "Europe",
        "continent_title": "Europe",
        "city": "Macon",
        "url": "https://www.visitacity.com/en/macon"
    },
    {
        "continent": "Europe",
        "continent_title": "Europe",
        "city": "Epernay",
        "url": "https://www.visitacity.com/en/pernay"
    },
    {
        "continent": "Europe",
        "continent_title": "Europe",
        "city": "Madonna di Campiglio",
        "url": "https://www.visitacity.com/en/madonna-di-campiglio"
    },
    {
        "continent": "Europe",
        "continent_title": "Europe",
        "city": "Puerto del Rosario",
        "url": "https://www.visitacity.com/en/puerto-del-rosario"
    },
    {
        "continent": "Europe",
        "continent_title": "Europe",
        "city": "La Gomera",
        "url": "https://www.visitacity.com/en/la-gomera"
    },
    {
        "continent": "Europe",
        "continent_title": "Europe",
        "city": "Mont Saint-Michel",
        "url": "https://www.visitacity.com/en/mont-saintmichel"
    },
    {
        "continent": "Europe",
        "continent_title": "Europe",
        "city": "Bergerac",
        "url": "https://www.visitacity.com/en/bergerac"
    },
    {
        "continent": "Europe",
        "continent_title": "Europe",
        "city": "Tropea",
        "url": "https://www.visitacity.com/en/tropea"
    },
    {
        "continent": "Europe",
        "continent_title": "Europe",
        "city": "Cassis",
        "url": "https://www.visitacity.com/en/cassis"
    },
    {
        "continent": "Europe",
        "continent_title": "Europe",
        "city": "Sperlonga",
        "url": "https://www.visitacity.com/en/sperlonga"
    },
    {
        "continent": "Europe",
        "continent_title": "Europe",
        "city": "Lake Bracciano",
        "url": "https://www.visitacity.com/en/lake-bracciano"
    },
    {
        "continent": "Europe",
        "continent_title": "Europe",
        "city": "Montepulciano",
        "url": "https://www.visitacity.com/en/montepulciano"
    },
    {
        "continent": "Europe",
        "continent_title": "Europe",
        "city": "Westport",
        "url": "https://www.visitacity.com/en/westport"
    },
    {
        "continent": "Europe",
        "continent_title": "Europe",
        "city": "Cotswolds",
        "url": "https://www.visitacity.com/en/cotswolds"
    },
    {
        "continent": "Europe",
        "continent_title": "Europe",
        "city": "Positano",
        "url": "https://www.visitacity.com/en/positano"
    },
    {
        "continent": "Europe",
        "continent_title": "Europe",
        "city": "Versailles",
        "url": "https://www.visitacity.com/en/versailles"
    },
    {
        "continent": "Europe",
        "continent_title": "Europe",
        "city": "Rust",
        "url": "https://www.visitacity.com/en/rust"
    },
    {
        "continent": "US",
        "continent_title": "United States & Canada",
        "city": "New York City",
        "url": "https://www.visitacity.com/en/new-york-city"
    },
    {
        "continent": "US",
        "continent_title": "United States & Canada",
        "city": "Washington D.C.",
        "url": "https://www.visitacity.com/en/washington-dc"
    },
    {
        "continent": "US",
        "continent_title": "United States & Canada",
        "city": "San Francisco",
        "url": "https://www.visitacity.com/en/san-francisco"
    },
    {
        "continent": "US",
        "continent_title": "United States & Canada",
        "city": "Los Angeles",
        "url": "https://www.visitacity.com/en/los-angeles"
    },
    {
        "continent": "US",
        "continent_title": "United States & Canada",
        "city": "Boston",
        "url": "https://www.visitacity.com/en/boston"
    },
    {
        "continent": "US",
        "continent_title": "United States & Canada",
        "city": "More on Chicago",
        "url": "https://www.visitacity.com/en/chicago"
    },
    {
        "continent": "US",
        "continent_title": "United States & Canada",
        "city": "More on Montreal",
        "url": "https://www.visitacity.com/en/montreal"
    },
    {
        "continent": "US",
        "continent_title": "United States & Canada",
        "city": "More on Toronto",
        "url": "https://www.visitacity.com/en/toronto"
    },
    {
        "continent": "US",
        "continent_title": "United States & Canada",
        "city": "More on Las Vegas",
        "url": "https://www.visitacity.com/en/las-vegas"
    },
    {
        "continent": "US",
        "continent_title": "United States & Canada",
        "city": "More on Seattle",
        "url": "https://www.visitacity.com/en/seattle"
    },
    {
        "continent": "US",
        "continent_title": "United States & Canada",
        "city": "More on New Orleans",
        "url": "https://www.visitacity.com/en/new-orleans"
    },
    {
        "continent": "US",
        "continent_title": "United States & Canada",
        "city": "More on Vancouver",
        "url": "https://www.visitacity.com/en/vancouver"
    },
    {
        "continent": "US",
        "continent_title": "United States & Canada",
        "city": "More on Quebec City",
        "url": "https://www.visitacity.com/en/quebec-city"
    },
    {
        "continent": "US",
        "continent_title": "United States & Canada",
        "city": "More on Nashville",
        "url": "https://www.visitacity.com/en/nashville"
    },
    {
        "continent": "US",
        "continent_title": "United States & Canada",
        "city": "More on San Diego",
        "url": "https://www.visitacity.com/en/san-diego"
    },
    {
        "continent": "US",
        "continent_title": "United States & Canada",
        "city": "More on Oahu",
        "url": "https://www.visitacity.com/en/oahu"
    },
    {
        "continent": "US",
        "continent_title": "United States & Canada",
        "city": "More on Miami",
        "url": "https://www.visitacity.com/en/miami"
    },
    {
        "continent": "US",
        "continent_title": "United States & Canada",
        "city": "More on Philadelphia",
        "url": "https://www.visitacity.com/en/philadelphia"
    },
    {
        "continent": "US",
        "continent_title": "United States & Canada",
        "city": "More on Orlando",
        "url": "https://www.visitacity.com/en/orlando"
    },
    {
        "continent": "US",
        "continent_title": "United States & Canada",
        "city": "More on Charleston",
        "url": "https://www.visitacity.com/en/charleston"
    },
    {
        "continent": "US",
        "continent_title": "United States & Canada",
        "city": "More on Savannah",
        "url": "https://www.visitacity.com/en/savannah"
    },
    {
        "continent": "US",
        "continent_title": "United States & Canada",
        "city": "More on Maui",
        "url": "https://www.visitacity.com/en/maui"
    },
    {
        "continent": "US",
        "continent_title": "United States & Canada",
        "city": "More on Victoria",
        "url": "https://www.visitacity.com/en/victoria"
    },
    {
        "continent": "US",
        "continent_title": "United States & Canada",
        "city": "More on Portland Oregon",
        "url": "https://www.visitacity.com/en/portland"
    },
    {
        "continent": "US",
        "continent_title": "United States & Canada",
        "city": "More on Ottawa",
        "url": "https://www.visitacity.com/en/ottawa"
    },
    {
        "continent": "US",
        "continent_title": "United States & Canada",
        "city": "More on Memphis",
        "url": "https://www.visitacity.com/en/memphis"
    },
    {
        "continent": "US",
        "continent_title": "United States & Canada",
        "city": "More on Atlanta",
        "url": "https://www.visitacity.com/en/atlanta"
    },
    {
        "continent": "US",
        "continent_title": "United States & Canada",
        "city": "More on Hawaii Big Island",
        "url": "https://www.visitacity.com/en/hawaii"
    },
    {
        "continent": "US",
        "continent_title": "United States & Canada",
        "city": "More on San Antonio",
        "url": "https://www.visitacity.com/en/san-antonio"
    },
    {
        "continent": "US",
        "continent_title": "United States & Canada",
        "city": "More on Denver",
        "url": "https://www.visitacity.com/en/denver"
    },
    {
        "continent": "US",
        "continent_title": "United States & Canada",
        "city": "More on Dallas",
        "url": "https://www.visitacity.com/en/dallas"
    },
    {
        "continent": "US",
        "continent_title": "United States & Canada",
        "city": "More on Houston",
        "url": "https://www.visitacity.com/en/houston"
    },
    {
        "continent": "US",
        "continent_title": "United States & Canada",
        "city": "More on Calgary",
        "url": "https://www.visitacity.com/en/calgary"
    },
    {
        "continent": "US",
        "continent_title": "United States & Canada",
        "city": "More on Austin",
        "url": "https://www.visitacity.com/en/austin"
    },
    {
        "continent": "US",
        "continent_title": "United States & Canada",
        "city": "More on Phoenix",
        "url": "https://www.visitacity.com/en/phoenix"
    },
    {
        "continent": "US",
        "continent_title": "United States & Canada",
        "city": "More on Salem",
        "url": "https://www.visitacity.com/en/salem"
    },
    {
        "continent": "US",
        "continent_title": "United States & Canada",
        "city": "More on Key West",
        "url": "https://www.visitacity.com/en/key-west"
    },
    {
        "continent": "US",
        "continent_title": "United States & Canada",
        "city": "More on Halifax",
        "url": "https://www.visitacity.com/en/halifax"
    },
    {
        "continent": "US",
        "continent_title": "United States & Canada",
        "city": "More on St Louis",
        "url": "https://www.visitacity.com/en/st-louis"
    },
    {
        "continent": "US",
        "continent_title": "United States & Canada",
        "city": "More on Fort Lauderdale",
        "url": "https://www.visitacity.com/en/fort-lauderdale"
    },
    {
        "continent": "US",
        "continent_title": "United States & Canada",
        "city": "More on Salt Lake City",
        "url": "https://www.visitacity.com/en/salt-lake-city"
    },
    {
        "continent": "US",
        "continent_title": "United States & Canada",
        "city": "More on St Augustine",
        "url": "https://www.visitacity.com/en/st-augustine"
    },
    {
        "continent": "US",
        "continent_title": "United States & Canada",
        "city": "More on Baltimore",
        "url": "https://www.visitacity.com/en/baltimore"
    },
    {
        "continent": "US",
        "continent_title": "United States & Canada",
        "city": "More on Yellowstone National Park",
        "url": "https://www.visitacity.com/en/yellowstone-national-park"
    },
    {
        "continent": "US",
        "continent_title": "United States & Canada",
        "city": "More on Portland, Maine",
        "url": "https://www.visitacity.com/en/portland-maine"
    },
    {
        "continent": "US",
        "continent_title": "United States & Canada",
        "city": "More on Detroit",
        "url": "https://www.visitacity.com/en/detroit"
    },
    {
        "continent": "US",
        "continent_title": "United States & Canada",
        "city": "More on Yosemite National Park",
        "url": "https://www.visitacity.com/en/yosemite-national-park"
    },
    {
        "continent": "US",
        "continent_title": "United States & Canada",
        "city": "More on Monterey",
        "url": "https://www.visitacity.com/en/monterey"
    },
    {
        "continent": "US",
        "continent_title": "United States & Canada",
        "city": "More on Charlotte",
        "url": "https://www.visitacity.com/en/charlotte"
    },
    {
        "continent": "US",
        "continent_title": "United States & Canada",
        "city": "More on Pittsburgh",
        "url": "https://www.visitacity.com/en/pittsburgh"
    },
    {
        "continent": "US",
        "continent_title": "United States & Canada",
        "city": "More on Kansas City",
        "url": "https://www.visitacity.com/en/kansas-city"
    },
    {
        "continent": "US",
        "continent_title": "United States & Canada",
        "city": "More on Cincinnati",
        "url": "https://www.visitacity.com/en/cincinnati"
    },
    {
        "continent": "US",
        "continent_title": "United States & Canada",
        "city": "More on Tampa",
        "url": "https://www.visitacity.com/en/tampa"
    },
    {
        "continent": "US",
        "continent_title": "United States & Canada",
        "city": "More on Asheville",
        "url": "https://www.visitacity.com/en/asheville"
    },
    {
        "continent": "US",
        "continent_title": "United States & Canada",
        "city": "More on Minneapolis-Saint Paul",
        "url": "https://www.visitacity.com/en/minneapolis"
    },
    {
        "continent": "US",
        "continent_title": "United States & Canada",
        "city": "More on Cleveland",
        "url": "https://www.visitacity.com/en/cleveland"
    },
    {
        "continent": "US",
        "continent_title": "United States & Canada",
        "city": "More on Anchorage",
        "url": "https://www.visitacity.com/en/anchorage"
    },
    {
        "continent": "US",
        "continent_title": "United States & Canada",
        "city": "More on Albuquerque",
        "url": "https://www.visitacity.com/en/albuquerque"
    },
    {
        "continent": "US",
        "continent_title": "United States & Canada",
        "city": "More on Richmond",
        "url": "https://www.visitacity.com/en/richmond"
    },
    {
        "continent": "US",
        "continent_title": "United States & Canada",
        "city": "More on Edmonton",
        "url": "https://www.visitacity.com/en/edmonton"
    },
    {
        "continent": "US",
        "continent_title": "United States & Canada",
        "city": "More on Fairbanks",
        "url": "https://www.visitacity.com/en/fairbanks"
    },
    {
        "continent": "US",
        "continent_title": "United States & Canada",
        "city": "More on Fort Worth",
        "url": "https://www.visitacity.com/en/fort-worth"
    },
    {
        "continent": "US",
        "continent_title": "United States & Canada",
        "city": "More on Great Smoky Mountains National Park",
        "url": "https://www.visitacity.com/en/great-smoky-mountains-national-park"
    },
    {
        "continent": "US",
        "continent_title": "United States & Canada",
        "city": "More on Tucson",
        "url": "https://www.visitacity.com/en/tucson"
    },
    {
        "continent": "US",
        "continent_title": "United States & Canada",
        "city": "More on Cape Cod",
        "url": "https://www.visitacity.com/en/cape-cod"
    },
    {
        "continent": "US",
        "continent_title": "United States & Canada",
        "city": "More on Palm Springs",
        "url": "https://www.visitacity.com/en/palm-springs"
    },
    {
        "continent": "US",
        "continent_title": "United States & Canada",
        "city": "More on St Petersburg, FL",
        "url": "https://www.visitacity.com/en/st-petersburg-florida"
    },
    {
        "continent": "US",
        "continent_title": "United States & Canada",
        "city": "More on Sacramento",
        "url": "https://www.visitacity.com/en/sacramento"
    },
    {
        "continent": "US",
        "continent_title": "United States & Canada",
        "city": "More on Oklahoma City",
        "url": "https://www.visitacity.com/en/oklahoma-city"
    },
    {
        "continent": "US",
        "continent_title": "United States & Canada",
        "city": "More on Grand Teton National Park",
        "url": "https://www.visitacity.com/en/grand-teton-national-park"
    },
    {
        "continent": "US",
        "continent_title": "United States & Canada",
        "city": "More on Omaha",
        "url": "https://www.visitacity.com/en/omaha"
    },
    {
        "continent": "US",
        "continent_title": "United States & Canada",
        "city": "More on Olympic National Park",
        "url": "https://www.visitacity.com/en/olympic-national-park"
    },
    {
        "continent": "US",
        "continent_title": "United States & Canada",
        "city": "More on Everglades National Park",
        "url": "https://www.visitacity.com/en/everglades-national-park"
    },
    {
        "continent": "US",
        "continent_title": "United States & Canada",
        "city": "More on Mount Rainier National Park",
        "url": "https://www.visitacity.com/en/mount-rainier-national-park"
    },
    {
        "continent": "Asia",
        "continent_title": "Asia",
        "city": "Tokyo",
        "url": "https://www.visitacity.com/en/tokyo"
    },
    {
        "continent": "Asia",
        "continent_title": "Asia",
        "city": "Singapore",
        "url": "https://www.visitacity.com/en/singapore"
    },
    {
        "continent": "Asia",
        "continent_title": "Asia",
        "city": "Kyoto",
        "url": "https://www.visitacity.com/en/kyoto"
    },
    {
        "continent": "Asia",
        "continent_title": "Asia",
        "city": "Istanbul",
        "url": "https://www.visitacity.com/en/istanbul"
    },
    {
        "continent": "Asia",
        "continent_title": "Asia",
        "city": "Bangkok",
        "url": "https://www.visitacity.com/en/bangkok"
    },
    {
        "continent": "Asia",
        "continent_title": "Asia",
        "city": "Hong Kong",
        "url": "https://www.visitacity.com/en/hong-kong"
    },
    {
        "continent": "Asia",
        "continent_title": "Asia",
        "city": "Dubai",
        "url": "https://www.visitacity.com/en/dubai"
    },
    {
        "continent": "Asia",
        "continent_title": "Asia",
        "city": "Osaka",
        "url": "https://www.visitacity.com/en/osaka"
    },
    {
        "continent": "Asia",
        "continent_title": "Asia",
        "city": "Seoul",
        "url": "https://www.visitacity.com/en/seoul"
    },
    {
        "continent": "Asia",
        "continent_title": "Asia",
        "city": "Kuala Lumpur",
        "url": "https://www.visitacity.com/en/kuala-lumpur"
    },
    {
        "continent": "Asia",
        "continent_title": "Asia",
        "city": "Taipei",
        "url": "https://www.visitacity.com/en/taipei"
    },
    {
        "continent": "Asia",
        "continent_title": "Asia",
        "city": "Ho Chi Minh City",
        "url": "https://www.visitacity.com/en/ho-chi-minh-city"
    },
    {
        "continent": "Asia",
        "continent_title": "Asia",
        "city": "Beijing",
        "url": "https://www.visitacity.com/en/beijing"
    },
    {
        "continent": "Asia",
        "continent_title": "Asia",
        "city": "Shanghai",
        "url": "https://www.visitacity.com/en/shanghai"
    },
    {
        "continent": "Asia",
        "continent_title": "Asia",
        "city": "Hanoi",
        "url": "https://www.visitacity.com/en/hanoi"
    },
    {
        "continent": "Asia",
        "continent_title": "Asia",
        "city": "Moscow",
        "url": "https://www.visitacity.com/en/moscow"
    },
    {
        "continent": "Asia",
        "continent_title": "Asia",
        "city": "Chiang Mai",
        "url": "https://www.visitacity.com/en/chiang-mai"
    },
    {
        "continent": "Asia",
        "continent_title": "Asia",
        "city": "New Delhi",
        "url": "https://www.visitacity.com/en/new-delhi"
    },
    {
        "continent": "Asia",
        "continent_title": "Asia",
        "city": "Nara",
        "url": "https://www.visitacity.com/en/nara"
    },
    {
        "continent": "Asia",
        "continent_title": "Asia",
        "city": "Hiroshima",
        "url": "https://www.visitacity.com/en/hiroshima"
    },
    {
        "continent": "Asia",
        "continent_title": "Asia",
        "city": "Busan",
        "url": "https://www.visitacity.com/en/busan"
    },
    {
        "continent": "Asia",
        "continent_title": "Asia",
        "city": "Siem Reap",
        "url": "https://www.visitacity.com/en/siem-reap"
    },
    {
        "continent": "Asia",
        "continent_title": "Asia",
        "city": "Jaipur",
        "url": "https://www.visitacity.com/en/jaipur"
    },
    {
        "continent": "Asia",
        "continent_title": "Asia",
        "city": "Mumbai",
        "url": "https://www.visitacity.com/en/mumbai"
    },
    {
        "continent": "Asia",
        "continent_title": "Asia",
        "city": "Nikko",
        "url": "https://www.visitacity.com/en/nikko"
    },
    {
        "continent": "Asia",
        "continent_title": "Asia",
        "city": "Hoi An",
        "url": "https://www.visitacity.com/en/hoi-an"
    },
    {
        "continent": "Asia",
        "continent_title": "Asia",
        "city": "Da Nang",
        "url": "https://www.visitacity.com/en/da-nang"
    },
    {
        "continent": "Asia",
        "continent_title": "Asia",
        "city": "Colombo",
        "url": "https://www.visitacity.com/en/colombo"
    },
    {
        "continent": "Asia",
        "continent_title": "Asia",
        "city": "Xian",
        "url": "https://www.visitacity.com/en/xian"
    },
    {
        "continent": "Asia",
        "continent_title": "Asia",
        "city": "Kathmandu",
        "url": "https://www.visitacity.com/en/kathmandu"
    },
    {
        "continent": "Asia",
        "continent_title": "Asia",
        "city": "Guangzhou",
        "url": "https://www.visitacity.com/en/guangzhou"
    },
    {
        "continent": "Asia",
        "continent_title": "Asia",
        "city": "Nagasaki",
        "url": "https://www.visitacity.com/en/nagasaki"
    },
    {
        "continent": "Asia",
        "continent_title": "Asia",
        "city": "Chengdu",
        "url": "https://www.visitacity.com/en/chengdu"
    },
    {
        "continent": "Asia",
        "continent_title": "Asia",
        "city": "Shenzhen",
        "url": "https://www.visitacity.com/en/shenzhen"
    },
    {
        "continent": "Asia",
        "continent_title": "Asia",
        "city": "Suzhou",
        "url": "https://www.visitacity.com/en/suzhou"
    },
    {
        "continent": "Asia",
        "continent_title": "Asia",
        "city": "Incheon",
        "url": "https://www.visitacity.com/en/incheon"
    },
    {
        "continent": "Asia",
        "continent_title": "Asia",
        "city": "Nanjing",
        "url": "https://www.visitacity.com/en/nanjing"
    },
    {
        "continent": "Asia",
        "continent_title": "Asia",
        "city": "Daegu",
        "url": "https://www.visitacity.com/en/daegu"
    },
    {
        "continent": "Asia",
        "continent_title": "Asia",
        "city": "Suwon",
        "url": "https://www.visitacity.com/en/suwon"
    },
    {
        "continent": "Asia",
        "continent_title": "Asia",
        "city": "Xiamen",
        "url": "https://www.visitacity.com/en/xiamen"
    },
    {
        "continent": "Australia",
        "continent_title": "Australia & New Zealand",
        "city": "Sydney",
        "url": "https://www.visitacity.com/en/sydney"
    },
    {
        "continent": "Australia",
        "continent_title": "Australia & New Zealand",
        "city": "Melbourne",
        "url": "https://www.visitacity.com/en/melbourne"
    },
    {
        "continent": "Australia",
        "continent_title": "Australia & New Zealand",
        "city": "Auckland",
        "url": "https://www.visitacity.com/en/auckland"
    },
    {
        "continent": "Australia",
        "continent_title": "Australia & New Zealand",
        "city": "Perth",
        "url": "https://www.visitacity.com/en/perth"
    },
    {
        "continent": "Australia",
        "continent_title": "Australia & New Zealand",
        "city": "Brisbane",
        "url": "https://www.visitacity.com/en/brisbane"
    },
    {
        "continent": "Australia",
        "continent_title": "Australia & New Zealand",
        "city": "Cairns",
        "url": "https://www.visitacity.com/en/cairns"
    },
    {
        "continent": "Australia",
        "continent_title": "Australia & New Zealand",
        "city": "Christchurch",
        "url": "https://www.visitacity.com/en/christchurch"
    },
    {
        "continent": "Australia",
        "continent_title": "Australia & New Zealand",
        "city": "Adelaide",
        "url": "https://www.visitacity.com/en/adelaide"
    },
    {
        "continent": "Australia",
        "continent_title": "Australia & New Zealand",
        "city": "Gold Coast",
        "url": "https://www.visitacity.com/en/gold-coast"
    },
    {
        "continent": "Australia",
        "continent_title": "Australia & New Zealand",
        "city": "Hobart",
        "url": "https://www.visitacity.com/en/hobart"
    },
    {
        "continent": "Australia",
        "continent_title": "Australia & New Zealand",
        "city": "Queenstown",
        "url": "https://www.visitacity.com/en/queenstown"
    },
    {
        "continent": "Australia",
        "continent_title": "Australia & New Zealand",
        "city": "Darwin",
        "url": "https://www.visitacity.com/en/darwin"
    },
    {
        "continent": "Australia",
        "continent_title": "Australia & New Zealand",
        "city": "Launceston",
        "url": "https://www.visitacity.com/en/launceston"
    },
    {
        "continent": "Australia",
        "continent_title": "Australia & New Zealand",
        "city": "Port Douglas",
        "url": "https://www.visitacity.com/en/port-douglas"
    },
    {
        "continent": "Australia",
        "continent_title": "Australia & New Zealand",
        "city": "Strahan",
        "url": "https://www.visitacity.com/en/strahan"
    },
    {
        "continent": "Australia",
        "continent_title": "Australia & New Zealand",
        "city": "Hervey Bay",
        "url": "https://www.visitacity.com/en/hervey-bay"
    },
    {
        "continent": "Australia",
        "continent_title": "Australia & New Zealand",
        "city": "Fraser Island",
        "url": "https://www.visitacity.com/en/fraser-island"
    },
    {
        "continent": "Central/South America",
        "continent_title": "Discover Central & South America",
        "city": "Buenos Aires",
        "url": "https://www.visitacity.com/en/buenos-aires"
    },
    {
        "continent": "Central/South America",
        "continent_title": "Discover Central & South America",
        "city": "Mexico City",
        "url": "https://www.visitacity.com/en/mexico-city"
    },
    {
        "continent": "Central/South America",
        "continent_title": "Discover Central & South America",
        "city": "Rio de Janeiro",
        "url": "https://www.visitacity.com/en/rio-de-janeiro"
    },
    {
        "continent": "Central/South America",
        "continent_title": "Discover Central & South America",
        "city": "San Juan",
        "url": "https://www.visitacity.com/en/san-juan"
    },
    {
        "continent": "Central/South America",
        "continent_title": "Discover Central & South America",
        "city": "Lima",
        "url": "https://www.visitacity.com/en/lima"
    },
    {
        "continent": "Central/South America",
        "continent_title": "Discover Central & South America",
        "city": "Cancun",
        "url": "https://www.visitacity.com/en/cancun"
    },
    {
        "continent": "Central/South America",
        "continent_title": "Discover Central & South America",
        "city": "Panama City",
        "url": "https://www.visitacity.com/en/panama-city"
    },
    {
        "continent": "Central/South America",
        "continent_title": "Discover Central & South America",
        "city": "Puerto Vallarta",
        "url": "https://www.visitacity.com/en/puerto-vallarta"
    },
    {
        "continent": "Central/South America",
        "continent_title": "Discover Central & South America",
        "city": "Quito",
        "url": "https://www.visitacity.com/en/quito"
    },
    {
        "continent": "Central/South America",
        "continent_title": "Discover Central & South America",
        "city": "Playa del Carmen",
        "url": "https://www.visitacity.com/en/playa-del-carmen"
    },
    {
        "continent": "Africa",
        "continent_title": "Africa & The Middle East",
        "city": "Marrakech",
        "url": "https://www.visitacity.com/en/marrakech"
    },
    {
        "continent": "Africa",
        "continent_title": "Africa & The Middle East",
        "city": "Cape Town",
        "url": "https://www.visitacity.com/en/cape-town"
    },
    {
        "continent": "Africa",
        "continent_title": "Africa & The Middle East",
        "city": "Jerusalem",
        "url": "https://www.visitacity.com/en/jerusalem"
    },
    {
        "continent": "Africa",
        "continent_title": "Africa & The Middle East",
        "city": "Cairo",
        "url": "https://www.visitacity.com/en/cairo"
    },
    {
        "continent": "Africa",
        "continent_title": "Africa & The Middle East",
        "city": "Tel Aviv",
        "url": "https://www.visitacity.com/en/tel-aviv"
    },
    {
        "continent": "Africa",
        "continent_title": "Africa & The Middle East",
        "city": "Abu Dhabi",
        "url": "https://www.visitacity.com/en/abu-dhabi"
    },
    {
        "continent": "Africa",
        "continent_title": "Africa & The Middle East",
        "city": "Casablanca",
        "url": "https://www.visitacity.com/en/casablanca"
    },
    {
        "continent": "Africa",
        "continent_title": "Africa & The Middle East",
        "city": "Amman",
        "url": "https://www.visitacity.com/en/amman"
    },
    {
        "continent": "Africa",
        "continent_title": "Africa & The Middle East",
        "city": "Johannesburg",
        "url": "https://www.visitacity.com/en/johannesburg"
    },
    {
        "continent": "Africa",
        "continent_title": "Africa & The Middle East",
        "city": "Nairobi",
        "url": "https://www.visitacity.com/en/nairobi"
    },
    {
        "continent": "Africa",
        "continent_title": "Africa & The Middle East",
        "city": "Durban",
        "url": "https://www.visitacity.com/en/durban"
    }
]