[
  {
    "_id": "1000",
    "name": "Udupi"
  },
  {
    "_id": "10",
    "name": "Shanghai"
  },
  {
    "_id": "10015",
    "name": "Ronda"
  },
  {
    "_id": "10021",
    "name": "Corfu Town"
  },
  {
    "_id": "10024",
    "name": "Sitges"
  },
  {
    "_id": "1002",
    "name": "Mathura"
  },
  {
    "_id": "10025",
    "name": "Tarragona"
  },
  {
    "_id": "10031",
    "name": "Lloret de Mar"
  },
  {
    "_id": "10033",
    "name": "Valletta"
  },
  {
    "_id": "10030",
    "name": "Bursa"
  },
  {
    "_id": "1006",
    "name": "Gulmarg"
  },
  {
    "_id": "10062",
    "name": "Bonn"
  },
  {
    "_id": "10086",
    "name": "Augsburg"
  },
  {
    "_id": "10095",
    "name": "Koblenz"
  },
  {
    "_id": "10106",
    "name": "Torremolinos"
  },
  {
    "_id": "10114",
    "name": "Mannheim"
  },
  {
    "_id": "10123",
    "name": "Puerto de la Cruz"
  },
  {
    "_id": "1013",
    "name": "Imphal"
  },
  {
    "_id": "1014",
    "name": "Trincomalee"
  },
  {
    "_id": "10143",
    "name": "Torquay"
  },
  {
    "_id": "1015",
    "name": "Kolhapur"
  },
  {
    "_id": "10171",
    "name": "Nerja"
  },
  {
    "_id": "10176",
    "name": "Salou"
  },
  {
    "_id": "10184",
    "name": "Aachen"
  },
  {
    "_id": "10186",
    "name": "Groningen"
  },
  {
    "_id": "10193",
    "name": "Delft"
  },
  {
    "_id": "10230",
    "name": "Segovia"
  },
  {
    "_id": "10241",
    "name": "Playa Blanca"
  },
  {
    "_id": "1025",
    "name": "Ujjain"
  },
  {
    "_id": "10260",
    "name": "Selcuk"
  },
  {
    "_id": "10262",
    "name": "Trogir"
  },
  {
    "_id": "10279",
    "name": "Nijmegen"
  },
  {
    "_id": "10291",
    "name": "Cuenca"
  },
  {
    "_id": "10366",
    "name": "Akureyri"
  },
  {
    "_id": "10382",
    "name": "Cremona"
  },
  {
    "_id": "10421",
    "name": "Bamberg"
  },
  {
    "_id": "10453",
    "name": "Konstanz"
  },
  {
    "_id": "105",
    "name": "Macau"
  },
  {
    "_id": "10533",
    "name": "Ulm"
  },
  {
    "_id": "1055",
    "name": "Mahabalipuram"
  },
  {
    "_id": "10590",
    "name": "Savona"
  },
  {
    "_id": "10595",
    "name": "Peterhof"
  },
  {
    "_id": "1060",
    "name": "Ludhiana"
  },
  {
    "_id": "10792",
    "name": "Monte-Carlo"
  },
  {
    "_id": "10804",
    "name": "Ceuta"
  },
  {
    "_id": "10876",
    "name": "Uppsala"
  },
  {
    "_id": "10884",
    "name": "Tropea"
  },
  {
    "_id": "1089",
    "name": "Bikaner"
  },
  {
    "_id": "110",
    "name": "Hakodate"
  },
  {
    "_id": "11061",
    "name": "Lund"
  },
  {
    "_id": "1131",
    "name": "Sukhothai"
  },
  {
    "_id": "1135",
    "name": "Kanpur"
  },
  {
    "_id": "1138",
    "name": "Sawai Madhopur"
  },
  {
    "_id": "11423",
    "name": "Grindelwald"
  },
  {
    "_id": "11489",
    "name": "Mont-Saint-Michel"
  },
  {
    "_id": "1159",
    "name": "Bundi"
  },
  {
    "_id": "1160",
    "name": "Sandakan"
  },
  {
    "_id": "1163",
    "name": "Jalandhar"
  },
  {
    "_id": "11655",
    "name": "Berchtesgaden"
  },
  {
    "_id": "1168",
    "name": "Hat Yai"
  },
  {
    "_id": "11706",
    "name": "Trujillo"
  },
  {
    "_id": "1177",
    "name": "Ranchi"
  },
  {
    "_id": "1192",
    "name": "Chonburi"
  },
  {
    "_id": "121",
    "name": "Kamakura"
  },
  {
    "_id": "1212",
    "name": "Vijayawada"
  },
  {
    "_id": "1218",
    "name": "Kota"
  },
  {
    "_id": "122",
    "name": "Varanasi"
  },
  {
    "_id": "1222",
    "name": "Kalpetta"
  },
  {
    "_id": "1241",
    "name": "Alwar"
  },
  {
    "_id": "12491",
    "name": "Mdina"
  },
  {
    "_id": "12525",
    "name": "Stretford"
  },
  {
    "_id": "128",
    "name": "Hua Hin"
  },
  {
    "_id": "129",
    "name": "Incheon"
  },
  {
    "_id": "1291",
    "name": "Gwalior"
  },
  {
    "_id": "13",
    "name": "New Delhi"
  },
  {
    "_id": "1302",
    "name": "Kumbakonam"
  },
  {
    "_id": "131071",
    "name": "Buenos Aires"
  },
  {
    "_id": "131072",
    "name": "Rio de Janeiro"
  },
  {
    "_id": "131073",
    "name": "Sao Paulo"
  },
  {
    "_id": "131074",
    "name": "Cusco"
  },
  {
    "_id": "131075",
    "name": "Santiago"
  },
  {
    "_id": "131076",
    "name": "Lima"
  },
  {
    "_id": "131077",
    "name": "Bogota"
  },
  {
    "_id": "131080",
    "name": "Cartagena"
  },
  {
    "_id": "131081",
    "name": "Porto Alegre"
  },
  {
    "_id": "131084",
    "name": "Montevideo"
  },
  {
    "_id": "131085",
    "name": "Salvador"
  },
  {
    "_id": "131087",
    "name": "Brasilia"
  },
  {
    "_id": "131089",
    "name": "Recife"
  },
  {
    "_id": "131088",
    "name": "Belo Horizonte"
  },
  {
    "_id": "131091",
    "name": "Fortaleza"
  },
  {
    "_id": "131092",
    "name": "Manaus"
  },
  {
    "_id": "131095",
    "name": "La Paz"
  },
  {
    "_id": "131098",
    "name": "Valparaiso"
  },
  {
    "_id": "131099",
    "name": "Arequipa"
  },
  {
    "_id": "131102",
    "name": "Guayaquil"
  },
  {
    "_id": "131104",
    "name": "San Pedro de Atacama"
  },
  {
    "_id": "131105",
    "name": "Salta"
  },
  {
    "_id": "131103",
    "name": "Gramado"
  },
  {
    "_id": "131106",
    "name": "Campinas"
  },
  {
    "_id": "131107",
    "name": "Santa Marta"
  },
  {
    "_id": "131108",
    "name": "Ubatuba"
  },
  {
    "_id": "131109",
    "name": "Joao Pessoa"
  },
  {
    "_id": "131110",
    "name": "Mar del Plata"
  },
  {
    "_id": "131113",
    "name": "Rosario"
  },
  {
    "_id": "131114",
    "name": "Belem"
  },
  {
    "_id": "131119",
    "name": "Ushuaia"
  },
  {
    "_id": "131122",
    "name": "Santos"
  },
  {
    "_id": "131125",
    "name": "Niteroi"
  },
  {
    "_id": "131127",
    "name": "Vitoria"
  },
  {
    "_id": "131131",
    "name": "Sao Luis"
  },
  {
    "_id": "131138",
    "name": "Puerto Varas"
  },
  {
    "_id": "131139",
    "name": "El Calafate"
  },
  {
    "_id": "131140",
    "name": "Puno"
  },
  {
    "_id": "131146",
    "name": "Cabo Frio"
  },
  {
    "_id": "131147",
    "name": "Aracaju"
  },
  {
    "_id": "131151",
    "name": "Campos Do Jordao"
  },
  {
    "_id": "131157",
    "name": "Canela"
  },
  {
    "_id": "131162",
    "name": "Punta del Este"
  },
  {
    "_id": "131164",
    "name": "Puerto Iguazu"
  },
  {
    "_id": "131168",
    "name": "San Juan"
  },
  {
    "_id": "131180",
    "name": "Puerto Ayora"
  },
  {
    "_id": "131178",
    "name": "Pocos de Caldas"
  },
  {
    "_id": "131177",
    "name": "Tiradentes"
  },
  {
    "_id": "1312",
    "name": "Kasaragod"
  },
  {
    "_id": "131315",
    "name": "Bonito"
  },
  {
    "_id": "131327",
    "name": "Bombinhas"
  },
  {
    "_id": "131337",
    "name": "Guaruja"
  },
  {
    "_id": "131362",
    "name": "Cafayate"
  },
  {
    "_id": "131389",
    "name": "San Andres"
  },
  {
    "_id": "131395",
    "name": "Praia da Pipa"
  },
  {
    "_id": "131438",
    "name": "Morro de Sao Paulo"
  },
  {
    "_id": "131447",
    "name": "Caldas Novas"
  },
  {
    "_id": "131457",
    "name": "Casablanca"
  },
  {
    "_id": "1316",
    "name": "Shirdi"
  },
  {
    "_id": "131626",
    "name": "Penha"
  },
  {
    "_id": "1325",
    "name": "Rameswaram"
  },
  {
    "_id": "133",
    "name": "Bandung"
  },
  {
    "_id": "135226",
    "name": "Lima"
  },
  {
    "_id": "1358",
    "name": "Lampang"
  },
  {
    "_id": "137",
    "name": "George Town"
  },
  {
    "_id": "1406",
    "name": "Jabalpur"
  },
  {
    "_id": "1407",
    "name": "Kalimpong"
  },
  {
    "_id": "14083",
    "name": "St-Paul-de-Vence"
  },
  {
    "_id": "14113",
    "name": "Loreto"
  },
  {
    "_id": "1424",
    "name": "Bhavnagar"
  },
  {
    "_id": "143",
    "name": "Jodhpur"
  },
  {
    "_id": "1431",
    "name": "Dambulla"
  },
  {
    "_id": "1435",
    "name": "Yercaud"
  },
  {
    "_id": "1442",
    "name": "Warangal"
  },
  {
    "_id": "1443",
    "name": "Bhaktapur"
  },
  {
    "_id": "1444",
    "name": "Malvan"
  },
  {
    "_id": "145",
    "name": "Kota Kinabalu"
  },
  {
    "_id": "146238",
    "name": "Amer"
  },
  {
    "_id": "146242",
    "name": "Chalong"
  },
  {
    "_id": "146244",
    "name": "Patong"
  },
  {
    "_id": "146271",
    "name": "Manali"
  },
  {
    "_id": "146282",
    "name": "McLeod Ganj"
  },
  {
    "_id": "1463",
    "name": "Vellore"
  },
  {
    "_id": "146408",
    "name": "Corralejo"
  },
  {
    "_id": "146468",
    "name": "Carcassonne Center"
  },
  {
    "_id": "146605",
    "name": "Cap-d'Agde"
  },
  {
    "_id": "147",
    "name": "Ulaanbaatar"
  },
  {
    "_id": "147011",
    "name": "Cavtat"
  },
  {
    "_id": "1473",
    "name": "Kutch"
  },
  {
    "_id": "147352",
    "name": "La Jolla"
  },
  {
    "_id": "1479",
    "name": "Karwar"
  },
  {
    "_id": "1480",
    "name": "Alibaug"
  },
  {
    "_id": "1531",
    "name": "Ahmednagar"
  },
  {
    "_id": "1540",
    "name": "Ponda"
  },
  {
    "_id": "15400",
    "name": "Delphi"
  },
  {
    "_id": "15794",
    "name": "Eze"
  },
  {
    "_id": "16",
    "name": "Ho Chi Minh City"
  },
  {
    "_id": "161",
    "name": "Ahmedabad"
  },
  {
    "_id": "1659",
    "name": "Vasco da Gama"
  },
  {
    "_id": "1668",
    "name": "Hassan"
  },
  {
    "_id": "1699",
    "name": "Margao"
  },
  {
    "_id": "17",
    "name": "Kathmandu"
  },
  {
    "_id": "1729",
    "name": "Gaya"
  },
  {
    "_id": "174",
    "name": "Da Lat"
  },
  {
    "_id": "1743",
    "name": "Diu"
  },
  {
    "_id": "175",
    "name": "Manila"
  },
  {
    "_id": "1763",
    "name": "Jamshedpur"
  },
  {
    "_id": "1765",
    "name": "Almora"
  },
  {
    "_id": "1784",
    "name": "Dalhousie"
  },
  {
    "_id": "1808",
    "name": "Daman"
  },
  {
    "_id": "183",
    "name": "Jaisalmer"
  },
  {
    "_id": "187",
    "name": "Melaka"
  },
  {
    "_id": "1874",
    "name": "Vrindavan"
  },
  {
    "_id": "1886",
    "name": "Madikeri"
  },
  {
    "_id": "1887",
    "name": "Coonoor"
  },
  {
    "_id": "194",
    "name": "Rishikesh"
  },
  {
    "_id": "1942",
    "name": "Shimoga"
  },
  {
    "_id": "1966",
    "name": "Kovalam"
  },
  {
    "_id": "1983",
    "name": "Dwarka"
  },
  {
    "_id": "1997",
    "name": "Tiruvannamalai"
  },
  {
    "_id": "200",
    "name": "Thiruvananthapuram (Trivandrum)"
  },
  {
    "_id": "2027",
    "name": "Orchha"
  },
  {
    "_id": "207",
    "name": "Gurugram (Gurgaon)"
  },
  {
    "_id": "2083",
    "name": "Howrah"
  },
  {
    "_id": "209",
    "name": "Thimphu"
  },
  {
    "_id": "2121",
    "name": "Deoghar"
  },
  {
    "_id": "2141",
    "name": "Kohima"
  },
  {
    "_id": "2177",
    "name": "Gandhinagar"
  },
  {
    "_id": "221",
    "name": "Sapa"
  },
  {
    "_id": "223",
    "name": "Kuching"
  },
  {
    "_id": "228",
    "name": "Beppu"
  },
  {
    "_id": "235",
    "name": "Lahore"
  },
  {
    "_id": "2371",
    "name": "Gokarna"
  },
  {
    "_id": "247",
    "name": "Ise"
  },
  {
    "_id": "248",
    "name": "Lhasa"
  },
  {
    "_id": "2540",
    "name": "Kumarakom"
  },
  {
    "_id": "256",
    "name": "Srinagar"
  },
  {
    "_id": "257",
    "name": "Chiang Rai"
  },
  {
    "_id": "2601",
    "name": "Amphawa"
  },
  {
    "_id": "283",
    "name": "Dhaka City"
  },
  {
    "_id": "285",
    "name": "Seogwipo"
  },
  {
    "_id": "287",
    "name": "Panjim"
  },
  {
    "_id": "288",
    "name": "Karachi"
  },
  {
    "_id": "3129",
    "name": "Digha"
  },
  {
    "_id": "33",
    "name": "Kuala Lumpur"
  },
  {
    "_id": "330",
    "name": "Tashkent"
  },
  {
    "_id": "334",
    "name": "Pondicherry"
  },
  {
    "_id": "348",
    "name": "Vadodara"
  },
  {
    "_id": "349",
    "name": "Darjeeling"
  },
  {
    "_id": "350",
    "name": "Alappuzha"
  },
  {
    "_id": "35",
    "name": "Bengaluru"
  },
  {
    "_id": "371",
    "name": "Coimbatore"
  },
  {
    "_id": "375",
    "name": "Lucknow"
  },
  {
    "_id": "376",
    "name": "Ipoh"
  },
  {
    "_id": "381",
    "name": "Semarang"
  },
  {
    "_id": "382",
    "name": "Medan"
  },
  {
    "_id": "384",
    "name": "Amritsar"
  },
  {
    "_id": "39",
    "name": "Guangzhou"
  },
  {
    "_id": "398",
    "name": "Nagpur"
  },
  {
    "_id": "4",
    "name": "Bangkok"
  },
  {
    "_id": "419",
    "name": "Hikkaduwa"
  },
  {
    "_id": "43",
    "name": "Colombo"
  },
  {
    "_id": "44",
    "name": "Phnom Penh"
  },
  {
    "_id": "444",
    "name": "Bhubaneswar"
  },
  {
    "_id": "449",
    "name": "Nashik"
  },
  {
    "_id": "46",
    "name": "Jakarta"
  },
  {
    "_id": "465",
    "name": "Gyeongju"
  },
  {
    "_id": "468",
    "name": "Ayutthaya"
  },
  {
    "_id": "472",
    "name": "Navi Mumbai"
  },
  {
    "_id": "478",
    "name": "Surat"
  },
  {
    "_id": "479",
    "name": "Mangalore"
  },
  {
    "_id": "480",
    "name": "Ooty (Udhagamandalam)"
  },
  {
    "_id": "485",
    "name": "Bhopal"
  },
  {
    "_id": "49",
    "name": "Da Nang"
  },
  {
    "_id": "50",
    "name": "Naha"
  },
  {
    "_id": "503",
    "name": "Gangtok"
  },
  {
    "_id": "518",
    "name": "Visakhapatnam"
  },
  {
    "_id": "52",
    "name": "Yangon (Rangoon)"
  },
  {
    "_id": "524",
    "name": "Guwahati"
  },
  {
    "_id": "527",
    "name": "Kozhikode"
  },
  {
    "_id": "528",
    "name": "Singaraja"
  },
  {
    "_id": "536",
    "name": "Thrissur"
  },
  {
    "_id": "558",
    "name": "Indore"
  },
  {
    "_id": "563",
    "name": "Noida"
  },
  {
    "_id": "57",
    "name": "Pune"
  },
  {
    "_id": "570",
    "name": "Batu"
  },
  {
    "_id": "57258",
    "name": "Dublin"
  },
  {
    "_id": "58046",
    "name": "Montreal"
  },
  {
    "_id": "58045",
    "name": "Toronto"
  },
  {
    "_id": "58048",
    "name": "Calgary"
  },
  {
    "_id": "58050",
    "name": "Victoria"
  },
  {
    "_id": "58047",
    "name": "Vancouver"
  },
  {
    "_id": "58052",
    "name": "Edmonton"
  },
  {
    "_id": "58051",
    "name": "Quebec City"
  },
  {
    "_id": "58058",
    "name": "Niagara Falls"
  },
  {
    "_id": "58059",
    "name": "Halifax"
  },
  {
    "_id": "58067",
    "name": "Kingston"
  },
  {
    "_id": "58068",
    "name": "Banff"
  },
  {
    "_id": "58077",
    "name": "Tofino"
  },
  {
    "_id": "58079",
    "name": "North Vancouver"
  },
  {
    "_id": "581",
    "name": "Calangute"
  },
  {
    "_id": "58152",
    "name": "Orlando"
  },
  {
    "_id": "58146",
    "name": "Chicago"
  },
  {
    "_id": "58145",
    "name": "Los Angeles"
  },
  {
    "_id": "58144",
    "name": "New York City"
  },
  {
    "_id": "58147",
    "name": "San Francisco"
  },
  {
    "_id": "58154",
    "name": "Seattle"
  },
  {
    "_id": "58153",
    "name": "Honolulu"
  },
  {
    "_id": "58148",
    "name": "Las Vegas"
  },
  {
    "_id": "58156",
    "name": "New Orleans"
  },
  {
    "_id": "58157",
    "name": "Miami"
  },
  {
    "_id": "58158",
    "name": "Portland"
  },
  {
    "_id": "58159",
    "name": "Washington DC"
  },
  {
    "_id": "58160",
    "name": "Philadelphia"
  },
  {
    "_id": "58164",
    "name": "Brooklyn"
  },
  {
    "_id": "58161",
    "name": "Houston"
  },
  {
    "_id": "58162",
    "name": "Boston"
  },
  {
    "_id": "58166",
    "name": "Denver"
  },
  {
    "_id": "58163",
    "name": "Austin"
  },
  {
    "_id": "58168",
    "name": "San Antonio"
  },
  {
    "_id": "58169",
    "name": "Atlanta"
  },
  {
    "_id": "58171",
    "name": "Nashville"
  },
  {
    "_id": "58172",
    "name": "Tucson"
  },
  {
    "_id": "58173",
    "name": "Dallas"
  },
  {
    "_id": "58174",
    "name": "Savannah"
  },
  {
    "_id": "58176",
    "name": "Tampa"
  },
  {
    "_id": "58177",
    "name": "Fort Lauderdale"
  },
  {
    "_id": "58178",
    "name": "Santa Fe"
  },
  {
    "_id": "58179",
    "name": "Baltimore"
  },
  {
    "_id": "58180",
    "name": "Miami Beach"
  },
  {
    "_id": "58181",
    "name": "Phoenix"
  },
  {
    "_id": "58184",
    "name": "Minneapolis"
  },
  {
    "_id": "58185",
    "name": "Asheville"
  },
  {
    "_id": "58188",
    "name": "Sedona"
  },
  {
    "_id": "58192",
    "name": "Scottsdale"
  },
  {
    "_id": "58189",
    "name": "Naples"
  },
  {
    "_id": "58193",
    "name": "Charlotte"
  },
  {
    "_id": "58196",
    "name": "Louisville"
  },
  {
    "_id": "58195",
    "name": "Milwaukee"
  },
  {
    "_id": "58199",
    "name": "Pittsburgh"
  },
  {
    "_id": "58201",
    "name": "Cincinnati"
  },
  {
    "_id": "58203",
    "name": "Lahaina"
  },
  {
    "_id": "58205",
    "name": "Indianapolis"
  },
  {
    "_id": "58206",
    "name": "Santa Barbara"
  },
  {
    "_id": "58202",
    "name": "Myrtle Beach"
  },
  {
    "_id": "58210",
    "name": "Cleveland"
  },
  {
    "_id": "58211",
    "name": "Fort Myers"
  },
  {
    "_id": "58212",
    "name": "Fort Worth"
  },
  {
    "_id": "58213",
    "name": "Omaha"
  },
  {
    "_id": "58216",
    "name": "Salt Lake City"
  },
  {
    "_id": "58218",
    "name": "Detroit"
  },
  {
    "_id": "58219",
    "name": "Kansas City"
  },
  {
    "_id": "58222",
    "name": "Richmond"
  },
  {
    "_id": "58224",
    "name": "Memphis"
  },
  {
    "_id": "58226",
    "name": "Chattanooga"
  },
  {
    "_id": "58228",
    "name": "Santa Monica"
  },
  {
    "_id": "58231",
    "name": "Clearwater"
  },
  {
    "_id": "58232",
    "name": "Oklahoma City"
  },
  {
    "_id": "58241",
    "name": "Pigeon Forge"
  },
  {
    "_id": "58242",
    "name": "Anaheim"
  },
  {
    "_id": "58244",
    "name": "Galveston"
  },
  {
    "_id": "58248",
    "name": "Daytona Beach"
  },
  {
    "_id": "58269",
    "name": "Moab"
  },
  {
    "_id": "58275",
    "name": "Williamsburg"
  },
  {
    "_id": "58276",
    "name": "Monterey"
  },
  {
    "_id": "58284",
    "name": "Fredericksburg"
  },
  {
    "_id": "58286",
    "name": "Gettysburg"
  },
  {
    "_id": "58289",
    "name": "Salem"
  },
  {
    "_id": "583",
    "name": "Solo"
  },
  {
    "_id": "58300",
    "name": "Flagstaff"
  },
  {
    "_id": "58342",
    "name": "Arlington"
  },
  {
    "_id": "58345",
    "name": "Wisconsin Dells"
  },
  {
    "_id": "584",
    "name": "Kanchanaburi"
  },
  {
    "_id": "58455",
    "name": "Athens"
  },
  {
    "_id": "58476",
    "name": "Page"
  },
  {
    "_id": "58563",
    "name": "Columbus"
  },
  {
    "_id": "58748",
    "name": "Titusville"
  },
  {
    "_id": "589",
    "name": "Port Blair"
  },
  {
    "_id": "59165",
    "name": "Keystone"
  },
  {
    "_id": "60",
    "name": "Agra"
  },
  {
    "_id": "6",
    "name": "Beijing"
  },
  {
    "_id": "607",
    "name": "Aurangabad"
  },
  {
    "_id": "61",
    "name": "Busan"
  },
  {
    "_id": "615",
    "name": "Madurai"
  },
  {
    "_id": "62",
    "name": "Kanazawa"
  },
  {
    "_id": "64",
    "name": "Hangzhou"
  },
  {
    "_id": "660",
    "name": "Ella"
  },
  {
    "_id": "662",
    "name": "Varkala Town"
  },
  {
    "_id": "67",
    "name": "Chengdu"
  },
  {
    "_id": "673",
    "name": "Patna"
  },
  {
    "_id": "687",
    "name": "Mussoorie"
  },
  {
    "_id": "69",
    "name": "Kolkata (Calcutta)"
  },
  {
    "_id": "696",
    "name": "Hampi"
  },
  {
    "_id": "7",
    "name": "Singapore"
  },
  {
    "_id": "714",
    "name": "Kollam"
  },
  {
    "_id": "717",
    "name": "Male"
  },
  {
    "_id": "722",
    "name": "Pushkar"
  },
  {
    "_id": "724",
    "name": "Ninh Binh"
  },
  {
    "_id": "728",
    "name": "Shillong"
  },
  {
    "_id": "73",
    "name": "Yerevan"
  },
  {
    "_id": "730",
    "name": "Jamnagar"
  },
  {
    "_id": "738",
    "name": "Thanjavur"
  },
  {
    "_id": "74",
    "name": "Xi'an"
  },
  {
    "_id": "75",
    "name": "Nagasaki"
  },
  {
    "_id": "76078",
    "name": "Lake Louise"
  },
  {
    "_id": "78",
    "name": "Hyderabad"
  },
  {
    "_id": "785",
    "name": "Allahabad"
  },
  {
    "_id": "78746",
    "name": "San Jose"
  },
  {
    "_id": "79299",
    "name": "Marrakech"
  },
  {
    "_id": "79300",
    "name": "Cape Town Central"
  },
  {
    "_id": "79302",
    "name": "Cairo"
  },
  {
    "_id": "79305",
    "name": "Fes"
  },
  {
    "_id": "79321",
    "name": "Giza"
  },
  {
    "_id": "79333",
    "name": "Dahab"
  },
  {
    "_id": "79337",
    "name": "Alexandria"
  },
  {
    "_id": "798",
    "name": "Raipur"
  },
  {
    "_id": "8",
    "name": "Hanoi"
  },
  {
    "_id": "805",
    "name": "Tiruchirappalli"
  },
  {
    "_id": "81189",
    "name": "San Juan"
  },
  {
    "_id": "81196",
    "name": "Willemstad"
  },
  {
    "_id": "81197",
    "name": "Santo Domingo"
  },
  {
    "_id": "81182",
    "name": "Havana"
  },
  {
    "_id": "81213",
    "name": "Ocho Rios"
  },
  {
    "_id": "81219",
    "name": "Puerto Plata"
  },
  {
    "_id": "81250",
    "name": "Santiago de Cuba"
  },
  {
    "_id": "81903",
    "name": "Mexico City"
  },
  {
    "_id": "81911",
    "name": "Oaxaca"
  },
  {
    "_id": "81906",
    "name": "Puerto Vallarta"
  },
  {
    "_id": "81912",
    "name": "Guadalajara"
  },
  {
    "_id": "81913",
    "name": "Merida"
  },
  {
    "_id": "81918",
    "name": "Puebla"
  },
  {
    "_id": "81924",
    "name": "Guanajuato"
  },
  {
    "_id": "81941",
    "name": "Akumal"
  },
  {
    "_id": "81981",
    "name": "Palenque"
  },
  {
    "_id": "82",
    "name": "Baku"
  },
  {
    "_id": "82575",
    "name": "Melbourne"
  },
  {
    "_id": "82577",
    "name": "Brisbane"
  },
  {
    "_id": "82586",
    "name": "Hobart"
  },
  {
    "_id": "82582",
    "name": "Wellington"
  },
  {
    "_id": "82579",
    "name": "Christchurch"
  },
  {
    "_id": "82584",
    "name": "Cairns"
  },
  {
    "_id": "82588",
    "name": "Darwin"
  },
  {
    "_id": "82608",
    "name": "Newcastle"
  },
  {
    "_id": "82614",
    "name": "Broome"
  },
  {
    "_id": "82615",
    "name": "Taupo"
  },
  {
    "_id": "827",
    "name": "Tirunelveli"
  },
  {
    "_id": "849",
    "name": "Kottayam"
  },
  {
    "_id": "850",
    "name": "Khajuraho"
  },
  {
    "_id": "85",
    "name": "Suzhou"
  },
  {
    "_id": "85941",
    "name": "Jerusalem"
  },
  {
    "_id": "85942",
    "name": "Abu Dhabi"
  },
  {
    "_id": "85943",
    "name": "Tehran"
  },
  {
    "_id": "85946",
    "name": "Doha"
  },
  {
    "_id": "85954",
    "name": "Manama"
  },
  {
    "_id": "85959",
    "name": "Jeddah"
  },
  {
    "_id": "85962",
    "name": "Al Ain"
  },
  {
    "_id": "85998",
    "name": "Mecca"
  },
  {
    "_id": "877",
    "name": "Mount Abu"
  },
  {
    "_id": "894",
    "name": "Rajkot"
  },
  {
    "_id": "895",
    "name": "Nainital"
  },
  {
    "_id": "9",
    "name": "Seoul"
  },
  {
    "_id": "905",
    "name": "Jaffna"
  },
  {
    "_id": "91",
    "name": "Udaipur"
  },
  {
    "_id": "914",
    "name": "Tirupati"
  },
  {
    "_id": "920",
    "name": "Miri"
  },
  {
    "_id": "92",
    "name": "Hue"
  },
  {
    "_id": "921",
    "name": "Sigiriya"
  },
  {
    "_id": "926",
    "name": "Kanyakumari"
  },
  {
    "_id": "93",
    "name": "Nha Trang"
  },
  {
    "_id": "948",
    "name": "Satara"
  },
  {
    "_id": "95",
    "name": "Kumamoto"
  },
  {
    "_id": "954",
    "name": "Pecatu"
  },
  {
    "_id": "9614",
    "name": "Paris"
  },
  {
    "_id": "9613",
    "name": "London"
  },
  {
    "_id": "9616",
    "name": "Rome"
  },
  {
    "_id": "9615",
    "name": "Moscow"
  },
  {
    "_id": "9617",
    "name": "Barcelona"
  },
  {
    "_id": "9620",
    "name": "Prague"
  },
  {
    "_id": "9622",
    "name": "Istanbul"
  },
  {
    "_id": "9621",
    "name": "Madrid"
  },
  {
    "_id": "9623",
    "name": "Berlin"
  },
  {
    "_id": "9624",
    "name": "Milan"
  },
  {
    "_id": "9626",
    "name": "Lisbon"
  },
  {
    "_id": "9625",
    "name": "Amsterdam"
  },
  {
    "_id": "9629",
    "name": "Budapest"
  },
  {
    "_id": "9631",
    "name": "Vienna"
  },
  {
    "_id": "9634",
    "name": "Venice"
  },
  {
    "_id": "9638",
    "name": "Kyiv"
  },
  {
    "_id": "9640",
    "name": "Krakow"
  },
  {
    "_id": "9642",
    "name": "Warsaw"
  },
  {
    "_id": "9641",
    "name": "Seville"
  },
  {
    "_id": "9645",
    "name": "Munich"
  },
  {
    "_id": "9646",
    "name": "Bucharest"
  },
  {
    "_id": "9647",
    "name": "Hamburg"
  },
  {
    "_id": "9650",
    "name": "Turin"
  },
  {
    "_id": "9651",
    "name": "Glasgow"
  },
  {
    "_id": "9653",
    "name": "Porto"
  },
  {
    "_id": "9655",
    "name": "Frankfurt"
  },
  {
    "_id": "9657",
    "name": "Valencia"
  },
  {
    "_id": "9659",
    "name": "Riga"
  },
  {
    "_id": "9658",
    "name": "Tbilisi"
  },
  {
    "_id": "9662",
    "name": "Manchester"
  },
  {
    "_id": "9660",
    "name": "Liverpool"
  },
  {
    "_id": "9665",
    "name": "Oslo"
  },
  {
    "_id": "9667",
    "name": "Helsinki"
  },
  {
    "_id": "9669",
    "name": "Zagreb"
  },
  {
    "_id": "9672",
    "name": "Bologna"
  },
  {
    "_id": "9673",
    "name": "Stockholm"
  },
  {
    "_id": "9674",
    "name": "Nice"
  },
  {
    "_id": "9675",
    "name": "Marseille"
  },
  {
    "_id": "9680",
    "name": "Palma de Mallorca"
  },
  {
    "_id": "9682",
    "name": "Cologne"
  },
  {
    "_id": "9681",
    "name": "Malaga"
  },
  {
    "_id": "9688",
    "name": "Belfast"
  },
  {
    "_id": "9692",
    "name": "Bristol"
  },
  {
    "_id": "9693",
    "name": "Granada"
  },
  {
    "_id": "9695",
    "name": "Vilnius"
  },
  {
    "_id": "9703",
    "name": "Ljubljana"
  },
  {
    "_id": "9702",
    "name": "Brighton"
  },
  {
    "_id": "9705",
    "name": "Ankara"
  },
  {
    "_id": "9704",
    "name": "Dubrovnik"
  },
  {
    "_id": "9708",
    "name": "Sheffield"
  },
  {
    "_id": "9714",
    "name": "Antwerp"
  },
  {
    "_id": "9715",
    "name": "Nottingham"
  },
  {
    "_id": "9717",
    "name": "Dresden"
  },
  {
    "_id": "9719",
    "name": "Rotterdam"
  },
  {
    "_id": "9721",
    "name": "Antalya"
  },
  {
    "_id": "9722",
    "name": "Gdansk"
  },
  {
    "_id": "9737",
    "name": "Stuttgart"
  },
  {
    "_id": "9738",
    "name": "Dusseldorf"
  },
  {
    "_id": "9739",
    "name": "Nuremberg"
  },
  {
    "_id": "9744",
    "name": "Ghent"
  },
  {
    "_id": "975",
    "name": "Puri"
  },
  {
    "_id": "9750",
    "name": "Salzburg"
  },
  {
    "_id": "9753",
    "name": "Wroclaw"
  },
  {
    "_id": "976",
    "name": "Kanchipuram"
  },
  {
    "_id": "9757",
    "name": "Bilbao"
  },
  {
    "_id": "9761",
    "name": "Benidorm"
  },
  {
    "_id": "9769",
    "name": "Kaliningrad"
  },
  {
    "_id": "9771",
    "name": "Zaragoza"
  },
  {
    "_id": "978",
    "name": "Mahabaleshwar"
  },
  {
    "_id": "9772",
    "name": "Alicante"
  },
  {
    "_id": "9785",
    "name": "Evora"
  },
  {
    "_id": "9790",
    "name": "Lviv"
  },
  {
    "_id": "979",
    "name": "Palakkad"
  },
  {
    "_id": "9804",
    "name": "Sarajevo"
  },
  {
    "_id": "981",
    "name": "Jammu City"
  },
  {
    "_id": "9812",
    "name": "Cordoba"
  },
  {
    "_id": "9817",
    "name": "Basel"
  },
  {
    "_id": "982",
    "name": "Ratnagiri"
  },
  {
    "_id": "9819",
    "name": "Rhodes Town"
  },
  {
    "_id": "9830",
    "name": "Heraklion"
  },
  {
    "_id": "9837",
    "name": "Bremen"
  },
  {
    "_id": "9839",
    "name": "Trier"
  },
  {
    "_id": "9841",
    "name": "Bournemouth"
  },
  {
    "_id": "9843",
    "name": "Gothenburg"
  },
  {
    "_id": "9849",
    "name": "Bergamo"
  },
  {
    "_id": "9852",
    "name": "Toledo"
  },
  {
    "_id": "9856",
    "name": "Brescia"
  },
  {
    "_id": "9857",
    "name": "Marmaris"
  },
  {
    "_id": "9867",
    "name": "Murcia"
  },
  {
    "_id": "9875",
    "name": "Salamanca"
  },
  {
    "_id": "9886",
    "name": "Santander"
  },
  {
    "_id": "9887",
    "name": "Cadiz"
  },
  {
    "_id": "9896",
    "name": "Goreme"
  },
  {
    "_id": "9899",
    "name": "Coimbra"
  },
  {
    "_id": "99",
    "name": "Nara"
  },
  {
    "_id": "9915",
    "name": "Sintra"
  },
  {
    "_id": "9920",
    "name": "Tarifa"
  },
  {
    "_id": "9928",
    "name": "Malmo"
  },
  {
    "_id": "993",
    "name": "Bhuj"
  },
  {
    "_id": "994",
    "name": "Junagadh"
  },
  {
    "_id": "9942",
    "name": "Heidelberg"
  },
  {
    "_id": "9944",
    "name": "Girona"
  },
  {
    "_id": "9946",
    "name": "Maastricht"
  },
  {
    "_id": "9950",
    "name": "Pompeii"
  },
  {
    "_id": "9952",
    "name": "Plovdiv"
  },
  {
    "_id": "9954",
    "name": "Kiel"
  },
  {
    "_id": "9984",
    "name": "Bern"
  },
  {
    "_id": "9985",
    "name": "Eindhoven"
  },
  {
    "_id": "9997",
    "name": "Haarlem"
  }
]