[
  {
    "_id": "1",
    "city_name": "Tokyo"
  },
  {
    "_id": "10",
    "city_name": "Shanghai"
  },
  {
    "_id": "1000",
    "city_name": "Udupi"
  },
  {
    "_id": "10015",
    "city_name": "Ronda"
  },
  {
    "_id": "1002",
    "city_name": "Mathura"
  },
  {
    "_id": "10030",
    "city_name": "Bursa"
  },
  {
    "_id": "10031",
    "city_name": "Lloret de Mar"
  },
  {
    "_id": "10033",
    "city_name": "Valletta"
  },
  {
    "_id": "10106",
    "city_name": "Torremolinos"
  },
  {
    "_id": "10123",
    "city_name": "Puerto de la Cruz"
  },
  {
    "_id": "1013",
    "city_name": "Imphal"
  },
  {
    "_id": "10143",
    "city_name": "Torquay"
  },
  {
    "_id": "1015",
    "city_name": "Kolhapur"
  },
  {
    "_id": "10171",
    "city_name": "Nerja"
  },
  {
    "_id": "10176",
    "city_name": "Salou"
  },
  {
    "_id": "10230",
    "city_name": "Segovia"
  },
  {
    "_id": "10241",
    "city_name": "Playa Blanca"
  },
  {
    "_id": "10260",
    "city_name": "Selcuk"
  },
  {
    "_id": "105",
    "city_name": "Macau"
  },
  {
    "_id": "1055",
    "city_name": "Mahabalipuram"
  },
  {
    "_id": "10595",
    "city_name": "Peterhof"
  },
  {
    "_id": "10792",
    "city_name": "Monte-Carlo"
  },
  {
    "_id": "1089",
    "city_name": "Bikaner"
  },
  {
    "_id": "110",
    "city_name": "Hakodate"
  },
  {
    "_id": "1135",
    "city_name": "Kanpur"
  },
  {
    "_id": "1138",
    "city_name": "Sawai Madhopur"
  },
  {
    "_id": "11489",
    "city_name": "Mont-Saint-Michel"
  },
  {
    "_id": "1159",
    "city_name": "Bundi"
  },
  {
    "_id": "1177",
    "city_name": "Ranchi"
  },
  {
    "_id": "1212",
    "city_name": "Vijayawada"
  },
  {
    "_id": "122",
    "city_name": "Varanasi"
  },
  {
    "_id": "1222",
    "city_name": "Kalpetta"
  },
  {
    "_id": "1241",
    "city_name": "Alwar"
  },
  {
    "_id": "12491",
    "city_name": "Mdina"
  },
  {
    "_id": "12525",
    "city_name": "Stretford"
  },
  {
    "_id": "128",
    "city_name": "Hua Hin"
  },
  {
    "_id": "1291",
    "city_name": "Gwalior"
  },
  {
    "_id": "13",
    "city_name": "New Delhi"
  },
  {
    "_id": "1302",
    "city_name": "Kumbakonam"
  },
  {
    "_id": "131071",
    "city_name": "Buenos Aires"
  },
  {
    "_id": "131072",
    "city_name": "Rio de Janeiro"
  },
  {
    "_id": "131073",
    "city_name": "Sao Paulo"
  },
  {
    "_id": "131074",
    "city_name": "Cusco"
  },
  {
    "_id": "131075",
    "city_name": "Santiago"
  },
  {
    "_id": "131076",
    "city_name": "Lima"
  },
  {
    "_id": "131077",
    "city_name": "Bogota"
  },
  {
    "_id": "131080",
    "city_name": "Cartagena"
  },
  {
    "_id": "131081",
    "city_name": "Porto Alegre"
  },
  {
    "_id": "131084",
    "city_name": "Montevideo"
  },
  {
    "_id": "131085",
    "city_name": "Salvador"
  },
  {
    "_id": "131087",
    "city_name": "Brasilia"
  },
  {
    "_id": "131088",
    "city_name": "Belo Horizonte"
  },
  {
    "_id": "131089",
    "city_name": "Recife"
  },
  {
    "_id": "131091",
    "city_name": "Fortaleza"
  },
  {
    "_id": "131092",
    "city_name": "Manaus"
  },
  {
    "_id": "131095",
    "city_name": "La Paz"
  },
  {
    "_id": "131098",
    "city_name": "Valparaiso"
  },
  {
    "_id": "131099",
    "city_name": "Arequipa"
  },
  {
    "_id": "131102",
    "city_name": "Guayaquil"
  },
  {
    "_id": "131103",
    "city_name": "Gramado"
  },
  {
    "_id": "131104",
    "city_name": "San Pedro de Atacama"
  },
  {
    "_id": "131105",
    "city_name": "Salta"
  },
  {
    "_id": "131106",
    "city_name": "Campinas"
  },
  {
    "_id": "131107",
    "city_name": "Santa Marta"
  },
  {
    "_id": "131108",
    "city_name": "Ubatuba"
  },
  {
    "_id": "131109",
    "city_name": "Joao Pessoa"
  },
  {
    "_id": "131110",
    "city_name": "Mar del Plata"
  },
  {
    "_id": "131113",
    "city_name": "Rosario"
  },
  {
    "_id": "131114",
    "city_name": "Belem"
  },
  {
    "_id": "131119",
    "city_name": "Ushuaia"
  },
  {
    "_id": "131122",
    "city_name": "Santos"
  },
  {
    "_id": "131125",
    "city_name": "Niteroi"
  },
  {
    "_id": "131127",
    "city_name": "Vitoria"
  },
  {
    "_id": "131131",
    "city_name": "Sao Luis"
  },
  {
    "_id": "131138",
    "city_name": "Puerto Varas"
  },
  {
    "_id": "131139",
    "city_name": "El Calafate"
  },
  {
    "_id": "131140",
    "city_name": "Puno"
  },
  {
    "_id": "131146",
    "city_name": "Cabo Frio"
  },
  {
    "_id": "131147",
    "city_name": "Aracaju"
  },
  {
    "_id": "131151",
    "city_name": "Campos Do Jordao"
  },
  {
    "_id": "131157",
    "city_name": "Canela"
  },
  {
    "_id": "131162",
    "city_name": "Punta del Este"
  },
  {
    "_id": "131164",
    "city_name": "Puerto Iguazu"
  },
  {
    "_id": "131168",
    "city_name": "San Juan"
  },
  {
    "_id": "131177",
    "city_name": "Tiradentes"
  },
  {
    "_id": "131178",
    "city_name": "Pocos de Caldas"
  },
  {
    "_id": "131180",
    "city_name": "Puerto Ayora"
  },
  {
    "_id": "131315",
    "city_name": "Bonito"
  },
  {
    "_id": "131327",
    "city_name": "Bombinhas"
  },
  {
    "_id": "131337",
    "city_name": "Guaruja"
  },
  {
    "_id": "131362",
    "city_name": "Cafayate"
  },
  {
    "_id": "131389",
    "city_name": "San Andres"
  },
  {
    "_id": "131395",
    "city_name": "Praia da Pipa"
  },
  {
    "_id": "131438",
    "city_name": "Morro de Sao Paulo"
  },
  {
    "_id": "131447",
    "city_name": "Caldas Novas"
  },
  {
    "_id": "131457",
    "city_name": "Casablanca"
  },
  {
    "_id": "1316",
    "city_name": "Shirdi"
  },
  {
    "_id": "131626",
    "city_name": "Penha"
  },
  {
    "_id": "1325",
    "city_name": "Rameswaram"
  },
  {
    "_id": "133",
    "city_name": "Bandung"
  },
  {
    "_id": "135226",
    "city_name": "Lima"
  },
  {
    "_id": "135383",
    "city_name": "Brazil"
  },
  {
    "_id": "135385",
    "city_name": "Argentina"
  },
  {
    "_id": "135391",
    "city_name": "Chile"
  },
  {
    "_id": "135393",
    "city_name": "Colombia"
  },
  {
    "_id": "135408",
    "city_name": "Uruguay"
  },
  {
    "_id": "135438",
    "city_name": "Bolivia"
  },
  {
    "_id": "135468",
    "city_name": "Venezuela"
  },
  {
    "_id": "135498",
    "city_name": "Paraguay"
  },
  {
    "_id": "137",
    "city_name": "George Town"
  },
  {
    "_id": "1406",
    "city_name": "Jabalpur"
  },
  {
    "_id": "1407",
    "city_name": "Kalimpong"
  },
  {
    "_id": "143",
    "city_name": "Jodhpur"
  },
  {
    "_id": "1435",
    "city_name": "Yercaud"
  },
  {
    "_id": "1442",
    "city_name": "Warangal"
  },
  {
    "_id": "1443",
    "city_name": "Bhaktapur"
  },
  {
    "_id": "1444",
    "city_name": "Malvan"
  },
  {
    "_id": "145",
    "city_name": "Kota Kinabalu"
  },
  {
    "_id": "146238",
    "city_name": "Amer"
  },
  {
    "_id": "146242",
    "city_name": "Chalong"
  },
  {
    "_id": "146244",
    "city_name": "Patong"
  },
  {
    "_id": "146271",
    "city_name": "Manali"
  },
  {
    "_id": "146282",
    "city_name": "McLeod Ganj"
  },
  {
    "_id": "1463",
    "city_name": "Vellore"
  },
  {
    "_id": "146468",
    "city_name": "Carcassonne Center"
  },
  {
    "_id": "1473",
    "city_name": "Kutch"
  },
  {
    "_id": "147352",
    "city_name": "La Jolla"
  },
  {
    "_id": "1480",
    "city_name": "Alibaug"
  },
  {
    "_id": "1540",
    "city_name": "Ponda"
  },
  {
    "_id": "16",
    "city_name": "Ho Chi Minh City"
  },
  {
    "_id": "161",
    "city_name": "Ahmedabad"
  },
  {
    "_id": "1668",
    "city_name": "Hassan"
  },
  {
    "_id": "17",
    "city_name": "Kathmandu"
  },
  {
    "_id": "174",
    "city_name": "Da Lat"
  },
  {
    "_id": "1743",
    "city_name": "Diu"
  },
  {
    "_id": "175",
    "city_name": "Manila"
  },
  {
    "_id": "1763",
    "city_name": "Jamshedpur"
  },
  {
    "_id": "1765",
    "city_name": "Almora"
  },
  {
    "_id": "1784",
    "city_name": "Dalhousie"
  },
  {
    "_id": "1808",
    "city_name": "Daman"
  },
  {
    "_id": "183",
    "city_name": "Jaisalmer"
  },
  {
    "_id": "187",
    "city_name": "Melaka"
  },
  {
    "_id": "1874",
    "city_name": "Vrindavan"
  },
  {
    "_id": "1886",
    "city_name": "Madikeri"
  },
  {
    "_id": "1887",
    "city_name": "Coonoor"
  },
  {
    "_id": "194",
    "city_name": "Rishikesh"
  },
  {
    "_id": "1942",
    "city_name": "Shimoga"
  },
  {
    "_id": "1966",
    "city_name": "Kovalam"
  },
  {
    "_id": "200",
    "city_name": "Thiruvananthapuram (Trivandrum)"
  },
  {
    "_id": "2027",
    "city_name": "Orchha"
  },
  {
    "_id": "207",
    "city_name": "Gurugram (Gurgaon)"
  },
  {
    "_id": "209",
    "city_name": "Thimphu"
  },
  {
    "_id": "2177",
    "city_name": "Gandhinagar"
  },
  {
    "_id": "223",
    "city_name": "Kuching"
  },
  {
    "_id": "235",
    "city_name": "Lahore"
  },
  {
    "_id": "2371",
    "city_name": "Gokarna"
  },
  {
    "_id": "248",
    "city_name": "Lhasa"
  },
  {
    "_id": "2540",
    "city_name": "Kumarakom"
  },
  {
    "_id": "256",
    "city_name": "Srinagar"
  },
  {
    "_id": "257",
    "city_name": "Chiang Rai"
  },
  {
    "_id": "287",
    "city_name": "Panjim"
  },
  {
    "_id": "3129",
    "city_name": "Digha"
  },
  {
    "_id": "33",
    "city_name": "Kuala Lumpur"
  },
  {
    "_id": "330",
    "city_name": "Tashkent"
  },
  {
    "_id": "334",
    "city_name": "Pondicherry"
  },
  {
    "_id": "348",
    "city_name": "Vadodara"
  },
  {
    "_id": "349",
    "city_name": "Darjeeling"
  },
  {
    "_id": "35",
    "city_name": "Bengaluru"
  },
  {
    "_id": "350",
    "city_name": "Alappuzha"
  },
  {
    "_id": "371",
    "city_name": "Coimbatore"
  },
  {
    "_id": "375",
    "city_name": "Lucknow"
  },
  {
    "_id": "384",
    "city_name": "Amritsar"
  },
  {
    "_id": "39",
    "city_name": "Guangzhou"
  },
  {
    "_id": "398",
    "city_name": "Nagpur"
  },
  {
    "_id": "4",
    "city_name": "Bangkok"
  },
  {
    "_id": "43",
    "city_name": "Colombo"
  },
  {
    "_id": "44",
    "city_name": "Phnom Penh"
  },
  {
    "_id": "444",
    "city_name": "Bhubaneswar"
  },
  {
    "_id": "449",
    "city_name": "Nashik"
  },
  {
    "_id": "46",
    "city_name": "Jakarta"
  },
  {
    "_id": "465",
    "city_name": "Gyeongju"
  },
  {
    "_id": "468",
    "city_name": "Ayutthaya"
  },
  {
    "_id": "472",
    "city_name": "Navi Mumbai"
  },
  {
    "_id": "478",
    "city_name": "Surat"
  },
  {
    "_id": "479",
    "city_name": "Mangalore"
  },
  {
    "_id": "480",
    "city_name": "Ooty (Udhagamandalam)"
  },
  {
    "_id": "485",
    "city_name": "Bhopal"
  },
  {
    "_id": "49",
    "city_name": "Da Nang"
  },
  {
    "_id": "50",
    "city_name": "Naha"
  },
  {
    "_id": "503",
    "city_name": "Gangtok"
  },
  {
    "_id": "518",
    "city_name": "Visakhapatnam"
  },
  {
    "_id": "52",
    "city_name": "Yangon (Rangoon)"
  },
  {
    "_id": "524",
    "city_name": "Guwahati"
  },
  {
    "_id": "527",
    "city_name": "Kozhikode"
  },
  {
    "_id": "536",
    "city_name": "Thrissur"
  },
  {
    "_id": "558",
    "city_name": "Indore"
  },
  {
    "_id": "563",
    "city_name": "Noida"
  },
  {
    "_id": "57",
    "city_name": "Pune"
  },
  {
    "_id": "57258",
    "city_name": "Dublin"
  },
  {
    "_id": "58045",
    "city_name": "Toronto"
  },
  {
    "_id": "58046",
    "city_name": "Montreal"
  },
  {
    "_id": "58047",
    "city_name": "Vancouver"
  },
  {
    "_id": "58048",
    "city_name": "Calgary"
  },
  {
    "_id": "58050",
    "city_name": "Victoria"
  },
  {
    "_id": "58051",
    "city_name": "Quebec City"
  },
  {
    "_id": "58052",
    "city_name": "Edmonton"
  },
  {
    "_id": "58058",
    "city_name": "Niagara Falls"
  },
  {
    "_id": "58059",
    "city_name": "Halifax"
  },
  {
    "_id": "58068",
    "city_name": "Banff"
  },
  {
    "_id": "58079",
    "city_name": "North Vancouver"
  },
  {
    "_id": "58144",
    "city_name": "New York City"
  },
  {
    "_id": "58145",
    "city_name": "Los Angeles"
  },
  {
    "_id": "58146",
    "city_name": "Chicago"
  },
  {
    "_id": "58147",
    "city_name": "San Francisco"
  },
  {
    "_id": "58148",
    "city_name": "Las Vegas"
  },
  {
    "_id": "58152",
    "city_name": "Orlando"
  },
  {
    "_id": "58153",
    "city_name": "Honolulu"
  },
  {
    "_id": "58154",
    "city_name": "Seattle"
  },
  {
    "_id": "58156",
    "city_name": "New Orleans"
  },
  {
    "_id": "58157",
    "city_name": "Miami"
  },
  {
    "_id": "58158",
    "city_name": "Portland"
  },
  {
    "_id": "58159",
    "city_name": "Washington DC"
  },
  {
    "_id": "58160",
    "city_name": "Philadelphia"
  },
  {
    "_id": "58161",
    "city_name": "Houston"
  },
  {
    "_id": "58162",
    "city_name": "Boston"
  },
  {
    "_id": "58164",
    "city_name": "Brooklyn"
  },
  {
    "_id": "58166",
    "city_name": "Denver"
  },
  {
    "_id": "58168",
    "city_name": "San Antonio"
  },
  {
    "_id": "58169",
    "city_name": "Atlanta"
  },
  {
    "_id": "58171",
    "city_name": "Nashville"
  },
  {
    "_id": "58172",
    "city_name": "Tucson"
  },
  {
    "_id": "58173",
    "city_name": "Dallas"
  },
  {
    "_id": "58174",
    "city_name": "Savannah"
  },
  {
    "_id": "58176",
    "city_name": "Tampa"
  },
  {
    "_id": "58177",
    "city_name": "Fort Lauderdale"
  },
  {
    "_id": "58178",
    "city_name": "Santa Fe"
  },
  {
    "_id": "58179",
    "city_name": "Baltimore"
  },
  {
    "_id": "58180",
    "city_name": "Miami Beach"
  },
  {
    "_id": "58181",
    "city_name": "Phoenix"
  },
  {
    "_id": "58184",
    "city_name": "Minneapolis"
  },
  {
    "_id": "58185",
    "city_name": "Asheville"
  },
  {
    "_id": "58188",
    "city_name": "Sedona"
  },
  {
    "_id": "58189",
    "city_name": "Naples"
  },
  {
    "_id": "58192",
    "city_name": "Scottsdale"
  },
  {
    "_id": "58193",
    "city_name": "Charlotte"
  },
  {
    "_id": "58195",
    "city_name": "Milwaukee"
  },
  {
    "_id": "58196",
    "city_name": "Louisville"
  },
  {
    "_id": "58199",
    "city_name": "Pittsburgh"
  },
  {
    "_id": "58201",
    "city_name": "Cincinnati"
  },
  {
    "_id": "58202",
    "city_name": "Myrtle Beach"
  },
  {
    "_id": "58203",
    "city_name": "Lahaina"
  },
  {
    "_id": "58205",
    "city_name": "Indianapolis"
  },
  {
    "_id": "58206",
    "city_name": "Santa Barbara"
  },
  {
    "_id": "58210",
    "city_name": "Cleveland"
  },
  {
    "_id": "58211",
    "city_name": "Fort Myers"
  },
  {
    "_id": "58212",
    "city_name": "Fort Worth"
  },
  {
    "_id": "58213",
    "city_name": "Omaha"
  },
  {
    "_id": "58216",
    "city_name": "Salt Lake City"
  },
  {
    "_id": "58218",
    "city_name": "Detroit"
  },
  {
    "_id": "58219",
    "city_name": "Kansas City"
  },
  {
    "_id": "58222",
    "city_name": "Richmond"
  },
  {
    "_id": "58224",
    "city_name": "Memphis"
  },
  {
    "_id": "58226",
    "city_name": "Chattanooga"
  },
  {
    "_id": "58228",
    "city_name": "Santa Monica"
  },
  {
    "_id": "58231",
    "city_name": "Clearwater"
  },
  {
    "_id": "58232",
    "city_name": "Oklahoma City"
  },
  {
    "_id": "58241",
    "city_name": "Pigeon Forge"
  },
  {
    "_id": "58242",
    "city_name": "Anaheim"
  },
  {
    "_id": "58244",
    "city_name": "Galveston"
  },
  {
    "_id": "58248",
    "city_name": "Daytona Beach"
  },
  {
    "_id": "58269",
    "city_name": "Moab"
  },
  {
    "_id": "58275",
    "city_name": "Williamsburg"
  },
  {
    "_id": "58276",
    "city_name": "Monterey"
  },
  {
    "_id": "58284",
    "city_name": "Fredericksburg"
  },
  {
    "_id": "58286",
    "city_name": "Gettysburg"
  },
  {
    "_id": "58289",
    "city_name": "Salem"
  },
  {
    "_id": "58300",
    "city_name": "Flagstaff"
  },
  {
    "_id": "58342",
    "city_name": "Arlington"
  },
  {
    "_id": "58345",
    "city_name": "Wisconsin Dells"
  },
  {
    "_id": "58455",
    "city_name": "Athens"
  },
  {
    "_id": "58476",
    "city_name": "Page"
  },
  {
    "_id": "58563",
    "city_name": "Columbus"
  },
  {
    "_id": "58748",
    "city_name": "Titusville"
  },
  {
    "_id": "589",
    "city_name": "Port Blair"
  },
  {
    "_id": "59165",
    "city_name": "Keystone"
  },
  {
    "_id": "6",
    "city_name": "Beijing"
  },
  {
    "_id": "60",
    "city_name": "Agra"
  },
  {
    "_id": "607",
    "city_name": "Aurangabad"
  },
  {
    "_id": "615",
    "city_name": "Madurai"
  },
  {
    "_id": "62",
    "city_name": "Kanazawa"
  },
  {
    "_id": "64",
    "city_name": "Hangzhou"
  },
  {
    "_id": "662",
    "city_name": "Varkala Town"
  },
  {
    "_id": "67",
    "city_name": "Chengdu"
  },
  {
    "_id": "673",
    "city_name": "Patna"
  },
  {
    "_id": "687",
    "city_name": "Mussoorie"
  },
  {
    "_id": "69",
    "city_name": "Kolkata (Calcutta)"
  },
  {
    "_id": "696",
    "city_name": "Hampi"
  },
  {
    "_id": "7",
    "city_name": "Singapore"
  },
  {
    "_id": "714",
    "city_name": "Kollam"
  },
  {
    "_id": "722",
    "city_name": "Pushkar"
  },
  {
    "_id": "728",
    "city_name": "Shillong"
  },
  {
    "_id": "73",
    "city_name": "Yerevan"
  },
  {
    "_id": "730",
    "city_name": "Jamnagar"
  },
  {
    "_id": "738",
    "city_name": "Thanjavur"
  },
  {
    "_id": "74",
    "city_name": "Xi'an"
  },
  {
    "_id": "75",
    "city_name": "Nagasaki"
  },
  {
    "_id": "76078",
    "city_name": "Lake Louise"
  },
  {
    "_id": "78",
    "city_name": "Hyderabad"
  },
  {
    "_id": "785",
    "city_name": "Allahabad"
  },
  {
    "_id": "78746",
    "city_name": "San Jose"
  },
  {
    "_id": "79299",
    "city_name": "Marrakech"
  },
  {
    "_id": "79300",
    "city_name": "Cape Town Central"
  },
  {
    "_id": "79302",
    "city_name": "Cairo"
  },
  {
    "_id": "79304",
    "city_name": "Mauritius"
  },
  {
    "_id": "79305",
    "city_name": "Fes"
  },
  {
    "_id": "79321",
    "city_name": "Giza"
  },
  {
    "_id": "798",
    "city_name": "Raipur"
  },
  {
    "_id": "8",
    "city_name": "Hanoi"
  },
  {
    "_id": "805",
    "city_name": "Tiruchirappalli"
  },
  {
    "_id": "81182",
    "city_name": "Havana"
  },
  {
    "_id": "81189",
    "city_name": "San Juan"
  },
  {
    "_id": "81196",
    "city_name": "Willemstad"
  },
  {
    "_id": "81197",
    "city_name": "Santo Domingo"
  },
  {
    "_id": "81213",
    "city_name": "Ocho Rios"
  },
  {
    "_id": "81219",
    "city_name": "Puerto Plata"
  },
  {
    "_id": "81250",
    "city_name": "Santiago de Cuba"
  },
  {
    "_id": "81903",
    "city_name": "Mexico City"
  },
  {
    "_id": "81906",
    "city_name": "Puerto Vallarta"
  },
  {
    "_id": "81911",
    "city_name": "Oaxaca"
  },
  {
    "_id": "81912",
    "city_name": "Guadalajara"
  },
  {
    "_id": "81913",
    "city_name": "Merida"
  },
  {
    "_id": "81918",
    "city_name": "Puebla"
  },
  {
    "_id": "81924",
    "city_name": "Guanajuato"
  },
  {
    "_id": "81941",
    "city_name": "Akumal"
  },
  {
    "_id": "81981",
    "city_name": "Palenque"
  },
  {
    "_id": "82",
    "city_name": "Baku"
  },
  {
    "_id": "82575",
    "city_name": "Melbourne"
  },
  {
    "_id": "82577",
    "city_name": "Brisbane"
  },
  {
    "_id": "82579",
    "city_name": "Christchurch"
  },
  {
    "_id": "82582",
    "city_name": "Wellington"
  },
  {
    "_id": "82584",
    "city_name": "Cairns"
  },
  {
    "_id": "82586",
    "city_name": "Hobart"
  },
  {
    "_id": "82588",
    "city_name": "Darwin"
  },
  {
    "_id": "849",
    "city_name": "Kottayam"
  },
  {
    "_id": "85",
    "city_name": "Suzhou"
  },
  {
    "_id": "850",
    "city_name": "Khajuraho"
  },
  {
    "_id": "85941",
    "city_name": "Jerusalem"
  },
  {
    "_id": "85943",
    "city_name": "Tehran"
  },
  {
    "_id": "85946",
    "city_name": "Doha"
  },
  {
    "_id": "86647",
    "city_name": "Japan"
  },
  {
    "_id": "86651",
    "city_name": "Thailand"
  },
  {
    "_id": "86652",
    "city_name": "Philippines"
  },
  {
    "_id": "86654",
    "city_name": "Singapore"
  },
  {
    "_id": "86655",
    "city_name": "Vietnam"
  },
  {
    "_id": "86656",
    "city_name": "South Korea"
  },
  {
    "_id": "86659",
    "city_name": "Cambodia"
  },
  {
    "_id": "86661",
    "city_name": "India"
  },
  {
    "_id": "86667",
    "city_name": "Nepal"
  },
  {
    "_id": "86668",
    "city_name": "Taiwan"
  },
  {
    "_id": "86674",
    "city_name": "Rajasthan"
  },
  {
    "_id": "86675",
    "city_name": "Maharashtra"
  },
  {
    "_id": "86676",
    "city_name": "Hokkaido"
  },
  {
    "_id": "86686",
    "city_name": "Karnataka"
  },
  {
    "_id": "86689",
    "city_name": "Guangdong"
  },
  {
    "_id": "86691",
    "city_name": "Tamil Nadu"
  },
  {
    "_id": "86693",
    "city_name": "Sri Lanka"
  },
  {
    "_id": "86706",
    "city_name": "Uttar Pradesh"
  },
  {
    "_id": "86714",
    "city_name": "Kerala"
  },
  {
    "_id": "86716",
    "city_name": "West Bengal"
  },
  {
    "_id": "86722",
    "city_name": "Jiangsu"
  },
  {
    "_id": "86729",
    "city_name": "Azerbaijan"
  },
  {
    "_id": "86731",
    "city_name": "Kazakhstan"
  },
  {
    "_id": "86743",
    "city_name": "Fujian"
  },
  {
    "_id": "86772",
    "city_name": "Mongolia"
  },
  {
    "_id": "86776",
    "city_name": "Kyrgyzstan"
  },
  {
    "_id": "86779",
    "city_name": "Brunei Darussalam"
  },
  {
    "_id": "86797",
    "city_name": "Laos"
  },
  {
    "_id": "86805",
    "city_name": "Uttarakhand"
  },
  {
    "_id": "86819",
    "city_name": "Bhutan"
  },
  {
    "_id": "86831",
    "city_name": "Pakistan"
  },
  {
    "_id": "86851",
    "city_name": "Bangladesh"
  },
  {
    "_id": "86887",
    "city_name": "Punjab"
  },
  {
    "_id": "86904",
    "city_name": "Odisha"
  },
  {
    "_id": "86937",
    "city_name": "Assam"
  },
  {
    "_id": "86938",
    "city_name": "Tajikistan"
  },
  {
    "_id": "86988",
    "city_name": "Meghalaya"
  },
  {
    "_id": "87077",
    "city_name": "North Korea"
  },
  {
    "_id": "87236",
    "city_name": "Arunachal Pradesh"
  },
  {
    "_id": "87411",
    "city_name": "Nagaland"
  },
  {
    "_id": "877",
    "city_name": "Mount Abu"
  },
  {
    "_id": "88352",
    "city_name": "Italy"
  },
  {
    "_id": "88358",
    "city_name": "France"
  },
  {
    "_id": "88359",
    "city_name": "United Kingdom"
  },
  {
    "_id": "88360",
    "city_name": "Russia"
  },
  {
    "_id": "88362",
    "city_name": "Spain"
  },
  {
    "_id": "88366",
    "city_name": "Czech Republic"
  },
  {
    "_id": "88367",
    "city_name": "Turkiye"
  },
  {
    "_id": "88368",
    "city_name": "Germany"
  },
  {
    "_id": "88373",
    "city_name": "The Netherlands"
  },
  {
    "_id": "88375",
    "city_name": "Greece"
  },
  {
    "_id": "88380",
    "city_name": "Hungary"
  },
  {
    "_id": "88384",
    "city_name": "Austria"
  },
  {
    "_id": "88386",
    "city_name": "Ireland"
  },
  {
    "_id": "88402",
    "city_name": "Denmark"
  },
  {
    "_id": "88403",
    "city_name": "Poland"
  },
  {
    "_id": "88406",
    "city_name": "Bavaria"
  },
  {
    "_id": "88407",
    "city_name": "Malta"
  },
  {
    "_id": "88408",
    "city_name": "Belgium"
  },
  {
    "_id": "88419",
    "city_name": "Iceland"
  },
  {
    "_id": "88420",
    "city_name": "Georgia"
  },
  {
    "_id": "88423",
    "city_name": "Latvia"
  },
  {
    "_id": "88432",
    "city_name": "Norway"
  },
  {
    "_id": "88434",
    "city_name": "Finland"
  },
  {
    "_id": "88437",
    "city_name": "Switzerland"
  },
  {
    "_id": "88438",
    "city_name": "Croatia"
  },
  {
    "_id": "88445",
    "city_name": "Sweden"
  },
  {
    "_id": "88449",
    "city_name": "Bulgaria"
  },
  {
    "_id": "88455",
    "city_name": "Estonia"
  },
  {
    "_id": "88464",
    "city_name": "Serbia"
  },
  {
    "_id": "88477",
    "city_name": "Lithuania"
  },
  {
    "_id": "88478",
    "city_name": "Slovakia"
  },
  {
    "_id": "88486",
    "city_name": "Slovenia"
  },
  {
    "_id": "88503",
    "city_name": "Belarus"
  },
  {
    "_id": "88527",
    "city_name": "Cyprus"
  },
  {
    "_id": "88609",
    "city_name": "Albania"
  },
  {
    "_id": "88654",
    "city_name": "Montenegro"
  },
  {
    "_id": "88723",
    "city_name": "Luxembourg"
  },
  {
    "_id": "88731",
    "city_name": "Moldova"
  },
  {
    "_id": "894",
    "city_name": "Rajkot"
  },
  {
    "_id": "895",
    "city_name": "Nainital"
  },
  {
    "_id": "9",
    "city_name": "Seoul"
  },
  {
    "_id": "90374",
    "city_name": "Canada"
  },
  {
    "_id": "90405",
    "city_name": "California"
  },
  {
    "_id": "90407",
    "city_name": "United States"
  },
  {
    "_id": "90409",
    "city_name": "Nevada"
  },
  {
    "_id": "90412",
    "city_name": "Washington"
  },
  {
    "_id": "90413",
    "city_name": "Louisiana"
  },
  {
    "_id": "90419",
    "city_name": "Texas"
  },
  {
    "_id": "90420",
    "city_name": "Massachusetts"
  },
  {
    "_id": "90647",
    "city_name": "Panama"
  },
  {
    "_id": "90648",
    "city_name": "Honduras"
  },
  {
    "_id": "90651",
    "city_name": "Costa Rica"
  },
  {
    "_id": "90652",
    "city_name": "Guatemala"
  },
  {
    "_id": "90656",
    "city_name": "Belize"
  },
  {
    "_id": "90660",
    "city_name": "Nicaragua"
  },
  {
    "_id": "90759",
    "city_name": "Morocco"
  },
  {
    "_id": "90763",
    "city_name": "Egypt"
  },
  {
    "_id": "90764",
    "city_name": "South Africa"
  },
  {
    "_id": "91",
    "city_name": "Udaipur"
  },
  {
    "_id": "91342",
    "city_name": "Mexico"
  },
  {
    "_id": "91387",
    "city_name": "Australia"
  },
  {
    "_id": "91388",
    "city_name": "New South Wales"
  },
  {
    "_id": "91389",
    "city_name": "Queensland"
  },
  {
    "_id": "91394",
    "city_name": "New Zealand"
  },
  {
    "_id": "91397",
    "city_name": "South Australia"
  },
  {
    "_id": "91399",
    "city_name": "Western Australia"
  },
  {
    "_id": "914",
    "city_name": "Tirupati"
  },
  {
    "_id": "91403",
    "city_name": "Fiji"
  },
  {
    "_id": "91406",
    "city_name": "Tasmania"
  },
  {
    "_id": "91524",
    "city_name": "United Arab Emirates"
  },
  {
    "_id": "91525",
    "city_name": "Israel"
  },
  {
    "_id": "91526",
    "city_name": "Lebanon"
  },
  {
    "_id": "91530",
    "city_name": "Iran"
  },
  {
    "_id": "91534",
    "city_name": "Jordan"
  },
  {
    "_id": "91535",
    "city_name": "Qatar"
  },
  {
    "_id": "91536",
    "city_name": "Oman"
  },
  {
    "_id": "91537",
    "city_name": "Kuwait"
  },
  {
    "_id": "91540",
    "city_name": "Bahrain"
  },
  {
    "_id": "91548",
    "city_name": "Saudi Arabia"
  },
  {
    "_id": "92",
    "city_name": "Hue"
  },
  {
    "_id": "926",
    "city_name": "Kanyakumari"
  },
  {
    "_id": "93",
    "city_name": "Nha Trang"
  },
  {
    "_id": "948",
    "city_name": "Satara"
  },
  {
    "_id": "954",
    "city_name": "Pecatu"
  },
  {
    "_id": "9613",
    "city_name": "London"
  },
  {
    "_id": "9614",
    "city_name": "Paris"
  },
  {
    "_id": "9615",
    "city_name": "Moscow"
  },
  {
    "_id": "9616",
    "city_name": "Rome"
  },
  {
    "_id": "9617",
    "city_name": "Barcelona"
  },
  {
    "_id": "9620",
    "city_name": "Prague"
  },
  {
    "_id": "9621",
    "city_name": "Madrid"
  },
  {
    "_id": "9622",
    "city_name": "Istanbul"
  },
  {
    "_id": "9623",
    "city_name": "Berlin"
  },
  {
    "_id": "9624",
    "city_name": "Milan"
  },
  {
    "_id": "9625",
    "city_name": "Amsterdam"
  },
  {
    "_id": "9626",
    "city_name": "Lisbon"
  },
  {
    "_id": "9629",
    "city_name": "Budapest"
  },
  {
    "_id": "9631",
    "city_name": "Vienna"
  },
  {
    "_id": "9634",
    "city_name": "Venice"
  },
  {
    "_id": "9638",
    "city_name": "Kyiv"
  },
  {
    "_id": "9640",
    "city_name": "Krakow"
  },
  {
    "_id": "9641",
    "city_name": "Seville"
  },
  {
    "_id": "9642",
    "city_name": "Warsaw"
  },
  {
    "_id": "9645",
    "city_name": "Munich"
  },
  {
    "_id": "9646",
    "city_name": "Bucharest"
  },
  {
    "_id": "9647",
    "city_name": "Hamburg"
  },
  {
    "_id": "9650",
    "city_name": "Turin"
  },
  {
    "_id": "9651",
    "city_name": "Glasgow"
  },
  {
    "_id": "9653",
    "city_name": "Porto"
  },
  {
    "_id": "9655",
    "city_name": "Frankfurt"
  },
  {
    "_id": "9657",
    "city_name": "Valencia"
  },
  {
    "_id": "9658",
    "city_name": "Tbilisi"
  },
  {
    "_id": "9659",
    "city_name": "Riga"
  },
  {
    "_id": "9660",
    "city_name": "Liverpool"
  },
  {
    "_id": "9662",
    "city_name": "Manchester"
  },
  {
    "_id": "9665",
    "city_name": "Oslo"
  },
  {
    "_id": "9667",
    "city_name": "Helsinki"
  },
  {
    "_id": "9669",
    "city_name": "Zagreb"
  },
  {
    "_id": "9672",
    "city_name": "Bologna"
  },
  {
    "_id": "9673",
    "city_name": "Stockholm"
  },
  {
    "_id": "9674",
    "city_name": "Nice"
  },
  {
    "_id": "9675",
    "city_name": "Marseille"
  },
  {
    "_id": "9680",
    "city_name": "Palma de Mallorca"
  },
  {
    "_id": "9681",
    "city_name": "Malaga"
  },
  {
    "_id": "9682",
    "city_name": "Cologne"
  },
  {
    "_id": "9688",
    "city_name": "Belfast"
  },
  {
    "_id": "9692",
    "city_name": "Bristol"
  },
  {
    "_id": "9693",
    "city_name": "Granada"
  },
  {
    "_id": "9695",
    "city_name": "Vilnius"
  },
  {
    "_id": "9702",
    "city_name": "Brighton"
  },
  {
    "_id": "9703",
    "city_name": "Ljubljana"
  },
  {
    "_id": "9704",
    "city_name": "Dubrovnik"
  },
  {
    "_id": "9705",
    "city_name": "Ankara"
  },
  {
    "_id": "9708",
    "city_name": "Sheffield"
  },
  {
    "_id": "9714",
    "city_name": "Antwerp"
  },
  {
    "_id": "9715",
    "city_name": "Nottingham"
  },
  {
    "_id": "9717",
    "city_name": "Dresden"
  },
  {
    "_id": "9719",
    "city_name": "Rotterdam"
  },
  {
    "_id": "9721",
    "city_name": "Antalya"
  },
  {
    "_id": "9722",
    "city_name": "Gdansk"
  },
  {
    "_id": "9737",
    "city_name": "Stuttgart"
  },
  {
    "_id": "9738",
    "city_name": "Dusseldorf"
  },
  {
    "_id": "9739",
    "city_name": "Nuremberg"
  },
  {
    "_id": "9744",
    "city_name": "Ghent"
  },
  {
    "_id": "975",
    "city_name": "Puri"
  },
  {
    "_id": "9750",
    "city_name": "Salzburg"
  },
  {
    "_id": "9753",
    "city_name": "Wroclaw"
  },
  {
    "_id": "9757",
    "city_name": "Bilbao"
  },
  {
    "_id": "976",
    "city_name": "Kanchipuram"
  },
  {
    "_id": "9761",
    "city_name": "Benidorm"
  },
  {
    "_id": "9769",
    "city_name": "Kaliningrad"
  },
  {
    "_id": "9771",
    "city_name": "Zaragoza"
  },
  {
    "_id": "9772",
    "city_name": "Alicante"
  },
  {
    "_id": "978",
    "city_name": "Mahabaleshwar"
  },
  {
    "_id": "9785",
    "city_name": "Evora"
  },
  {
    "_id": "979",
    "city_name": "Palakkad"
  },
  {
    "_id": "9790",
    "city_name": "Lviv"
  },
  {
    "_id": "9804",
    "city_name": "Sarajevo"
  },
  {
    "_id": "981",
    "city_name": "Jammu City"
  },
  {
    "_id": "9812",
    "city_name": "Cordoba"
  },
  {
    "_id": "9817",
    "city_name": "Basel"
  },
  {
    "_id": "9819",
    "city_name": "Rhodes Town"
  },
  {
    "_id": "982",
    "city_name": "Ratnagiri"
  },
  {
    "_id": "9830",
    "city_name": "Heraklion"
  },
  {
    "_id": "9841",
    "city_name": "Bournemouth"
  },
  {
    "_id": "9843",
    "city_name": "Gothenburg"
  },
  {
    "_id": "9849",
    "city_name": "Bergamo"
  },
  {
    "_id": "9852",
    "city_name": "Toledo"
  },
  {
    "_id": "9857",
    "city_name": "Marmaris"
  },
  {
    "_id": "9875",
    "city_name": "Salamanca"
  },
  {
    "_id": "9886",
    "city_name": "Santander"
  },
  {
    "_id": "9887",
    "city_name": "Cadiz"
  },
  {
    "_id": "9896",
    "city_name": "Goreme"
  },
  {
    "_id": "9899",
    "city_name": "Coimbra"
  },
  {
    "_id": "99",
    "city_name": "Nara"
  },
  {
    "_id": "9915",
    "city_name": "Sintra"
  },
  {
    "_id": "9928",
    "city_name": "Malmo"
  },
  {
    "_id": "994",
    "city_name": "Junagadh"
  },
  {
    "_id": "9942",
    "city_name": "Heidelberg"
  },
  {
    "_id": "9950",
    "city_name": "Pompeii"
  },
  {
    "_id": "9952",
    "city_name": "Plovdiv"
  }
]