[
{"manual_id": "85939", "place_id": "85939", "city_name": "Dubai", "geoCategoryUrl": "https://wanderlog.com/list/geoCategory/105931/top-things-to-do-and-attractions-in-dubai"},
{"manual_id": "9630", "place_id": "9630", "city_name": "Florence", "geoCategoryUrl": "https://wanderlog.com/list/geoCategory/104656/top-things-to-do-and-attractions-in-florence"},
{"manual_id": "9636", "place_id": "9636", "city_name": "Edinburgh", "geoCategoryUrl": "https://wanderlog.com/list/geoCategory/104661/top-things-to-do-and-attractions-in-edinburgh"},
{"manual_id": "82574", "place_id": "82574", "city_name": "Sydney", "geoCategoryUrl": "https://wanderlog.com/list/geoCategory/105866/top-things-to-do-and-attractions-in-sydney"},
{"manual_id": "15", "place_id": "15", "city_name": "Hong Kong", "geoCategoryUrl": "https://wanderlog.com/list/geoCategory/104400/top-things-to-do-and-attractions-in-hong-kong"},
{"manual_id": "9618", "place_id": "9618", "city_name": "St. Petersburg", "geoCategoryUrl": "https://wanderlog.com/list/geoCategory/104647/top-things-to-do-and-attractions-in-st-petersburg"},
{"manual_id": "2", "place_id": "2", "city_name": "Kyoto", "geoCategoryUrl": "https://wanderlog.com/list/geoCategory/104389/top-things-to-do-and-attractions-in-kyoto"},
{"manual_id": "9637", "place_id": "9637", "city_name": "Athens", "geoCategoryUrl": "https://wanderlog.com/list/geoCategory/104662/top-things-to-do-and-attractions-in-athens"},
{"manual_id": "58150", "place_id": "58150", "city_name": "San Diego", "geoCategoryUrl": "https://wanderlog.com/list/geoCategory/105421/top-things-to-do-and-attractions-in-san-diego"},
{"manual_id": "9643", "place_id": "9643", "city_name": "Copenhagen", "geoCategoryUrl": "https://wanderlog.com/list/geoCategory/104667/top-things-to-do-and-attractions-in-copenhagen"},
{"manual_id": "11", "place_id": "11", "city_name": "Siem Reap", "geoCategoryUrl": "https://wanderlog.com/list/geoCategory/104397/top-things-to-do-and-attractions-in-siem-reap"},
{"manual_id": "9635", "place_id": "9635", "city_name": "Naples", "geoCategoryUrl": "https://wanderlog.com/list/geoCategory/104660/top-things-to-do-and-attractions-in-naples"},
{"manual_id": "9649", "place_id": "9649", "city_name": "Brussels", "geoCategoryUrl": "https://wanderlog.com/list/geoCategory/104671/top-things-to-do-and-attractions-in-brussels"},
{"manual_id": "81905", "place_id": "81905", "city_name": "Playa del Carmen", "geoCategoryUrl": "https://wanderlog.com/list/geoCategory/105835/top-things-to-do-and-attractions-in-playa-del-carmen"},
{"manual_id": "9707", "place_id": "9707", "city_name": "York", "geoCategoryUrl": "https://wanderlog.com/list/geoCategory/104721/top-things-to-do-and-attractions-in-york"},
{"manual_id": "131100", "place_id": "131100", "city_name": "Natal", "geoCategoryUrl": "https://wanderlog.com/list/geoCategory/105983/top-things-to-do-and-attractions-in-natal"},
{"manual_id": "3", "place_id": "3", "city_name": "Osaka", "geoCategoryUrl": "https://wanderlog.com/list/geoCategory/104390/top-things-to-do-and-attractions-in-osaka"},
{"manual_id": "131086", "place_id": "131086", "city_name": "Florianopolis", "geoCategoryUrl": "https://wanderlog.com/list/geoCategory/105969/top-things-to-do-and-attractions-in-florianopolis"},
{"manual_id": "18", "place_id": "18", "city_name": "Taipei", "geoCategoryUrl": "https://wanderlog.com/list/geoCategory/104403/top-things-to-do-and-attractions-in-taipei"},
{"manual_id": "131118", "place_id": "131118", "city_name": "Porto Seguro", "geoCategoryUrl": "https://wanderlog.com/list/geoCategory/106001/top-things-to-do-and-attractions-in-porto-seguro"},
{"manual_id": "82576", "place_id": "82576", "city_name": "Auckland", "geoCategoryUrl": "https://wanderlog.com/list/geoCategory/105868/top-things-to-do-and-attractions-in-auckland"},
{"manual_id": "9745", "place_id": "9745", "city_name": "Bruges", "geoCategoryUrl": "https://wanderlog.com/list/geoCategory/104757/top-things-to-do-and-attractions-in-bruges"},
{"manual_id": "58186", "place_id": "58186", "city_name": "St. Augustine", "geoCategoryUrl": "https://wanderlog.com/list/geoCategory/105453/top-things-to-do-and-attractions-in-st-augustine"},
{"manual_id": "9798", "place_id": "9798", "city_name": "Blackpool", "geoCategoryUrl": "https://wanderlog.com/list/geoCategory/104795/top-things-to-do-and-attractions-in-blackpool"},
{"manual_id": "58183", "place_id": "58183", "city_name": "Branson", "geoCategoryUrl": "https://wanderlog.com/list/geoCategory/105450/top-things-to-do-and-attractions-in-branson"},
{"manual_id": "22", "place_id": "22", "city_name": "Ubud", "geoCategoryUrl": "https://wanderlog.com/list/geoCategory/104407/top-things-to-do-and-attractions-in-ubud"},
{"manual_id": "78744", "place_id": "78744", "city_name": "Panama City", "geoCategoryUrl": "https://wanderlog.com/list/geoCategory/105745/top-things-to-do-and-attractions-in-panama-city"},
{"manual_id": "24", "place_id": "24", "city_name": "Jaipur", "geoCategoryUrl": "https://wanderlog.com/list/geoCategory/104409/top-things-to-do-and-attractions-in-jaipur"},
{"manual_id": "9656", "place_id": "9656", "city_name": "Reykjavik", "geoCategoryUrl": "https://wanderlog.com/list/geoCategory/104678/top-things-to-do-and-attractions-in-reykjavik"},
{"manual_id": "82578", "place_id": "82578", "city_name": "Gold Coast", "geoCategoryUrl": "https://wanderlog.com/list/geoCategory/105870/top-things-to-do-and-attractions-in-gold-coast"},
{"manual_id": "58170", "place_id": "58170", "city_name": "Charleston", "geoCategoryUrl": "https://wanderlog.com/list/geoCategory/105437/top-things-to-do-and-attractions-in-charleston"},
{"manual_id": "53", "place_id": "53", "city_name": "Kathu", "geoCategoryUrl": "https://wanderlog.com/list/geoCategory/104435/top-things-to-do-and-attractions-in-kathu"},
{"manual_id": "9711", "place_id": "9711", "city_name": "Verona", "geoCategoryUrl": "https://wanderlog.com/list/geoCategory/104725/top-things-to-do-and-attractions-in-verona"},
{"manual_id": "10413", "place_id": "10413", "city_name": "Marne-la-Vallee", "geoCategoryUrl": "https://wanderlog.com/list/geoCategory/105122/top-things-to-do-and-attractions-in-marne-la-vallee"},
{"manual_id": "58175", "place_id": "58175", "city_name": "Saint Louis", "geoCategoryUrl": "https://wanderlog.com/list/geoCategory/105442/top-things-to-do-and-attractions-in-saint-louis"},
{"manual_id": "9683", "place_id": "9683", "city_name": "Genoa", "geoCategoryUrl": "https://wanderlog.com/list/geoCategory/104701/top-things-to-do-and-attractions-in-genoa"},
{"manual_id": "9666", "place_id": "9666", "city_name": "Birmingham", "geoCategoryUrl": "https://wanderlog.com/list/geoCategory/104686/top-things-to-do-and-attractions-in-birmingham"},
{"manual_id": "9670", "place_id": "9670", "city_name": "Lyon", "geoCategoryUrl": "https://wanderlog.com/list/geoCategory/104690/top-things-to-do-and-attractions-in-lyon"},
{"manual_id": "9735", "place_id": "9735", "city_name": "Funchal", "geoCategoryUrl": "https://wanderlog.com/list/geoCategory/104747/top-things-to-do-and-attractions-in-funchal"},
{"manual_id": "80", "place_id": "80", "city_name": "Pattaya", "geoCategoryUrl": "https://wanderlog.com/list/geoCategory/104458/top-things-to-do-and-attractions-in-pattaya"},
{"manual_id": "9730", "place_id": "9730", "city_name": "Bath", "geoCategoryUrl": "https://wanderlog.com/list/geoCategory/104743/top-things-to-do-and-attractions-in-bath"},
{"manual_id": "81904", "place_id": "81904", "city_name": "Cancun", "geoCategoryUrl": "https://wanderlog.com/list/geoCategory/105834/top-things-to-do-and-attractions-in-cancun"},
{"manual_id": "81180", "place_id": "81180", "city_name": "Punta Cana", "geoCategoryUrl": "https://wanderlog.com/list/geoCategory/105792/top-things-to-do-and-attractions-in-punta-cana"},
{"manual_id": "9654", "place_id": "9654", "city_name": "Palermo", "geoCategoryUrl": "https://wanderlog.com/list/geoCategory/104676/top-things-to-do-and-attractions-in-palermo"},
{"manual_id": "9679", "place_id": "9679", "city_name": "Tallinn", "geoCategoryUrl": "https://wanderlog.com/list/geoCategory/104697/top-things-to-do-and-attractions-in-tallinn"},
{"manual_id": "131150", "place_id": "131150", "city_name": "Ipojuca", "geoCategoryUrl": "https://wanderlog.com/list/geoCategory/106027/top-things-to-do-and-attractions-in-ipojuca"},
{"manual_id": "131090", "place_id": "131090", "city_name": "San Carlos de Bariloche", "geoCategoryUrl": "https://wanderlog.com/list/geoCategory/105973/top-things-to-do-and-attractions-in-san-carlos-de-bariloche"},
{"manual_id": "81909", "place_id": "81909", "city_name": "Tulum", "geoCategoryUrl": "https://wanderlog.com/list/geoCategory/105838/top-things-to-do-and-attractions-in-tulum"},
{"manual_id": "21", "place_id": "21", "city_name": "Hoi An", "geoCategoryUrl": "https://wanderlog.com/list/geoCategory/104406/top-things-to-do-and-attractions-in-hoi-an"},
{"manual_id": "19", "place_id": "19", "city_name": "Chiang Mai", "geoCategoryUrl": "https://wanderlog.com/list/geoCategory/104404/top-things-to-do-and-attractions-in-chiang-mai"},
{"manual_id": "131083", "place_id": "131083", "city_name": "Mendoza", "geoCategoryUrl": "https://wanderlog.com/list/geoCategory/105966/top-things-to-do-and-attractions-in-mendoza"},
{"manual_id": "9767", "place_id": "9767", "city_name": "Pisa", "geoCategoryUrl": "https://wanderlog.com/list/geoCategory/104773/top-things-to-do-and-attractions-in-pisa"},
{"manual_id": "131078", "place_id": "131078", "city_name": "Quito", "geoCategoryUrl": "https://wanderlog.com/list/geoCategory/105961/top-things-to-do-and-attractions-in-quito"},
{"manual_id": "131132", "place_id": "131132", "city_name": "Petropolis", "geoCategoryUrl": "https://wanderlog.com/list/geoCategory/106012/top-things-to-do-and-attractions-in-petropolis"},
{"manual_id": "37", "place_id": "37", "city_name": "Kuta", "geoCategoryUrl": "https://wanderlog.com/list/geoCategory/104420/top-things-to-do-and-attractions-in-kuta"},
{"manual_id": "131115", "place_id": "131115", "city_name": "Maceio", "geoCategoryUrl": "https://wanderlog.com/list/geoCategory/105998/top-things-to-do-and-attractions-in-maceio"},
{"manual_id": "79", "place_id": "79", "city_name": "Krabi Town", "geoCategoryUrl": "https://wanderlog.com/list/geoCategory/104457/top-things-to-do-and-attractions-in-krabi-town"},
{"manual_id": "131134", "place_id": "131134", "city_name": "Jijoca de Jericoacoara", "geoCategoryUrl": "https://wanderlog.com/list/geoCategory/106014/top-things-to-do-and-attractions-in-jijoca-de-jericoacoara"},
{"manual_id": "28", "place_id": "28", "city_name": "Taito", "geoCategoryUrl": "https://wanderlog.com/list/geoCategory/104412/top-things-to-do-and-attractions-in-taito"},
{"manual_id": "131094", "place_id": "131094", "city_name": "Paraty", "geoCategoryUrl": "https://wanderlog.com/list/geoCategory/105977/top-things-to-do-and-attractions-in-paraty"},
{"manual_id": "9712", "place_id": "9712", "city_name": "Cardiff", "geoCategoryUrl": "https://wanderlog.com/list/geoCategory/104726/top-things-to-do-and-attractions-in-cardiff"},
{"manual_id": "9792", "place_id": "9792", "city_name": "Maspalomas", "geoCategoryUrl": "https://wanderlog.com/list/geoCategory/104791/top-things-to-do-and-attractions-in-maspalomas"},
{"manual_id": "82593", "place_id": "82593", "city_name": "Rotorua", "geoCategoryUrl": "https://wanderlog.com/list/geoCategory/105881/top-things-to-do-and-attractions-in-rotorua"},
{"manual_id": "9826", "place_id": "9826", "city_name": "Adeje", "geoCategoryUrl": "https://wanderlog.com/list/geoCategory/104820/top-things-to-do-and-attractions-in-adeje"},
{"manual_id": "9800", "place_id": "9800", "city_name": "Syracuse", "geoCategoryUrl": "https://wanderlog.com/list/geoCategory/104797/top-things-to-do-and-attractions-in-syracuse"},
{"manual_id": "9751", "place_id": "9751", "city_name": "Strasbourg", "geoCategoryUrl": "https://wanderlog.com/list/geoCategory/104762/top-things-to-do-and-attractions-in-strasbourg"},
{"manual_id": "9663", "place_id": "9663", "city_name": "Bordeaux", "geoCategoryUrl": "https://wanderlog.com/list/geoCategory/104684/top-things-to-do-and-attractions-in-bordeaux"},
{"manual_id": "9763", "place_id": "9763", "city_name": "Paphos", "geoCategoryUrl": "https://wanderlog.com/list/geoCategory/104770/top-things-to-do-and-attractions-in-paphos"},
{"manual_id": "82585", "place_id": "82585", "city_name": "Canberra", "geoCategoryUrl": "https://wanderlog.com/list/geoCategory/105877/top-things-to-do-and-attractions-in-canberra"},
{"manual_id": "9802", "place_id": "9802", "city_name": "Siena", "geoCategoryUrl": "https://wanderlog.com/list/geoCategory/104799/top-things-to-do-and-attractions-in-siena"},
{"manual_id": "9696", "place_id": "9696", "city_name": "Bratislava", "geoCategoryUrl": "https://wanderlog.com/list/geoCategory/104712/top-things-to-do-and-attractions-in-bratislava"},
{"manual_id": "23", "place_id": "23", "city_name": "Minato", "geoCategoryUrl": "https://wanderlog.com/list/geoCategory/104408/top-things-to-do-and-attractions-in-minato"},
{"manual_id": "10219", "place_id": "10219", "city_name": "Windsor", "geoCategoryUrl": "https://wanderlog.com/list/geoCategory/105061/top-things-to-do-and-attractions-in-windsor"},
{"manual_id": "29", "place_id": "29", "city_name": "Sapporo", "geoCategoryUrl": "https://wanderlog.com/list/geoCategory/104413/top-things-to-do-and-attractions-in-sapporo"},
{"manual_id": "9803", "place_id": "9803", "city_name": "Portsmouth", "geoCategoryUrl": "https://wanderlog.com/list/geoCategory/104800/top-things-to-do-and-attractions-in-portsmouth"},
{"manual_id": "9668", "place_id": "9668", "city_name": "Zurich", "geoCategoryUrl": "https://wanderlog.com/list/geoCategory/104688/top-things-to-do-and-attractions-in-zurich"},
{"manual_id": "85940", "place_id": "85940", "city_name": "Tel Aviv", "geoCategoryUrl": "https://wanderlog.com/list/geoCategory/105932/top-things-to-do-and-attractions-in-tel-aviv"},
{"manual_id": "10061", "place_id": "10061", "city_name": "Versailles", "geoCategoryUrl": "https://wanderlog.com/list/geoCategory/104981/top-things-to-do-and-attractions-in-versailles"},
{"manual_id": "38", "place_id": "38", "city_name": "Shibuya", "geoCategoryUrl": "https://wanderlog.com/list/geoCategory/104421/top-things-to-do-and-attractions-in-shibuya"},
{"manual_id": "58187", "place_id": "58187", "city_name": "Sarasota", "geoCategoryUrl": "https://wanderlog.com/list/geoCategory/105454/top-things-to-do-and-attractions-in-sarasota"},
{"manual_id": "9801", "place_id": "9801", "city_name": "Bergen", "geoCategoryUrl": "https://wanderlog.com/list/geoCategory/104798/top-things-to-do-and-attractions-in-bergen"},
{"manual_id": "131079", "place_id": "131079", "city_name": "Medellin", "geoCategoryUrl": "https://wanderlog.com/list/geoCategory/105962/top-things-to-do-and-attractions-in-medellin"},
{"manual_id": "184", "place_id": "184", "city_name": "Luang Prabang", "geoCategoryUrl": "https://wanderlog.com/list/geoCategory/104519/top-things-to-do-and-attractions-in-luang-prabang"},
{"manual_id": "79309", "place_id": "79309", "city_name": "Sharm El Sheikh", "geoCategoryUrl": "https://wanderlog.com/list/geoCategory/105763/top-things-to-do-and-attractions-in-sharm-el-sheikh"},
{"manual_id": "9850", "place_id": "9850", "city_name": "Chester", "geoCategoryUrl": "https://wanderlog.com/list/geoCategory/104838/top-things-to-do-and-attractions-in-chester"},
{"manual_id": "131318", "place_id": "131318", "city_name": "Machu Picchu", "geoCategoryUrl": "https://wanderlog.com/list/geoCategory/106056/top-things-to-do-and-attractions-in-machu-picchu"},
{"manual_id": "20", "place_id": "20", "city_name": "Yokohama", "geoCategoryUrl": "https://wanderlog.com/list/geoCategory/104405/top-things-to-do-and-attractions-in-yokohama"},
{"manual_id": "58049", "place_id": "58049", "city_name": "Ottawa", "geoCategoryUrl": "https://wanderlog.com/list/geoCategory/105396/top-things-to-do-and-attractions-in-ottawa"},
{"manual_id": "81226", "place_id": "81226", "city_name": "Varadero", "geoCategoryUrl": "https://wanderlog.com/list/geoCategory/105807/top-things-to-do-and-attractions-in-varadero"},
{"manual_id": "9724", "place_id": "9724", "city_name": "Geneva", "geoCategoryUrl": "https://wanderlog.com/list/geoCategory/104737/top-things-to-do-and-attractions-in-geneva"},
{"manual_id": "58182", "place_id": "58182", "city_name": "Greater Palm Springs", "geoCategoryUrl": "https://wanderlog.com/list/geoCategory/105449/top-things-to-do-and-attractions-in-greater-palm-springs"},
{"manual_id": "10008", "place_id": "10008", "city_name": "Lucerne", "geoCategoryUrl": "https://wanderlog.com/list/geoCategory/104950/top-things-to-do-and-attractions-in-lucerne"},
{"manual_id": "9690", "place_id": "9690", "city_name": "Padua", "geoCategoryUrl": "https://wanderlog.com/list/geoCategory/104706/top-things-to-do-and-attractions-in-padua"},
{"manual_id": "9889", "place_id": "9889", "city_name": "Benalmadena", "geoCategoryUrl": "https://wanderlog.com/list/geoCategory/104868/top-things-to-do-and-attractions-in-benalmadena"},
{"manual_id": "82581", "place_id": "82581", "city_name": "Adelaide", "geoCategoryUrl": "https://wanderlog.com/list/geoCategory/105873/top-things-to-do-and-attractions-in-adelaide"},
{"manual_id": "9723", "place_id": "9723", "city_name": "Oxford", "geoCategoryUrl": "https://wanderlog.com/list/geoCategory/104736/top-things-to-do-and-attractions-in-oxford"},
{"manual_id": "9836", "place_id": "9836", "city_name": "Killarney", "geoCategoryUrl": "https://wanderlog.com/list/geoCategory/104827/top-things-to-do-and-attractions-in-killarney"},
{"manual_id": "9677", "place_id": "9677", "city_name": "Sochi", "geoCategoryUrl": "https://wanderlog.com/list/geoCategory/104696/top-things-to-do-and-attractions-in-sochi"},
{"manual_id": "58191", "place_id": "58191", "city_name": "Albuquerque", "geoCategoryUrl": "https://wanderlog.com/list/geoCategory/105458/top-things-to-do-and-attractions-in-albuquerque"},
{"manual_id": "51", "place_id": "51", "city_name": "Phuket Town", "geoCategoryUrl": "https://wanderlog.com/list/geoCategory/104433/top-things-to-do-and-attractions-in-phuket-town"},
{"manual_id": "32", "place_id": "32", "city_name": "Shinjuku", "geoCategoryUrl": "https://wanderlog.com/list/geoCategory/104416/top-things-to-do-and-attractions-in-shinjuku"},
{"manual_id": "9765", "place_id": "9765", "city_name": "Albufeira", "geoCategoryUrl": "https://wanderlog.com/list/geoCategory/104772/top-things-to-do-and-attractions-in-albufeira"},
{"manual_id": "42", "place_id": "42", "city_name": "Chiyoda", "geoCategoryUrl": "https://wanderlog.com/list/geoCategory/104425/top-things-to-do-and-attractions-in-chiyoda"},
{"manual_id": "59", "place_id": "59", "city_name": "Hiroshima", "geoCategoryUrl": "https://wanderlog.com/list/geoCategory/104441/top-things-to-do-and-attractions-in-hiroshima"},
{"manual_id": "131093", "place_id": "131093", "city_name": "Angra Dos Reis", "geoCategoryUrl": "https://wanderlog.com/list/geoCategory/105976/top-things-to-do-and-attractions-in-angra-dos-reis"},
{"manual_id": "9840", "place_id": "9840", "city_name": "Lucca", "geoCategoryUrl": "https://wanderlog.com/list/geoCategory/104831/top-things-to-do-and-attractions-in-lucca"},
{"manual_id": "9689", "place_id": "9689", "city_name": "Leeds", "geoCategoryUrl": "https://wanderlog.com/list/geoCategory/104705/top-things-to-do-and-attractions-in-leeds"},
{"manual_id": "81194", "place_id": "81194", "city_name": "Nassau", "geoCategoryUrl": "https://wanderlog.com/list/geoCategory/105795/top-things-to-do-and-attractions-in-nassau"},
{"manual_id": "10046", "place_id": "10046", "city_name": "Ravenna", "geoCategoryUrl": "https://wanderlog.com/list/geoCategory/104973/top-things-to-do-and-attractions-in-ravenna"},
{"manual_id": "9687", "place_id": "9687", "city_name": "Belgrade", "geoCategoryUrl": "https://wanderlog.com/list/geoCategory/104703/top-things-to-do-and-attractions-in-belgrade"},
{"manual_id": "131117", "place_id": "131117", "city_name": "Ouro Preto", "geoCategoryUrl": "https://wanderlog.com/list/geoCategory/106000/top-things-to-do-and-attractions-in-ouro-preto"},
{"manual_id": "9725", "place_id": "9725", "city_name": "The Hague", "geoCategoryUrl": "https://wanderlog.com/list/geoCategory/104738/top-things-to-do-and-attractions-in-hague"},
{"manual_id": "9691", "place_id": "9691", "city_name": "Trieste", "geoCategoryUrl": "https://wanderlog.com/list/geoCategory/104707/top-things-to-do-and-attractions-in-trieste"},
{"manual_id": "9930", "place_id": "9930", "city_name": "Stratford-upon-Avon", "geoCategoryUrl": "https://wanderlog.com/list/geoCategory/104900/top-things-to-do-and-attractions-in-stratford-upon-avon"},
{"manual_id": "9694", "place_id": "9694", "city_name": "Split", "geoCategoryUrl": "https://wanderlog.com/list/geoCategory/104710/top-things-to-do-and-attractions-in-split"},
{"manual_id": "9891", "place_id": "9891", "city_name": "Matera", "geoCategoryUrl": "https://wanderlog.com/list/geoCategory/104870/top-things-to-do-and-attractions-in-matera"},
{"manual_id": "9935", "place_id": "9935", "city_name": "Taormina", "geoCategoryUrl": "https://wanderlog.com/list/geoCategory/104903/top-things-to-do-and-attractions-in-taormina"},
{"manual_id": "9998", "place_id": "9998", "city_name": "Llandudno", "geoCategoryUrl": "https://wanderlog.com/list/geoCategory/104945/top-things-to-do-and-attractions-in-llandudno"},
{"manual_id": "79306", "place_id": "79306", "city_name": "Johannesburg", "geoCategoryUrl": "https://wanderlog.com/list/geoCategory/105760/top-things-to-do-and-attractions-in-johannesburg"},
{"manual_id": "11769", "place_id": "11769", "city_name": "Lindos", "geoCategoryUrl": "https://wanderlog.com/list/geoCategory/105279/top-things-to-do-and-attractions-in-lindos"},
{"manual_id": "58198", "place_id": "58198", "city_name": "Anchorage", "geoCategoryUrl": "https://wanderlog.com/list/geoCategory/105465/top-things-to-do-and-attractions-in-anchorage"},
{"manual_id": "9709", "place_id": "9709", "city_name": "Toulouse", "geoCategoryUrl": "https://wanderlog.com/list/geoCategory/104723/top-things-to-do-and-attractions-in-toulouse"},
{"manual_id": "9676", "place_id": "9676", "city_name": "Sofia", "geoCategoryUrl": "https://wanderlog.com/list/geoCategory/104695/top-things-to-do-and-attractions-in-sofia"},
{"manual_id": "9838", "place_id": "9838", "city_name": "Santiago de Compostela", "geoCategoryUrl": "https://wanderlog.com/list/geoCategory/104829/top-things-to-do-and-attractions-in-santiago-de-compostela"},
{"manual_id": "9945", "place_id": "9945", "city_name": "Assisi", "geoCategoryUrl": "https://wanderlog.com/list/geoCategory/104911/top-things-to-do-and-attractions-in-assisi"},
{"manual_id": "9756", "place_id": "9756", "city_name": "Rimini", "geoCategoryUrl": "https://wanderlog.com/list/geoCategory/104765/top-things-to-do-and-attractions-in-rimini"},
{"manual_id": "30", "place_id": "30", "city_name": "Nagoya", "geoCategoryUrl": "https://wanderlog.com/list/geoCategory/104414/top-things-to-do-and-attractions-in-nagoya"},
{"manual_id": "9799", "place_id": "9799", "city_name": "Nantes", "geoCategoryUrl": "https://wanderlog.com/list/geoCategory/104796/top-things-to-do-and-attractions-in-nantes"},
{"manual_id": "41", "place_id": "41", "city_name": "New Taipei", "geoCategoryUrl": "https://wanderlog.com/list/geoCategory/104424/top-things-to-do-and-attractions-in-new-taipei"},
{"manual_id": "10074", "place_id": "10074", "city_name": "Agrigento", "geoCategoryUrl": "https://wanderlog.com/list/geoCategory/104991/top-things-to-do-and-attractions-in-agrigento"},
{"manual_id": "176", "place_id": "176", "city_name": "Karon", "geoCategoryUrl": "https://wanderlog.com/list/geoCategory/104514/top-things-to-do-and-attractions-in-karon"},
{"manual_id": "58062", "place_id": "58062", "city_name": "Niagara-on-the-Lake", "geoCategoryUrl": "https://wanderlog.com/list/geoCategory/105407/top-things-to-do-and-attractions-in-niagara-on-lake"},
{"manual_id": "9903", "place_id": "9903", "city_name": "Carcassonne", "geoCategoryUrl": "https://wanderlog.com/list/geoCategory/104878/top-things-to-do-and-attractions-in-carcassonne"},
{"manual_id": "68", "place_id": "68", "city_name": "Kochi (Cochin)", "geoCategoryUrl": "https://wanderlog.com/list/geoCategory/104447/top-things-to-do-and-attractions-in-kochi-cochin"},
{"manual_id": "131478", "place_id": "131478", "city_name": "Mata de Sao Joao", "geoCategoryUrl": "https://wanderlog.com/list/geoCategory/75667/where-to-eat-best-restaurants-in-mata-de-sao-joao"},
{"manual_id": "78752", "place_id": "78752", "city_name": "La Fortuna de San Carlos", "geoCategoryUrl": "https://wanderlog.com/list/geoCategory/105750/top-things-to-do-and-attractions-in-la-fortuna-de-san-carlos"},
{"manual_id": "9713", "place_id": "9713", "city_name": "Newcastle upon Tyne", "geoCategoryUrl": "https://wanderlog.com/list/geoCategory/104727/top-things-to-do-and-attractions-in-newcastle-upon-tyne"},
{"manual_id": "34", "place_id": "34", "city_name": "Kobe", "geoCategoryUrl": "https://wanderlog.com/list/geoCategory/104418/top-things-to-do-and-attractions-in-kobe"},
{"manual_id": "79303", "place_id": "79303", "city_name": "Nairobi", "geoCategoryUrl": "https://wanderlog.com/list/geoCategory/105758/top-things-to-do-and-attractions-in-nairobi"},
{"manual_id": "9919", "place_id": "9919", "city_name": "Avignon", "geoCategoryUrl": "https://wanderlog.com/list/geoCategory/104889/top-things-to-do-and-attractions-in-avignon"},
{"manual_id": "131360", "place_id": "131360", "city_name": "Maragogi", "geoCategoryUrl": "https://wanderlog.com/list/geoCategory/106072/top-things-to-do-and-attractions-in-maragogi"},
{"manual_id": "82594", "place_id": "82594", "city_name": "Dunedin", "geoCategoryUrl": "https://wanderlog.com/list/geoCategory/105882/top-things-to-do-and-attractions-in-dunedin"},
{"manual_id": "31", "place_id": "31", "city_name": "Fukuoka", "geoCategoryUrl": "https://wanderlog.com/list/geoCategory/104415/top-things-to-do-and-attractions-in-fukuoka"},
{"manual_id": "10064", "place_id": "10064", "city_name": "Weymouth", "geoCategoryUrl": "https://wanderlog.com/list/geoCategory/104984/top-things-to-do-and-attractions-in-weymouth"},
{"manual_id": "10235", "place_id": "10235", "city_name": "Bled", "geoCategoryUrl": "https://wanderlog.com/list/geoCategory/105070/top-things-to-do-and-attractions-in-bled"},
{"manual_id": "10211", "place_id": "10211", "city_name": "Vila Nova de Gaia", "geoCategoryUrl": "https://wanderlog.com/list/geoCategory/105058/top-things-to-do-and-attractions-in-vila-nova-de-gaia"},
{"manual_id": "118", "place_id": "118", "city_name": "Kandy", "geoCategoryUrl": "https://wanderlog.com/list/geoCategory/104485/top-things-to-do-and-attractions-in-kandy"},
{"manual_id": "9937", "place_id": "9937", "city_name": "Scarborough", "geoCategoryUrl": "https://wanderlog.com/list/geoCategory/104905/top-things-to-do-and-attractions-in-scarborough"},
{"manual_id": "9861", "place_id": "9861", "city_name": "Innsbruck", "geoCategoryUrl": "https://wanderlog.com/list/geoCategory/104847/top-things-to-do-and-attractions-in-innsbruck"},
{"manual_id": "9917", "place_id": "9917", "city_name": "Lincoln", "geoCategoryUrl": "https://wanderlog.com/list/geoCategory/104888/top-things-to-do-and-attractions-in-lincoln"},
{"manual_id": "9727", "place_id": "9727", "city_name": "Thessaloniki", "geoCategoryUrl": "https://wanderlog.com/list/geoCategory/104740/top-things-to-do-and-attractions-in-thessaloniki"},
{"manual_id": "9734", "place_id": "9734", "city_name": "Galway", "geoCategoryUrl": "https://wanderlog.com/list/geoCategory/104746/top-things-to-do-and-attractions-in-galway"},
{"manual_id": "98", "place_id": "98", "city_name": "Bophut", "geoCategoryUrl": "https://wanderlog.com/list/geoCategory/104471/top-things-to-do-and-attractions-in-bophut"},
{"manual_id": "412", "place_id": "412", "city_name": "Munnar", "geoCategoryUrl": "https://wanderlog.com/list/geoCategory/104576/top-things-to-do-and-attractions-in-munnar"},
{"manual_id": "297", "place_id": "297", "city_name": "Leh", "geoCategoryUrl": "https://wanderlog.com/list/geoCategory/104551/top-things-to-do-and-attractions-in-leh"},
{"manual_id": "313", "place_id": "313", "city_name": "Manali Tehsil", "geoCategoryUrl": "https://wanderlog.com/list/geoCategory/104556/top-things-to-do-and-attractions-in-manali-tehsil"},
{"manual_id": "428", "place_id": "428", "city_name": "Shimla", "geoCategoryUrl": "https://wanderlog.com/list/geoCategory/104577/top-things-to-do-and-attractions-in-shimla"},
{"manual_id": "842", "place_id": "842", "city_name": "Kodaikanal", "geoCategoryUrl": "https://wanderlog.com/list/geoCategory/104612/top-things-to-do-and-attractions-in-kodaikanal"},
{"manual_id": "405", "place_id": "405", "city_name": "Dharamsala", "geoCategoryUrl": "https://wanderlog.com/list/geoCategory/104575/top-things-to-do-and-attractions-in-dharamsala"},
{"manual_id": "304", "place_id": "304", "city_name": "Chandigarh", "geoCategoryUrl": "https://wanderlog.com/list/geoCategory/104554/top-things-to-do-and-attractions-in-chandigarh"},
{"manual_id": "753", "place_id": "753", "city_name": "Thekkady", "geoCategoryUrl": "https://wanderlog.com/list/geoCategory/104608/top-things-to-do-and-attractions-in-thekkady"},
{"manual_id": "701", "place_id": "701", "city_name": "Lonavala", "geoCategoryUrl": "https://wanderlog.com/list/geoCategory/104604/top-things-to-do-and-attractions-in-lonavala"},
{"manual_id": "329", "place_id": "329", "city_name": "Bardez", "geoCategoryUrl": "https://wanderlog.com/list/geoCategory/104558/top-things-to-do-and-attractions-in-bardez"},
{"manual_id": "783", "place_id": "783", "city_name": "Haridwar", "geoCategoryUrl": "https://wanderlog.com/list/geoCategory/104610/top-things-to-do-and-attractions-in-haridwar"},
{"manual_id": "1868", "place_id": "1868", "city_name": "Baga", "geoCategoryUrl": "https://wanderlog.com/list/geoCategory/1587115/top-things-to-do-and-attractions-in-baga"},
{"manual_id": "787", "place_id": "787", "city_name": "Chikmagalur", "geoCategoryUrl": "https://wanderlog.com/list/geoCategory/1586787/top-things-to-do-and-attractions-in-chikmagalur"},
{"manual_id": "814", "place_id": "814", "city_name": "Canacona", "geoCategoryUrl": "https://wanderlog.com/list/geoCategory/1586800/top-things-to-do-and-attractions-in-canacona"},
{"manual_id": "2253", "place_id": "2253", "city_name": "Pahalgam", "geoCategoryUrl": "https://wanderlog.com/list/geoCategory/1587178/top-things-to-do-and-attractions-in-pahalgam"},
{"manual_id": "956", "place_id": "956", "city_name": "Ajmer", "geoCategoryUrl": "https://wanderlog.com/list/geoCategory/1586857/top-things-to-do-and-attractions-in-ajmer"},
{"manual_id": "461", "place_id": "461", "city_name": "Kannur", "geoCategoryUrl": "https://wanderlog.com/list/geoCategory/1586593/top-things-to-do-and-attractions-in-kannur"},
{"manual_id": "541", "place_id": "541", "city_name": "Thane", "geoCategoryUrl": "https://wanderlog.com/list/geoCategory/1586648/top-things-to-do-and-attractions-in-thane"},
{"manual_id": "2761", "place_id": "2761", "city_name": "Ganpatipule", "geoCategoryUrl": null},
{"manual_id": "2397", "place_id": "2397", "city_name": "Kasauli Tehsil", "geoCategoryUrl": "https://wanderlog.com/list/geoCategory/1587192/top-things-to-do-and-attractions-in-kasauli-tehsil"},
{"manual_id": "3684", "place_id": "3684", "city_name": "Kandaghat Tehsil", "geoCategoryUrl": "https://wanderlog.com/list/geoCategory/1587312/top-things-to-do-and-attractions-in-kandaghat-tehsil"},
{"manual_id": "1673", "place_id": "1673", "city_name": "Palampur", "geoCategoryUrl": "https://wanderlog.com/list/geoCategory/1587078/top-things-to-do-and-attractions-in-palampur"}
]