[
  {
    "_id": "10008",
    "name": "Lucerne"
  },
  {
    "_id": "10046",
    "name": "Ravenna"
  },
  {
    "_id": "10061",
    "name": "Versailles"
  },
  {
    "_id": "10064",
    "name": "Weymouth"
  },
  {
    "_id": "10074",
    "name": "Agrigento"
  },
  {
    "_id": "10211",
    "name": "Vila Nova de Gaia"
  },
  {
    "_id": "10219",
    "name": "Windsor"
  },
  {
    "_id": "10235",
    "name": "Bled"
  },
  {
    "_id": "11",
    "name": "Siem Reap"
  },
  {
    "_id": "11769",
    "name": "Lindos"
  },
  {
    "_id": "118",
    "name": "Kandy"
  },
  {
    "_id": "131078",
    "name": "Quito"
  },
  {
    "_id": "131079",
    "name": "Medellin"
  },
  {
    "_id": "131086",
    "name": "Florianopolis"
  },
  {
    "_id": "131083",
    "name": "Mendoza"
  },
  {
    "_id": "131090",
    "name": "San Carlos de Bariloche"
  },
  {
    "_id": "131093",
    "name": "Angra Dos Reis"
  },
  {
    "_id": "131094",
    "name": "Paraty"
  },
  {
    "_id": "131100",
    "name": "Natal"
  },
  {
    "_id": "131115",
    "name": "Maceio"
  },
  {
    "_id": "131117",
    "name": "Ouro Preto"
  },
  {
    "_id": "131118",
    "name": "Porto Seguro"
  },
  {
    "_id": "131132",
    "name": "Petropolis"
  },
  {
    "_id": "131134",
    "name": "Jijoca de Jericoacoara"
  },
  {
    "_id": "131150",
    "name": "Ipojuca"
  },
  {
    "_id": "131318",
    "name": "Machu Picchu"
  },
  {
    "_id": "131360",
    "name": "Maragogi"
  },
  {
    "_id": "131478",
    "name": "Mata de Sao Joao"
  },
  {
    "_id": "15",
    "name": "Hong Kong"
  },
  {
    "_id": "176",
    "name": "Karon"
  },
  {
    "_id": "18",
    "name": "Taipei"
  },
  {
    "_id": "184",
    "name": "Luang Prabang"
  },
  {
    "_id": "1868",
    "name": "Baga"
  },
  {
    "_id": "19",
    "name": "Chiang Mai"
  },
  {
    "_id": "20",
    "name": "Yokohama"
  },
  {
    "_id": "2",
    "name": "Kyoto"
  },
  {
    "_id": "21",
    "name": "Hoi An"
  },
  {
    "_id": "22",
    "name": "Ubud"
  },
  {
    "_id": "2253",
    "name": "Pahalgam"
  },
  {
    "_id": "23",
    "name": "Minato"
  },
  {
    "_id": "24",
    "name": "Jaipur"
  },
  {
    "_id": "28",
    "name": "Taito"
  },
  {
    "_id": "29",
    "name": "Sapporo"
  },
  {
    "_id": "297",
    "name": "Leh"
  },
  {
    "_id": "30",
    "name": "Nagoya"
  },
  {
    "_id": "3",
    "name": "Osaka"
  },
  {
    "_id": "304",
    "name": "Chandigarh"
  },
  {
    "_id": "31",
    "name": "Fukuoka"
  },
  {
    "_id": "313",
    "name": "Manali Tehsil"
  },
  {
    "_id": "32",
    "name": "Shinjuku"
  },
  {
    "_id": "329",
    "name": "Bardez"
  },
  {
    "_id": "34",
    "name": "Kobe"
  },
  {
    "_id": "37",
    "name": "Kuta"
  },
  {
    "_id": "38",
    "name": "Shibuya"
  },
  {
    "_id": "405",
    "name": "Dharamsala"
  },
  {
    "_id": "41",
    "name": "New Taipei"
  },
  {
    "_id": "412",
    "name": "Munnar"
  },
  {
    "_id": "42",
    "name": "Chiyoda"
  },
  {
    "_id": "428",
    "name": "Shimla"
  },
  {
    "_id": "461",
    "name": "Kannur"
  },
  {
    "_id": "51",
    "name": "Phuket Town"
  },
  {
    "_id": "53",
    "name": "Kathu"
  },
  {
    "_id": "541",
    "name": "Thane"
  },
  {
    "_id": "58049",
    "name": "Ottawa"
  },
  {
    "_id": "58150",
    "name": "San Diego"
  },
  {
    "_id": "58170",
    "name": "Charleston"
  },
  {
    "_id": "58175",
    "name": "Saint Louis"
  },
  {
    "_id": "58182",
    "name": "Greater Palm Springs"
  },
  {
    "_id": "58183",
    "name": "Branson"
  },
  {
    "_id": "58187",
    "name": "Sarasota"
  },
  {
    "_id": "58191",
    "name": "Albuquerque"
  },
  {
    "_id": "58198",
    "name": "Anchorage"
  },
  {
    "_id": "59",
    "name": "Hiroshima"
  },
  {
    "_id": "68",
    "name": "Kochi (Cochin)"
  },
  {
    "_id": "701",
    "name": "Lonavala"
  },
  {
    "_id": "753",
    "name": "Thekkady"
  },
  {
    "_id": "783",
    "name": "Haridwar"
  },
  {
    "_id": "787",
    "name": "Chikmagalur"
  },
  {
    "_id": "78744",
    "name": "Panama City"
  },
  {
    "_id": "78752",
    "name": "La Fortuna de San Carlos"
  },
  {
    "_id": "79",
    "name": "Krabi Town"
  },
  {
    "_id": "79306",
    "name": "Johannesburg"
  },
  {
    "_id": "79309",
    "name": "Sharm El Sheikh"
  },
  {
    "_id": "79303",
    "name": "Nairobi"
  },
  {
    "_id": "80",
    "name": "Pattaya"
  },
  {
    "_id": "81180",
    "name": "Punta Cana"
  },
  {
    "_id": "81194",
    "name": "Nassau"
  },
  {
    "_id": "81226",
    "name": "Varadero"
  },
  {
    "_id": "814",
    "name": "Canacona"
  },
  {
    "_id": "81904",
    "name": "Cancun"
  },
  {
    "_id": "81905",
    "name": "Playa del Carmen"
  },
  {
    "_id": "81909",
    "name": "Tulum"
  },
  {
    "_id": "82574",
    "name": "Sydney"
  },
  {
    "_id": "82576",
    "name": "Auckland"
  },
  {
    "_id": "82578",
    "name": "Gold Coast"
  },
  {
    "_id": "82581",
    "name": "Adelaide"
  },
  {
    "_id": "82585",
    "name": "Canberra"
  },
  {
    "_id": "82593",
    "name": "Rotorua"
  },
  {
    "_id": "82594",
    "name": "Dunedin"
  },
  {
    "_id": "842",
    "name": "Kodaikanal"
  },
  {
    "_id": "85939",
    "name": "Dubai"
  },
  {
    "_id": "85940",
    "name": "Tel Aviv"
  },
  {
    "_id": "956",
    "name": "Ajmer"
  },
  {
    "_id": "9630",
    "name": "Florence"
  },
  {
    "_id": "9635",
    "name": "Naples"
  },
  {
    "_id": "9636",
    "name": "Edinburgh"
  },
  {
    "_id": "9637",
    "name": "Athens"
  },
  {
    "_id": "9643",
    "name": "Copenhagen"
  },
  {
    "_id": "9649",
    "name": "Brussels"
  },
  {
    "_id": "9656",
    "name": "Reykjavik"
  },
  {
    "_id": "9654",
    "name": "Palermo"
  },
  {
    "_id": "9663",
    "name": "Bordeaux"
  },
  {
    "_id": "9666",
    "name": "Birmingham"
  },
  {
    "_id": "9668",
    "name": "Zurich"
  },
  {
    "_id": "9670",
    "name": "Lyon"
  },
  {
    "_id": "9676",
    "name": "Sofia"
  },
  {
    "_id": "9677",
    "name": "Sochi"
  },
  {
    "_id": "9679",
    "name": "Tallinn"
  },
  {
    "_id": "9683",
    "name": "Genoa"
  },
  {
    "_id": "9689",
    "name": "Leeds"
  },
  {
    "_id": "9687",
    "name": "Belgrade"
  },
  {
    "_id": "9690",
    "name": "Padua"
  },
  {
    "_id": "9691",
    "name": "Trieste"
  },
  {
    "_id": "9694",
    "name": "Split"
  },
  {
    "_id": "9696",
    "name": "Bratislava"
  },
  {
    "_id": "9707",
    "name": "York"
  },
  {
    "_id": "9712",
    "name": "Cardiff"
  },
  {
    "_id": "9709",
    "name": "Toulouse"
  },
  {
    "_id": "9713",
    "name": "Newcastle upon Tyne"
  },
  {
    "_id": "9711",
    "name": "Verona"
  },
  {
    "_id": "9723",
    "name": "Oxford"
  },
  {
    "_id": "9725",
    "name": "The Hague"
  },
  {
    "_id": "9724",
    "name": "Geneva"
  },
  {
    "_id": "9727",
    "name": "Thessaloniki"
  },
  {
    "_id": "9730",
    "name": "Bath"
  },
  {
    "_id": "9734",
    "name": "Galway"
  },
  {
    "_id": "9745",
    "name": "Bruges"
  },
  {
    "_id": "9735",
    "name": "Funchal"
  },
  {
    "_id": "9763",
    "name": "Paphos"
  },
  {
    "_id": "9751",
    "name": "Strasbourg"
  },
  {
    "_id": "9756",
    "name": "Rimini"
  },
  {
    "_id": "9765",
    "name": "Albufeira"
  },
  {
    "_id": "9767",
    "name": "Pisa"
  },
  {
    "_id": "9792",
    "name": "Maspalomas"
  },
  {
    "_id": "9799",
    "name": "Nantes"
  },
  {
    "_id": "9798",
    "name": "Blackpool"
  },
  {
    "_id": "9800",
    "name": "Syracuse"
  },
  {
    "_id": "9801",
    "name": "Bergen"
  },
  {
    "_id": "98",
    "name": "Bophut"
  },
  {
    "_id": "9802",
    "name": "Siena"
  },
  {
    "_id": "9803",
    "name": "Portsmouth"
  },
  {
    "_id": "9826",
    "name": "Adeje"
  },
  {
    "_id": "9836",
    "name": "Killarney"
  },
  {
    "_id": "9838",
    "name": "Santiago de Compostela"
  },
  {
    "_id": "9840",
    "name": "Lucca"
  },
  {
    "_id": "9850",
    "name": "Chester"
  },
  {
    "_id": "9861",
    "name": "Innsbruck"
  },
  {
    "_id": "9889",
    "name": "Benalmadena"
  },
  {
    "_id": "9891",
    "name": "Matera"
  },
  {
    "_id": "9903",
    "name": "Carcassonne"
  },
  {
    "_id": "9917",
    "name": "Lincoln"
  },
  {
    "_id": "9919",
    "name": "Avignon"
  },
  {
    "_id": "9935",
    "name": "Taormina"
  },
  {
    "_id": "9937",
    "name": "Scarborough"
  },
  {
    "_id": "9945",
    "name": "Assisi"
  },
  {
    "_id": "9998",
    "name": "Llandudno"
  }
]